fecha_inicio_semana,anio,semana_epidemiologica,departamento,provincia,distrito,region_natural,poblacion,fase_proyecto,indice_oni_nino,temperatura_media_c,precipitacion_mm,humedad_relativa_pct,viviendas_inspeccionadas,viviendas_positivas_larvas,indice_aedico_pct,casos_confirmados,casos_graves,hospitalizaciones,fallecidos,letalidad_pct,tasa_incidencia_100k,casos_predichos_modelo,error_absoluto,nivel_alerta_modelo,alerta_temprana_emitida,brote_observado,intervencion_focalizada,cobertura_intervencion_pct,casos_esperados_sin_intervencion,casos_evitados
2023-01-01,2023,1,La Libertad,Trujillo,El Porvenir,Costa,195000,Linea base,0.57,29.2,31.7,79.5,657,47,7.17,36,1,2,0,0.0,18.46,48,12,Rojo,1,1,0,0.0,36,0
2023-01-01,2023,1,La Libertad,Trujillo,La Esperanza,Costa,190000,Linea base,0.57,29.3,30.5,81.0,639,38,6.02,38,0,2,0,0.0,20.0,38,0,Rojo,1,1,0,0.0,38,0
2023-01-01,2023,1,La Libertad,Trujillo,Trujillo,Costa,320000,Linea base,0.57,28.6,29.2,80.4,785,60,7.6,47,1,4,0,0.0,14.69,58,11,Rojo,1,1,0,0.0,47,0
2023-01-01,2023,1,Lambayeque,Chiclayo,Chiclayo,Costa,290000,Linea base,0.57,28.1,23.8,81.7,855,62,7.21,55,1,1,0,0.0,18.97,49,6,Rojo,1,1,0,0.0,55,0
2023-01-01,2023,1,Lambayeque,Chiclayo,Jose Leonardo Ortiz,Costa,195000,Linea base,0.57,29.3,27.0,80.0,831,53,6.36,48,1,2,0,0.0,24.62,41,7,Rojo,1,1,0,0.0,48,0
2023-01-01,2023,1,Lima,Lima,Comas,Costa,525000,Linea base,0.57,30.1,33.6,79.6,1304,88,6.78,28,2,4,1,3.57,5.33,29,1,Amarillo,0,0,0,0.0,28,0
2023-01-01,2023,1,Lima,Lima,San Juan de Lurigancho,Costa,1120000,Linea base,0.57,27.9,29.6,81.0,2243,137,6.09,47,0,4,0,0.0,4.2,58,11,Amarillo,0,0,0,0.0,47,0
2023-01-01,2023,1,Lima,Lima,Villa El Salvador,Costa,395000,Linea base,0.57,29.5,31.2,80.4,1097,73,6.7,24,0,0,0,0.0,6.08,23,1,Amarillo,0,0,0,0.0,24,0
2023-01-01,2023,1,Loreto,Maynas,Belen,Selva,78000,Linea base,0.57,29.4,79.8,86.4,198,20,10.13,29,1,3,0,0.0,37.18,30,1,Rojo,1,1,0,0.0,29,0
2023-01-01,2023,1,Loreto,Maynas,Iquitos,Selva,165000,Linea base,0.57,28.7,87.6,88.1,447,47,10.61,38,0,2,0,0.0,23.03,40,2,Rojo,1,1,0,0.0,38,0
2023-01-01,2023,1,Piura,Piura,Castilla,Costa,145000,Linea base,0.57,29.2,34.4,79.0,488,39,7.89,49,1,1,0,0.0,33.79,45,4,Rojo,1,1,0,0.0,49,0
2023-01-01,2023,1,Piura,Piura,Catacaos,Costa,72000,Linea base,0.57,29.9,26.5,76.8,121,10,8.12,19,1,1,0,0.0,26.39,23,4,Rojo,1,1,0,0.0,19,0
2023-01-01,2023,1,Piura,Piura,Piura,Costa,215000,Linea base,0.57,28.5,25.0,80.2,855,58,6.83,63,2,6,0,0.0,29.3,67,4,Rojo,1,1,0,0.0,63,0
2023-01-01,2023,1,Piura,Sullana,Sullana,Costa,180000,Linea base,0.57,27.9,30.2,80.6,317,21,6.51,36,0,1,0,0.0,20.0,41,5,Rojo,1,1,0,0.0,36,0
2023-01-01,2023,1,Ucayali,Coronel P.,Calleria,Selva,200000,Linea base,0.57,28.8,108.4,90.0,671,73,10.81,55,1,1,0,0.0,27.5,82,27,Rojo,1,1,0,0.0,55,0
2023-01-01,2023,1,Ucayali,Coronel P.,Yarinacocha,Selva,105000,Linea base,0.57,27.9,100.1,91.8,349,35,9.91,34,0,2,0,0.0,32.38,28,6,Rojo,1,1,0,0.0,34,0
2023-01-08,2023,2,La Libertad,Trujillo,El Porvenir,Costa,195000,Linea base,0.62,28.2,29.6,84.5,418,36,8.63,44,2,5,0,0.0,22.56,42,2,Rojo,1,1,0,0.0,44,0
2023-01-08,2023,2,La Libertad,Trujillo,La Esperanza,Costa,190000,Linea base,0.62,29.3,27.6,82.5,595,49,8.18,33,0,3,0,0.0,17.37,45,12,Rojo,1,1,0,0.0,33,0
2023-01-08,2023,2,La Libertad,Trujillo,Trujillo,Costa,320000,Linea base,0.62,30.1,34.5,78.0,775,69,8.93,64,1,3,1,1.56,20.0,74,10,Rojo,1,1,0,0.0,64,0
2023-01-08,2023,2,Lambayeque,Chiclayo,Chiclayo,Costa,290000,Linea base,0.62,29.1,28.9,79.8,795,66,8.35,51,2,3,1,1.96,17.59,59,8,Rojo,1,1,0,0.0,51,0
2023-01-08,2023,2,Lambayeque,Chiclayo,Jose Leonardo Ortiz,Costa,195000,Linea base,0.62,29.0,34.4,82.4,557,46,8.32,49,0,1,0,0.0,25.13,41,8,Rojo,1,1,0,0.0,49,0
2023-01-08,2023,2,Lima,Lima,Comas,Costa,525000,Linea base,0.62,29.8,38.5,79.6,1553,139,8.93,40,2,4,0,0.0,7.62,31,9,Amarillo,0,0,0,0.0,40,0
2023-01-08,2023,2,Lima,Lima,San Juan de Lurigancho,Costa,1120000,Linea base,0.62,30.3,28.5,84.3,3144,283,9.0,95,3,9,0,0.0,8.48,77,18,Amarillo,0,0,0,0.0,95,0
2023-01-08,2023,2,Lima,Lima,Villa El Salvador,Costa,395000,Linea base,0.62,29.6,28.5,80.1,1393,112,8.04,12,1,2,0,0.0,3.04,26,14,Amarillo,0,0,0,0.0,12,0
2023-01-08,2023,2,Loreto,Maynas,Belen,Selva,78000,Linea base,0.62,28.1,94.4,89.6,148,19,13.08,30,0,2,0,0.0,38.46,24,6,Rojo,1,1,0,0.0,30,0
2023-01-08,2023,2,Loreto,Maynas,Iquitos,Selva,165000,Linea base,0.62,28.2,103.6,90.0,388,51,13.22,46,2,3,0,0.0,27.88,51,5,Rojo,1,1,0,0.0,46,0
2023-01-08,2023,2,Piura,Piura,Castilla,Costa,145000,Linea base,0.62,29.5,27.7,82.3,360,32,8.91,39,2,2,0,0.0,26.9,48,9,Rojo,1,1,0,0.0,39,0
2023-01-08,2023,2,Piura,Piura,Catacaos,Costa,72000,Linea base,0.62,29.5,37.3,82.9,312,32,10.38,31,0,2,0,0.0,43.06,25,6,Rojo,1,1,0,0.0,31,0
2023-01-08,2023,2,Piura,Piura,Piura,Costa,215000,Linea base,0.62,28.9,27.4,84.2,491,41,8.34,73,1,5,0,0.0,33.95,69,4,Rojo,1,1,0,0.0,73,0
2023-01-08,2023,2,Piura,Sullana,Sullana,Costa,180000,Linea base,0.62,30.6,30.8,84.2,343,33,9.57,56,2,6,0,0.0,31.11,59,3,Rojo,1,1,0,0.0,56,0
2023-01-08,2023,2,Ucayali,Coronel P.,Calleria,Selva,200000,Linea base,0.62,27.8,123.3,88.3,322,43,13.37,81,3,12,0,0.0,40.5,64,17,Rojo,1,1,0,0.0,81,0
2023-01-08,2023,2,Ucayali,Coronel P.,Yarinacocha,Selva,105000,Linea base,0.62,28.0,101.9,88.2,120,15,12.87,35,0,2,0,0.0,33.33,42,7,Rojo,1,1,0,0.0,35,0
2023-01-15,2023,3,La Libertad,Trujillo,El Porvenir,Costa,195000,Linea base,0.67,28.9,38.4,78.6,641,59,9.25,54,0,2,0,0.0,27.69,44,10,Rojo,1,1,0,0.0,54,0
2023-01-15,2023,3,La Libertad,Trujillo,La Esperanza,Costa,190000,Linea base,0.67,31.4,27.0,84.5,750,71,9.49,62,0,3,0,0.0,32.63,50,12,Rojo,1,1,0,0.0,62,0
2023-01-15,2023,3,La Libertad,Trujillo,Trujillo,Costa,320000,Linea base,0.67,28.4,34.8,81.5,684,61,8.91,67,1,4,0,0.0,20.94,66,1,Rojo,1,1,0,0.0,67,0
2023-01-15,2023,3,Lambayeque,Chiclayo,Chiclayo,Costa,290000,Linea base,0.67,29.6,32.8,80.2,817,73,8.92,82,3,3,0,0.0,28.28,61,21,Rojo,1,1,0,0.0,82,0
2023-01-15,2023,3,Lambayeque,Chiclayo,Jose Leonardo Ortiz,Costa,195000,Linea base,0.67,28.8,35.5,81.5,139,13,9.44,47,3,6,0,0.0,24.1,64,17,Rojo,1,1,0,0.0,47,0
2023-01-15,2023,3,Lima,Lima,Comas,Costa,525000,Linea base,0.67,30.0,41.0,82.8,966,94,9.76,42,1,3,0,0.0,8.0,43,1,Amarillo,0,0,0,0.0,42,0
2023-01-15,2023,3,Lima,Lima,San Juan de Lurigancho,Costa,1120000,Linea base,0.67,30.4,28.2,80.7,937,85,9.06,96,2,6,0,0.0,8.57,95,1,Amarillo,0,0,0,0.0,96,0
2023-01-15,2023,3,Lima,Lima,Villa El Salvador,Costa,395000,Linea base,0.67,29.8,35.5,79.0,1072,90,8.39,29,2,2,0,0.0,7.34,19,10,Verde,0,0,0,0.0,29,0
2023-01-15,2023,3,Loreto,Maynas,Belen,Selva,78000,Linea base,0.67,28.0,95.3,91.4,206,28,13.53,40,4,7,0,0.0,51.28,32,8,Rojo,1,1,0,0.0,40,0
2023-01-15,2023,3,Loreto,Maynas,Iquitos,Selva,165000,Linea base,0.67,29.3,112.0,90.6,353,53,15.15,51,2,3,0,0.0,30.91,38,13,Rojo,1,1,0,0.0,51,0
2023-01-15,2023,3,Piura,Piura,Castilla,Costa,145000,Linea base,0.67,29.8,35.8,78.1,445,47,10.55,43,1,5,0,0.0,29.66,43,0,Rojo,1,1,0,0.0,43,0
2023-01-15,2023,3,Piura,Piura,Catacaos,Costa,72000,Linea base,0.67,30.4,35.2,82.4,164,17,10.62,24,0,3,0,0.0,33.33,34,10,Rojo,1,1,0,0.0,24,0
2023-01-15,2023,3,Piura,Piura,Piura,Costa,215000,Linea base,0.67,29.5,29.2,83.6,271,25,9.41,64,6,10,0,0.0,29.77,78,14,Rojo,1,1,0,0.0,64,0
2023-01-15,2023,3,Piura,Sullana,Sullana,Costa,180000,Linea base,0.67,29.6,35.6,78.6,598,55,9.22,65,1,6,0,0.0,36.11,49,16,Rojo,1,1,0,0.0,65,0
2023-01-15,2023,3,Ucayali,Coronel P.,Calleria,Selva,200000,Linea base,0.67,29.2,109.9,88.3,353,52,14.63,72,4,5,0,0.0,36.0,81,9,Rojo,1,1,0,0.0,72,0
2023-01-15,2023,3,Ucayali,Coronel P.,Yarinacocha,Selva,105000,Linea base,0.67,29.4,84.6,89.4,203,29,14.09,37,3,3,0,0.0,35.24,46,9,Rojo,1,1,0,0.0,37,0
2023-01-22,2023,4,La Libertad,Trujillo,El Porvenir,Costa,195000,Linea base,0.71,30.0,36.1,80.0,762,75,9.79,59,3,4,0,0.0,30.26,60,1,Rojo,1,1,0,0.0,59,0
2023-01-22,2023,4,La Libertad,Trujillo,La Esperanza,Costa,190000,Linea base,0.71,29.3,44.0,81.5,506,51,10.17,58,4,5,0,0.0,30.53,54,4,Rojo,1,1,0,0.0,58,0
2023-01-22,2023,4,La Libertad,Trujillo,Trujillo,Costa,320000,Linea base,0.71,30.1,33.5,79.5,1015,92,9.05,88,3,5,0,0.0,27.5,63,25,Rojo,1,1,0,0.0,88,0
2023-01-22,2023,4,Lambayeque,Chiclayo,Chiclayo,Costa,290000,Linea base,0.71,30.1,29.1,83.2,382,36,9.36,68,2,5,0,0.0,23.45,85,17,Rojo,1,1,0,0.0,68,0
2023-01-22,2023,4,Lambayeque,Chiclayo,Jose Leonardo Ortiz,Costa,195000,Linea base,0.71,31.1,32.9,81.6,530,57,10.8,73,0,3,0,0.0,37.44,72,1,Rojo,1,1,0,0.0,73,0
2023-01-22,2023,4,Lima,Lima,Comas,Costa,525000,Linea base,0.71,30.2,38.1,85.2,1186,116,9.76,34,0,2,0,0.0,6.48,50,16,Amarillo,0,0,0,0.0,34,0
2023-01-22,2023,4,Lima,Lima,San Juan de Lurigancho,Costa,1120000,Linea base,0.71,29.6,39.0,84.5,2092,207,9.91,92,4,6,0,0.0,8.21,104,12,Amarillo,0,0,0,0.0,92,0
2023-01-22,2023,4,Lima,Lima,Villa El Salvador,Costa,395000,Linea base,0.71,29.4,40.8,87.2,976,92,9.43,31,0,2,0,0.0,7.85,24,7,Amarillo,0,0,0,0.0,31,0
2023-01-22,2023,4,Loreto,Maynas,Belen,Selva,78000,Linea base,0.71,29.1,115.8,89.9,243,37,15.02,29,1,3,0,0.0,37.18,38,9,Rojo,1,1,0,0.0,29,0
2023-01-22,2023,4,Loreto,Maynas,Iquitos,Selva,165000,Linea base,0.71,28.6,125.5,88.5,232,35,14.88,43,1,3,0,0.0,26.06,73,30,Rojo,1,1,0,0.0,43,0
2023-01-22,2023,4,Piura,Piura,Castilla,Costa,145000,Linea base,0.71,31.1,36.9,81.6,407,45,11.11,63,1,3,0,0.0,43.45,59,4,Rojo,1,1,0,0.0,63,0
2023-01-22,2023,4,Piura,Piura,Catacaos,Costa,72000,Linea base,0.71,30.8,38.1,83.7,156,19,12.37,29,3,5,0,0.0,40.28,26,3,Rojo,1,1,0,0.0,29,0
2023-01-22,2023,4,Piura,Piura,Piura,Costa,215000,Linea base,0.71,30.1,38.9,79.7,217,23,10.69,86,0,1,0,0.0,40.0,90,4,Rojo,1,1,0,0.0,86,0
2023-01-22,2023,4,Piura,Sullana,Sullana,Costa,180000,Linea base,0.71,29.0,37.3,82.5,552,54,9.82,64,6,8,0,0.0,35.56,82,18,Rojo,1,1,0,0.0,64,0
2023-01-22,2023,4,Ucayali,Coronel P.,Calleria,Selva,200000,Linea base,0.71,28.5,144.3,89.0,639,99,15.47,72,2,5,0,0.0,36.0,80,8,Rojo,1,1,0,0.0,72,0
2023-01-22,2023,4,Ucayali,Coronel P.,Yarinacocha,Selva,105000,Linea base,0.71,29.2,106.2,89.5,311,46,14.63,53,2,5,0,0.0,50.48,37,16,Rojo,1,1,0,0.0,53,0
2023-01-29,2023,5,La Libertad,Trujillo,El Porvenir,Costa,195000,Linea base,0.76,29.6,36.2,82.4,397,40,10.16,75,3,6,0,0.0,38.46,73,2,Rojo,1,1,0,0.0,75,0
2023-01-29,2023,5,La Libertad,Trujillo,La Esperanza,Costa,190000,Linea base,0.76,29.3,35.7,81.3,625,61,9.74,61,3,8,0,0.0,32.11,51,10,Rojo,1,1,0,0.0,61,0
2023-01-29,2023,5,La Libertad,Trujillo,Trujillo,Costa,320000,Linea base,0.76,31.8,42.0,82.8,660,63,9.58,90,4,9,1,1.11,28.12,102,12,Rojo,1,1,0,0.0,90,0
2023-01-29,2023,5,Lambayeque,Chiclayo,Chiclayo,Costa,290000,Linea base,0.76,29.5,37.9,84.0,788,83,10.51,84,4,4,0,0.0,28.97,55,29,Rojo,1,1,0,0.0,84,0
2023-01-29,2023,5,Lambayeque,Chiclayo,Jose Leonardo Ortiz,Costa,195000,Linea base,0.76,30.3,37.1,80.9,654,70,10.64,86,1,5,0,0.0,44.1,70,16,Rojo,1,1,0,0.0,86,0
2023-01-29,2023,5,Lima,Lima,Comas,Costa,525000,Linea base,0.76,30.4,35.3,82.0,1748,164,9.39,39,0,2,0,0.0,7.43,45,6,Amarillo,0,0,0,0.0,39,0
2023-01-29,2023,5,Lima,Lima,San Juan de Lurigancho,Costa,1120000,Linea base,0.76,29.8,43.1,81.4,3438,349,10.14,107,5,9,0,0.0,9.55,122,15,Amarillo,0,0,0,0.0,107,0
2023-01-29,2023,5,Lima,Lima,Villa El Salvador,Costa,395000,Linea base,0.76,30.6,39.6,82.9,720,74,10.27,36,1,2,0,0.0,9.11,35,1,Amarillo,0,0,0,0.0,36,0
2023-01-29,2023,5,Loreto,Maynas,Belen,Selva,78000,Linea base,0.76,29.2,123.2,89.7,124,19,15.65,29,1,2,0,0.0,37.18,39,10,Rojo,1,1,0,0.0,29,0
2023-01-29,2023,5,Loreto,Maynas,Iquitos,Selva,165000,Linea base,0.76,29.3,119.4,86.9,359,57,15.83,58,3,5,0,0.0,35.15,58,0,Rojo,1,1,0,0.0,58,0
2023-01-29,2023,5,Piura,Piura,Castilla,Costa,145000,Linea base,0.76,30.1,36.3,85.0,277,29,10.6,66,0,3,0,0.0,45.52,54,12,Rojo,1,1,0,0.0,66,0
2023-01-29,2023,5,Piura,Piura,Catacaos,Costa,72000,Linea base,0.76,30.0,32.5,81.9,205,22,10.66,48,1,2,0,0.0,66.67,33,15,Rojo,1,1,0,0.0,48,0
2023-01-29,2023,5,Piura,Piura,Piura,Costa,215000,Linea base,0.76,29.9,41.2,82.5,748,86,11.45,121,5,10,0,0.0,56.28,100,21,Rojo,1,1,0,0.0,121,0
2023-01-29,2023,5,Piura,Sullana,Sullana,Costa,180000,Linea base,0.76,28.9,39.0,82.5,581,62,10.61,74,5,7,0,0.0,41.11,90,16,Rojo,1,1,0,0.0,74,0
2023-01-29,2023,5,Ucayali,Coronel P.,Calleria,Selva,200000,Linea base,0.76,29.2,123.8,92.8,542,89,16.44,74,4,8,0,0.0,37.0,90,16,Rojo,1,1,0,0.0,74,0
2023-01-29,2023,5,Ucayali,Coronel P.,Yarinacocha,Selva,105000,Linea base,0.76,29.3,128.8,92.1,236,37,15.57,37,5,6,0,0.0,35.24,47,10,Rojo,1,1,0,0.0,37,0
2023-02-05,2023,6,La Libertad,Trujillo,El Porvenir,Costa,195000,Linea base,0.8,29.0,39.8,83.1,557,57,10.16,85,4,10,1,1.18,43.59,91,6,Rojo,1,1,0,0.0,85,0
2023-02-05,2023,6,La Libertad,Trujillo,La Esperanza,Costa,190000,Linea base,0.8,30.7,36.7,80.7,429,45,10.57,68,3,5,1,1.47,35.79,69,1,Rojo,1,1,0,0.0,68,0
2023-02-05,2023,6,La Libertad,Trujillo,Trujillo,Costa,320000,Linea base,0.8,29.8,33.9,83.9,1150,119,10.37,89,0,3,0,0.0,27.81,108,19,Rojo,1,1,0,0.0,89,0
2023-02-05,2023,6,Lambayeque,Chiclayo,Chiclayo,Costa,290000,Linea base,0.8,29.9,46.0,85.6,570,60,10.51,101,1,11,0,0.0,34.83,107,6,Rojo,1,1,0,0.0,101,0
2023-02-05,2023,6,Lambayeque,Chiclayo,Jose Leonardo Ortiz,Costa,195000,Linea base,0.8,30.5,42.7,83.5,498,57,11.37,80,5,11,0,0.0,41.03,91,11,Rojo,1,1,0,0.0,80,0
2023-02-05,2023,6,Lima,Lima,Comas,Costa,525000,Linea base,0.8,30.2,40.3,80.0,1319,127,9.6,47,0,3,0,0.0,8.95,41,6,Amarillo,0,0,0,0.0,47,0
2023-02-05,2023,6,Lima,Lima,San Juan de Lurigancho,Costa,1120000,Linea base,0.8,30.9,44.3,84.2,1152,123,10.71,119,8,11,2,1.68,10.62,138,19,Rojo,1,0,0,0.0,119,0
2023-02-05,2023,6,Lima,Lima,Villa El Salvador,Costa,395000,Linea base,0.8,30.0,42.1,81.7,407,39,9.56,29,1,4,0,0.0,7.34,30,1,Amarillo,0,0,0,0.0,29,0
2023-02-05,2023,6,Loreto,Maynas,Belen,Selva,78000,Linea base,0.8,28.9,90.7,88.5,251,37,14.87,27,2,3,0,0.0,34.62,34,7,Rojo,1,1,0,0.0,27,0
2023-02-05,2023,6,Loreto,Maynas,Iquitos,Selva,165000,Linea base,0.8,27.9,119.4,88.7,303,46,15.31,53,2,8,0,0.0,32.12,61,8,Rojo,1,1,0,0.0,53,0
2023-02-05,2023,6,Piura,Piura,Castilla,Costa,145000,Linea base,0.8,29.4,39.5,84.9,246,25,10.33,73,3,10,0,0.0,50.34,49,24,Rojo,1,1,0,0.0,73,0
2023-02-05,2023,6,Piura,Piura,Catacaos,Costa,72000,Linea base,0.8,31.3,40.0,80.9,159,16,10.2,38,0,2,0,0.0,52.78,48,10,Rojo,1,1,0,0.0,38,0
2023-02-05,2023,6,Piura,Piura,Piura,Costa,215000,Linea base,0.8,28.6,32.1,84.7,555,57,10.32,116,0,2,0,0.0,53.95,119,3,Rojo,1,1,0,0.0,116,0
2023-02-05,2023,6,Piura,Sullana,Sullana,Costa,180000,Linea base,0.8,29.4,42.1,84.2,547,61,11.21,91,0,2,0,0.0,50.56,78,13,Rojo,1,1,0,0.0,91,0
2023-02-05,2023,6,Ucayali,Coronel P.,Calleria,Selva,200000,Linea base,0.8,28.0,98.1,89.9,588,87,14.79,80,2,5,0,0.0,40.0,71,9,Rojo,1,1,0,0.0,80,0
2023-02-05,2023,6,Ucayali,Coronel P.,Yarinacocha,Selva,105000,Linea base,0.8,28.7,151.9,87.8,382,66,17.23,59,0,3,0,0.0,56.19,49,10,Rojo,1,1,0,0.0,59,0
2023-02-12,2023,7,La Libertad,Trujillo,El Porvenir,Costa,195000,Linea base,0.84,31.1,48.1,77.3,527,54,10.15,76,1,3,0,0.0,38.97,75,1,Rojo,1,1,0,0.0,76,0
2023-02-12,2023,7,La Libertad,Trujillo,La Esperanza,Costa,190000,Linea base,0.84,31.7,46.8,81.4,332,35,10.69,62,2,3,0,0.0,32.63,64,2,Rojo,1,1,0,0.0,62,0
2023-02-12,2023,7,La Libertad,Trujillo,Trujillo,Costa,320000,Linea base,0.84,30.3,47.5,82.5,1164,123,10.54,95,3,12,0,0.0,29.69,110,15,Rojo,1,1,0,0.0,95,0
2023-02-12,2023,7,Lambayeque,Chiclayo,Chiclayo,Costa,290000,Linea base,0.84,30.5,40.0,82.3,499,55,11.06,92,4,7,0,0.0,31.72,116,24,Rojo,1,1,0,0.0,92,0
2023-02-12,2023,7,Lambayeque,Chiclayo,Jose Leonardo Ortiz,Costa,195000,Linea base,0.84,28.9,44.1,84.5,500,57,11.48,95,1,6,0,0.0,48.72,88,7,Rojo,1,1,0,0.0,95,0
2023-02-12,2023,7,Lima,Lima,Comas,Costa,525000,Linea base,0.84,30.5,40.9,83.6,1325,130,9.84,49,3,5,0,0.0,9.33,48,1,Amarillo,0,0,0,0.0,49,0
2023-02-12,2023,7,Lima,Lima,San Juan de Lurigancho,Costa,1120000,Linea base,0.84,30.5,45.5,83.5,2841,306,10.76,138,3,10,0,0.0,12.32,137,1,Rojo,1,1,0,0.0,138,0
2023-02-12,2023,7,Lima,Lima,Villa El Salvador,Costa,395000,Linea base,0.84,31.6,35.6,80.7,1259,130,10.32,31,1,3,0,0.0,7.85,34,3,Amarillo,0,0,0,0.0,31,0
2023-02-12,2023,7,Loreto,Maynas,Belen,Selva,78000,Linea base,0.84,28.7,109.2,91.6,210,31,14.72,46,2,2,0,0.0,58.97,42,4,Rojo,1,1,0,0.0,46,0
2023-02-12,2023,7,Loreto,Maynas,Iquitos,Selva,165000,Linea base,0.84,28.3,112.8,89.3,244,39,15.82,62,4,6,0,0.0,37.58,64,2,Rojo,1,1,0,0.0,62,0
2023-02-12,2023,7,Piura,Piura,Castilla,Costa,145000,Linea base,0.84,30.6,42.6,83.7,457,51,11.22,77,2,5,0,0.0,53.1,63,14,Rojo,1,1,0,0.0,77,0
2023-02-12,2023,7,Piura,Piura,Catacaos,Costa,72000,Linea base,0.84,29.8,43.1,85.2,192,22,11.69,35,2,3,2,5.71,48.61,37,2,Rojo,1,1,0,0.0,35,0
2023-02-12,2023,7,Piura,Piura,Piura,Costa,215000,Linea base,0.84,31.5,42.4,87.2,339,37,10.96,104,8,11,0,0.0,48.37,144,40,Rojo,1,1,0,0.0,104,0
2023-02-12,2023,7,Piura,Sullana,Sullana,Costa,180000,Linea base,0.84,30.4,43.3,83.3,444,48,10.7,106,5,10,0,0.0,58.89,104,2,Rojo,1,1,0,0.0,106,0
2023-02-12,2023,7,Ucayali,Coronel P.,Calleria,Selva,200000,Linea base,0.84,28.7,103.1,90.0,521,75,14.46,94,2,7,0,0.0,47.0,97,3,Rojo,1,1,0,0.0,94,0
2023-02-12,2023,7,Ucayali,Coronel P.,Yarinacocha,Selva,105000,Linea base,0.84,28.3,116.1,87.8,310,48,15.57,49,1,3,0,0.0,46.67,55,6,Rojo,1,1,0,0.0,49,0
2023-02-19,2023,8,La Libertad,Trujillo,El Porvenir,Costa,195000,Linea base,0.88,30.0,41.4,81.9,303,31,10.25,102,10,14,0,0.0,52.31,102,0,Rojo,1,1,0,0.0,102,0
2023-02-19,2023,8,La Libertad,Trujillo,La Esperanza,Costa,190000,Linea base,0.88,29.4,39.8,85.1,522,54,10.34,76,5,8,0,0.0,40.0,66,10,Rojo,1,1,0,0.0,76,0
2023-02-19,2023,8,La Libertad,Trujillo,Trujillo,Costa,320000,Linea base,0.88,30.8,41.6,81.4,1093,120,11.01,120,3,9,1,0.83,37.5,98,22,Rojo,1,1,0,0.0,120,0
2023-02-19,2023,8,Lambayeque,Chiclayo,Chiclayo,Costa,290000,Linea base,0.88,30.3,38.9,81.0,825,85,10.36,127,1,5,0,0.0,43.79,82,45,Rojo,1,1,0,0.0,127,0
2023-02-19,2023,8,Lambayeque,Chiclayo,Jose Leonardo Ortiz,Costa,195000,Linea base,0.88,31.0,44.6,82.7,394,46,11.63,94,2,5,0,0.0,48.21,114,20,Rojo,1,1,0,0.0,94,0
2023-02-19,2023,8,Lima,Lima,Comas,Costa,525000,Linea base,0.88,29.8,41.7,81.0,1493,147,9.85,51,1,3,0,0.0,9.71,57,6,Amarillo,0,0,0,0.0,51,0
2023-02-19,2023,8,Lima,Lima,San Juan de Lurigancho,Costa,1120000,Linea base,0.88,29.9,38.9,83.6,3468,357,10.31,121,4,7,1,0.83,10.8,143,22,Rojo,1,0,0,0.0,121,0
2023-02-19,2023,8,Lima,Lima,Villa El Salvador,Costa,395000,Linea base,0.88,30.1,44.7,82.5,1352,134,9.93,44,1,2,0,0.0,11.14,48,4,Rojo,1,0,0,0.0,44,0
2023-02-19,2023,8,Loreto,Maynas,Belen,Selva,78000,Linea base,0.88,29.1,113.6,90.9,120,18,15.14,50,2,6,0,0.0,64.1,46,4,Rojo,1,1,0,0.0,50,0
2023-02-19,2023,8,Loreto,Maynas,Iquitos,Selva,165000,Linea base,0.88,29.7,102.9,91.4,566,92,16.18,46,2,6,0,0.0,27.88,62,16,Rojo,1,1,0,0.0,46,0
2023-02-19,2023,8,Piura,Piura,Castilla,Costa,145000,Linea base,0.88,30.3,44.5,84.3,489,55,11.31,85,3,5,0,0.0,58.62,85,0,Rojo,1,1,0,0.0,85,0
2023-02-19,2023,8,Piura,Piura,Catacaos,Costa,72000,Linea base,0.88,30.6,39.4,83.2,162,18,10.87,44,1,4,0,0.0,61.11,41,3,Rojo,1,1,0,0.0,44,0
2023-02-19,2023,8,Piura,Piura,Piura,Costa,215000,Linea base,0.88,31.3,40.8,85.6,395,43,10.79,127,3,8,0,0.0,59.07,131,4,Rojo,1,1,0,0.0,127,0
2023-02-19,2023,8,Piura,Sullana,Sullana,Costa,180000,Linea base,0.88,31.1,48.8,81.7,596,65,10.88,98,7,11,0,0.0,54.44,75,23,Rojo,1,1,0,0.0,98,0
2023-02-19,2023,8,Ucayali,Coronel P.,Calleria,Selva,200000,Linea base,0.88,29.0,134.9,92.8,735,117,15.97,97,1,5,0,0.0,48.5,109,12,Rojo,1,1,0,0.0,97,0
2023-02-19,2023,8,Ucayali,Coronel P.,Yarinacocha,Selva,105000,Linea base,0.88,28.9,127.6,91.9,230,37,16.04,47,3,4,0,0.0,44.76,46,1,Rojo,1,1,0,0.0,47,0
2023-02-26,2023,9,La Libertad,Trujillo,El Porvenir,Costa,195000,Linea base,0.92,30.6,48.6,85.4,406,41,9.99,72,2,8,0,0.0,36.92,71,1,Rojo,1,1,0,0.0,72,0
2023-02-26,2023,9,La Libertad,Trujillo,La Esperanza,Costa,190000,Linea base,0.92,30.2,43.7,84.0,337,34,9.95,66,0,0,0,0.0,34.74,69,3,Rojo,1,1,0,0.0,66,0
2023-02-26,2023,9,La Libertad,Trujillo,Trujillo,Costa,320000,Linea base,0.92,30.4,35.5,81.8,941,107,11.42,132,4,7,0,0.0,41.25,121,11,Rojo,1,1,0,0.0,132,0
2023-02-26,2023,9,Lambayeque,Chiclayo,Chiclayo,Costa,290000,Linea base,0.92,31.1,46.0,81.0,688,73,10.66,134,3,10,0,0.0,46.21,110,24,Rojo,1,1,0,0.0,134,0
2023-02-26,2023,9,Lambayeque,Chiclayo,Jose Leonardo Ortiz,Costa,195000,Linea base,0.92,30.4,43.1,84.1,405,43,10.74,89,0,2,0,0.0,45.64,111,22,Rojo,1,1,0,0.0,89,0
2023-02-26,2023,9,Lima,Lima,Comas,Costa,525000,Linea base,0.92,30.6,37.3,80.0,967,103,10.64,41,1,1,0,0.0,7.81,64,23,Rojo,1,0,0,0.0,41,0
2023-02-26,2023,9,Lima,Lima,San Juan de Lurigancho,Costa,1120000,Linea base,0.92,30.9,44.8,82.5,3293,332,10.07,137,5,11,0,0.0,12.23,139,2,Rojo,1,1,0,0.0,137,0
2023-02-26,2023,9,Lima,Lima,Villa El Salvador,Costa,395000,Linea base,0.92,30.7,41.8,85.0,875,86,9.79,49,0,1,0,0.0,12.41,37,12,Amarillo,0,1,0,0.0,49,0
2023-02-26,2023,9,Loreto,Maynas,Belen,Selva,78000,Linea base,0.92,29.1,128.6,89.7,198,31,15.6,41,3,6,0,0.0,52.56,59,18,Rojo,1,1,0,0.0,41,0
2023-02-26,2023,9,Loreto,Maynas,Iquitos,Selva,165000,Linea base,0.92,28.4,105.1,90.4,467,69,14.76,63,3,8,0,0.0,38.18,57,6,Rojo,1,1,0,0.0,63,0
2023-02-26,2023,9,Piura,Piura,Castilla,Costa,145000,Linea base,0.92,30.4,30.5,82.6,344,41,11.96,71,3,5,0,0.0,48.97,91,20,Rojo,1,1,0,0.0,71,0
2023-02-26,2023,9,Piura,Piura,Catacaos,Costa,72000,Linea base,0.92,29.8,38.8,83.9,120,13,11.17,54,2,5,0,0.0,75.0,47,7,Rojo,1,1,0,0.0,54,0
2023-02-26,2023,9,Piura,Piura,Piura,Costa,215000,Linea base,0.92,29.9,44.3,83.1,426,48,11.24,111,2,5,0,0.0,51.63,137,26,Rojo,1,1,0,0.0,111,0
2023-02-26,2023,9,Piura,Sullana,Sullana,Costa,180000,Linea base,0.92,29.9,40.5,82.2,506,57,11.2,106,3,7,0,0.0,58.89,95,11,Rojo,1,1,0,0.0,106,0
2023-02-26,2023,9,Ucayali,Coronel P.,Calleria,Selva,200000,Linea base,0.92,28.8,95.9,92.4,556,88,15.77,83,7,11,0,0.0,41.5,77,6,Rojo,1,1,0,0.0,83,0
2023-02-26,2023,9,Ucayali,Coronel P.,Yarinacocha,Selva,105000,Linea base,0.92,28.9,135.7,89.4,283,45,16.04,59,1,2,0,0.0,56.19,53,6,Rojo,1,1,0,0.0,59,0
2023-03-05,2023,10,La Libertad,Trujillo,El Porvenir,Costa,195000,Linea base,0.95,30.3,43.4,81.4,538,55,10.29,99,3,12,0,0.0,50.77,86,13,Rojo,1,1,0,0.0,99,0
2023-03-05,2023,10,La Libertad,Trujillo,La Esperanza,Costa,190000,Linea base,0.95,29.1,42.7,80.0,588,65,11.03,76,4,6,2,2.63,40.0,76,0,Rojo,1,1,0,0.0,76,0
2023-03-05,2023,10,La Libertad,Trujillo,Trujillo,Costa,320000,Linea base,0.95,30.1,37.3,81.5,984,109,11.08,122,6,10,0,0.0,38.12,134,12,Rojo,1,1,0,0.0,122,0
2023-03-05,2023,10,Lambayeque,Chiclayo,Chiclayo,Costa,290000,Linea base,0.95,30.5,43.7,82.3,683,69,10.17,128,2,6,0,0.0,44.14,109,19,Rojo,1,1,0,0.0,128,0
2023-03-05,2023,10,Lambayeque,Chiclayo,Jose Leonardo Ortiz,Costa,195000,Linea base,0.95,30.7,42.9,84.4,422,49,11.7,92,6,9,0,0.0,47.18,107,15,Rojo,1,1,0,0.0,92,0
2023-03-05,2023,10,Lima,Lima,Comas,Costa,525000,Linea base,0.95,30.4,43.9,85.3,1383,146,10.56,51,0,4,0,0.0,9.71,60,9,Amarillo,0,0,0,0.0,51,0
2023-03-05,2023,10,Lima,Lima,San Juan de Lurigancho,Costa,1120000,Linea base,0.95,30.8,44.1,83.5,3726,360,9.66,121,3,8,0,0.0,10.8,162,41,Rojo,1,0,0,0.0,121,0
2023-03-05,2023,10,Lima,Lima,Villa El Salvador,Costa,395000,Linea base,0.95,30.6,44.9,84.6,1516,159,10.51,29,0,0,0,0.0,7.34,45,16,Amarillo,0,0,0,0.0,29,0
2023-03-05,2023,10,Loreto,Maynas,Belen,Selva,78000,Linea base,0.95,29.7,104.3,90.7,213,31,14.74,50,3,5,0,0.0,64.1,47,3,Rojo,1,1,0,0.0,50,0
2023-03-05,2023,10,Loreto,Maynas,Iquitos,Selva,165000,Linea base,0.95,29.2,110.6,92.4,514,81,15.71,63,1,2,0,0.0,38.18,57,6,Rojo,1,1,0,0.0,63,0
2023-03-05,2023,10,Piura,Piura,Castilla,Costa,145000,Linea base,0.95,30.1,38.6,77.4,530,58,10.92,101,3,10,0,0.0,69.66,89,12,Rojo,1,1,0,0.0,101,0
2023-03-05,2023,10,Piura,Piura,Catacaos,Costa,72000,Linea base,0.95,31.0,45.7,83.8,225,26,11.45,44,1,2,0,0.0,61.11,59,15,Rojo,1,1,0,0.0,44,0
2023-03-05,2023,10,Piura,Piura,Piura,Costa,215000,Linea base,0.95,29.9,42.9,85.9,689,80,11.57,145,5,15,0,0.0,67.44,145,0,Rojo,1,1,0,0.0,145,0
2023-03-05,2023,10,Piura,Sullana,Sullana,Costa,180000,Linea base,0.95,29.2,45.8,83.8,330,36,10.91,111,2,9,0,0.0,61.67,116,5,Rojo,1,1,0,0.0,111,0
2023-03-05,2023,10,Ucayali,Coronel P.,Calleria,Selva,200000,Linea base,0.95,29.0,108.1,91.4,296,42,14.17,95,3,5,0,0.0,47.5,104,9,Rojo,1,1,0,0.0,95,0
2023-03-05,2023,10,Ucayali,Coronel P.,Yarinacocha,Selva,105000,Linea base,0.95,29.4,88.8,90.2,442,68,15.31,50,1,8,0,0.0,47.62,55,5,Rojo,1,1,0,0.0,50,0
2023-03-12,2023,11,La Libertad,Trujillo,El Porvenir,Costa,195000,Linea base,0.97,29.9,45.4,81.9,494,55,11.04,81,2,4,0,0.0,41.54,88,7,Rojo,1,1,0,0.0,81,0
2023-03-12,2023,11,La Libertad,Trujillo,La Esperanza,Costa,190000,Linea base,0.97,30.2,38.3,82.9,663,74,11.1,83,3,6,0,0.0,43.68,75,8,Rojo,1,1,0,0.0,83,0
2023-03-12,2023,11,La Libertad,Trujillo,Trujillo,Costa,320000,Linea base,0.97,29.4,46.5,83.0,1010,106,10.52,130,4,8,0,0.0,40.62,149,19,Rojo,1,1,0,0.0,130,0
2023-03-12,2023,11,Lambayeque,Chiclayo,Chiclayo,Costa,290000,Linea base,0.97,29.8,38.5,81.6,818,90,10.95,147,5,10,0,0.0,50.69,127,20,Rojo,1,1,0,0.0,147,0
2023-03-12,2023,11,Lambayeque,Chiclayo,Jose Leonardo Ortiz,Costa,195000,Linea base,0.97,30.4,49.5,78.9,236,28,11.78,110,5,7,0,0.0,56.41,91,19,Rojo,1,1,0,0.0,110,0
2023-03-12,2023,11,Lima,Lima,Comas,Costa,525000,Linea base,0.97,28.7,38.8,80.1,1750,182,10.42,59,1,3,1,1.69,11.24,67,8,Rojo,1,0,0,0.0,59,0
2023-03-12,2023,11,Lima,Lima,San Juan de Lurigancho,Costa,1120000,Linea base,0.97,29.5,38.7,81.5,2678,274,10.22,139,4,11,0,0.0,12.41,162,23,Rojo,1,1,0,0.0,139,0
2023-03-12,2023,11,Lima,Lima,Villa El Salvador,Costa,395000,Linea base,0.97,29.2,39.0,86.0,1068,117,10.97,41,2,4,0,0.0,10.38,53,12,Rojo,1,0,0,0.0,41,0
2023-03-12,2023,11,Loreto,Maynas,Belen,Selva,78000,Linea base,0.97,28.9,115.0,88.6,283,43,15.2,56,0,2,0,0.0,71.79,45,11,Rojo,1,1,0,0.0,56,0
2023-03-12,2023,11,Loreto,Maynas,Iquitos,Selva,165000,Linea base,0.97,28.4,129.6,90.5,372,59,15.89,61,3,5,0,0.0,36.97,70,9,Rojo,1,1,0,0.0,61,0
2023-03-12,2023,11,Piura,Piura,Castilla,Costa,145000,Linea base,0.97,29.6,41.1,85.6,412,49,11.9,80,1,2,0,0.0,55.17,91,11,Rojo,1,1,0,0.0,80,0
2023-03-12,2023,11,Piura,Piura,Catacaos,Costa,72000,Linea base,0.97,30.5,43.0,82.6,203,22,11.01,58,2,4,0,0.0,80.56,58,0,Rojo,1,1,0,0.0,58,0
2023-03-12,2023,11,Piura,Piura,Piura,Costa,215000,Linea base,0.97,30.2,49.5,82.5,348,38,10.86,130,10,15,0,0.0,60.47,193,63,Rojo,1,1,0,0.0,130,0
2023-03-12,2023,11,Piura,Sullana,Sullana,Costa,180000,Linea base,0.97,29.9,38.5,85.1,458,52,11.41,109,5,7,1,0.92,60.56,97,12,Rojo,1,1,0,0.0,109,0
2023-03-12,2023,11,Ucayali,Coronel P.,Calleria,Selva,200000,Linea base,0.97,28.7,124.9,91.7,541,80,14.82,94,3,6,1,1.06,47.0,73,21,Rojo,1,1,0,0.0,94,0
2023-03-12,2023,11,Ucayali,Coronel P.,Yarinacocha,Selva,105000,Linea base,0.97,28.1,107.8,85.6,244,38,15.77,62,2,4,1,1.61,59.05,57,5,Rojo,1,1,0,0.0,62,0
2023-03-19,2023,12,La Libertad,Trujillo,El Porvenir,Costa,195000,Linea base,0.99,30.5,37.9,78.4,306,32,10.53,92,4,10,0,0.0,47.18,104,12,Rojo,1,1,0,0.0,92,0
2023-03-19,2023,12,La Libertad,Trujillo,La Esperanza,Costa,190000,Linea base,0.99,30.0,42.9,81.9,362,39,10.71,98,2,5,1,1.02,51.58,73,25,Rojo,1,1,0,0.0,98,0
2023-03-19,2023,12,La Libertad,Trujillo,Trujillo,Costa,320000,Linea base,0.99,29.4,48.1,84.0,810,89,11.05,128,2,9,0,0.0,40.0,155,27,Rojo,1,1,0,0.0,128,0
2023-03-19,2023,12,Lambayeque,Chiclayo,Chiclayo,Costa,290000,Linea base,0.99,28.0,40.5,81.9,1118,122,10.9,158,7,15,0,0.0,54.48,134,24,Rojo,1,1,0,0.0,158,0
2023-03-19,2023,12,Lambayeque,Chiclayo,Jose Leonardo Ortiz,Costa,195000,Linea base,0.99,29.7,38.9,82.7,383,48,12.51,109,4,10,0,0.0,55.9,103,6,Rojo,1,1,0,0.0,109,0
2023-03-19,2023,12,Lima,Lima,Comas,Costa,525000,Linea base,0.99,30.1,35.5,83.3,1477,157,10.63,50,1,5,0,0.0,9.52,58,8,Amarillo,0,0,0,0.0,50,0
2023-03-19,2023,12,Lima,Lima,San Juan de Lurigancho,Costa,1120000,Linea base,0.99,29.9,40.7,81.5,1864,202,10.85,147,5,10,0,0.0,13.12,131,16,Amarillo,0,1,0,0.0,147,0
2023-03-19,2023,12,Lima,Lima,Villa El Salvador,Costa,395000,Linea base,0.99,29.5,43.6,80.3,1078,116,10.79,45,1,3,0,0.0,11.39,45,0,Amarillo,0,0,0,0.0,45,0
2023-03-19,2023,12,Loreto,Maynas,Belen,Selva,78000,Linea base,0.99,28.0,97.1,87.1,236,35,14.88,63,1,3,0,0.0,80.77,48,15,Rojo,1,1,0,0.0,63,0
2023-03-19,2023,12,Loreto,Maynas,Iquitos,Selva,165000,Linea base,0.99,29.7,109.6,89.8,255,41,15.98,67,5,9,0,0.0,40.61,57,10,Rojo,1,1,0,0.0,67,0
2023-03-19,2023,12,Piura,Piura,Castilla,Costa,145000,Linea base,0.99,30.5,47.8,82.0,238,25,10.69,96,1,4,0,0.0,66.21,64,32,Rojo,1,1,0,0.0,96,0
2023-03-19,2023,12,Piura,Piura,Catacaos,Costa,72000,Linea base,0.99,30.0,39.2,83.1,178,20,10.98,69,3,3,0,0.0,95.83,60,9,Rojo,1,1,0,0.0,69,0
2023-03-19,2023,12,Piura,Piura,Piura,Costa,215000,Linea base,0.99,30.7,44.3,83.5,773,90,11.59,144,6,15,0,0.0,66.98,140,4,Rojo,1,1,0,0.0,144,0
2023-03-19,2023,12,Piura,Sullana,Sullana,Costa,180000,Linea base,0.99,29.8,35.5,83.5,417,47,11.31,135,6,13,0,0.0,75.0,153,18,Rojo,1,1,0,0.0,135,0
2023-03-19,2023,12,Ucayali,Coronel P.,Calleria,Selva,200000,Linea base,0.99,28.7,106.4,89.8,554,84,15.14,103,7,12,0,0.0,51.5,123,20,Rojo,1,1,0,0.0,103,0
2023-03-19,2023,12,Ucayali,Coronel P.,Yarinacocha,Selva,105000,Linea base,0.99,28.0,111.5,89.0,203,33,16.23,55,0,2,0,0.0,52.38,61,6,Rojo,1,1,0,0.0,55,0
2023-03-26,2023,13,La Libertad,Trujillo,El Porvenir,Costa,195000,Linea base,1.0,29.1,40.1,81.2,500,60,11.97,106,2,4,1,0.94,54.36,103,3,Rojo,1,1,0,0.0,106,0
2023-03-26,2023,13,La Libertad,Trujillo,La Esperanza,Costa,190000,Linea base,1.0,28.8,41.9,77.5,596,59,9.97,91,2,3,0,0.0,47.89,76,15,Rojo,1,1,0,0.0,91,0
2023-03-26,2023,13,La Libertad,Trujillo,Trujillo,Costa,320000,Linea base,1.0,29.7,33.0,82.0,531,59,11.13,153,7,14,0,0.0,47.81,156,3,Rojo,1,1,0,0.0,153,0
2023-03-26,2023,13,Lambayeque,Chiclayo,Chiclayo,Costa,290000,Linea base,1.0,28.7,32.3,83.5,646,72,11.12,136,3,8,0,0.0,46.9,156,20,Rojo,1,1,0,0.0,136,0
2023-03-26,2023,13,Lambayeque,Chiclayo,Jose Leonardo Ortiz,Costa,195000,Linea base,1.0,29.9,36.7,84.1,758,91,12.03,111,3,6,0,0.0,56.92,119,8,Rojo,1,1,0,0.0,111,0
2023-03-26,2023,13,Lima,Lima,Comas,Costa,525000,Linea base,1.0,30.4,34.4,80.5,1091,106,9.75,52,2,4,0,0.0,9.9,64,12,Rojo,1,0,0,0.0,52,0
2023-03-26,2023,13,Lima,Lima,San Juan de Lurigancho,Costa,1120000,Linea base,1.0,29.7,36.0,83.0,2848,284,9.96,139,3,8,0,0.0,12.41,138,1,Rojo,1,1,0,0.0,139,0
2023-03-26,2023,13,Lima,Lima,Villa El Salvador,Costa,395000,Linea base,1.0,29.7,39.2,79.2,529,57,10.7,51,2,6,0,0.0,12.91,50,1,Rojo,1,1,0,0.0,51,0
2023-03-26,2023,13,Loreto,Maynas,Belen,Selva,78000,Linea base,1.0,29.1,126.6,87.5,120,19,15.64,50,1,2,0,0.0,64.1,54,4,Rojo,1,1,0,0.0,50,0
2023-03-26,2023,13,Loreto,Maynas,Iquitos,Selva,165000,Linea base,1.0,28.2,117.7,89.5,437,67,15.32,68,3,4,0,0.0,41.21,66,2,Rojo,1,1,0,0.0,68,0
2023-03-26,2023,13,Piura,Piura,Castilla,Costa,145000,Linea base,1.0,29.4,44.8,81.6,310,35,11.2,73,2,7,0,0.0,50.34,90,17,Rojo,1,1,0,0.0,73,0
2023-03-26,2023,13,Piura,Piura,Catacaos,Costa,72000,Linea base,1.0,29.7,31.7,82.8,122,14,11.37,49,4,5,0,0.0,68.06,48,1,Rojo,1,1,0,0.0,49,0
2023-03-26,2023,13,Piura,Piura,Piura,Costa,215000,Linea base,1.0,28.5,32.6,83.3,585,68,11.68,160,7,14,0,0.0,74.42,158,2,Rojo,1,1,0,0.0,160,0
2023-03-26,2023,13,Piura,Sullana,Sullana,Costa,180000,Linea base,1.0,29.7,43.8,81.7,458,52,11.37,102,5,6,0,0.0,56.67,126,24,Rojo,1,1,0,0.0,102,0
2023-03-26,2023,13,Ucayali,Coronel P.,Calleria,Selva,200000,Linea base,1.0,28.4,115.0,92.2,461,71,15.43,114,5,8,0,0.0,57.0,109,5,Rojo,1,1,0,0.0,114,0
2023-03-26,2023,13,Ucayali,Coronel P.,Yarinacocha,Selva,105000,Linea base,1.0,28.3,128.6,92.0,369,58,15.79,70,1,5,0,0.0,66.67,75,5,Rojo,1,1,0,0.0,70,0
2023-04-02,2023,14,La Libertad,Trujillo,El Porvenir,Costa,195000,Linea base,1.0,28.9,47.1,79.8,585,65,11.13,108,4,10,0,0.0,55.38,115,7,Rojo,1,1,0,0.0,108,0
2023-04-02,2023,14,La Libertad,Trujillo,La Esperanza,Costa,190000,Linea base,1.0,29.6,37.3,82.6,516,52,10.06,75,2,5,0,0.0,39.47,66,9,Rojo,1,1,0,0.0,75,0
2023-04-02,2023,14,La Libertad,Trujillo,Trujillo,Costa,320000,Linea base,1.0,27.9,37.9,81.8,800,80,9.99,113,5,7,1,0.88,35.31,96,17,Rojo,1,1,0,0.0,113,0
2023-04-02,2023,14,Lambayeque,Chiclayo,Chiclayo,Costa,290000,Linea base,1.0,28.4,37.8,78.3,532,59,11.07,126,7,9,0,0.0,43.45,134,8,Rojo,1,1,0,0.0,126,0
2023-04-02,2023,14,Lambayeque,Chiclayo,Jose Leonardo Ortiz,Costa,195000,Linea base,1.0,29.3,36.5,81.2,438,50,11.41,110,4,12,0,0.0,56.41,96,14,Rojo,1,1,0,0.0,110,0
2023-04-02,2023,14,Lima,Lima,Comas,Costa,525000,Linea base,1.0,29.8,39.9,80.0,1716,173,10.09,63,1,6,0,0.0,12.0,54,9,Amarillo,0,1,0,0.0,63,0
2023-04-02,2023,14,Lima,Lima,San Juan de Lurigancho,Costa,1120000,Linea base,1.0,29.9,39.7,80.6,4539,480,10.57,151,8,14,0,0.0,13.48,176,25,Rojo,1,1,0,0.0,151,0
2023-04-02,2023,14,Lima,Lima,Villa El Salvador,Costa,395000,Linea base,1.0,29.8,35.3,82.3,1047,108,10.27,53,1,2,0,0.0,13.42,44,9,Amarillo,0,1,0,0.0,53,0
2023-04-02,2023,14,Loreto,Maynas,Belen,Selva,78000,Linea base,1.0,28.2,98.5,87.9,240,36,14.92,37,2,2,0,0.0,47.44,56,19,Rojo,1,1,0,0.0,37,0
2023-04-02,2023,14,Loreto,Maynas,Iquitos,Selva,165000,Linea base,1.0,28.0,116.4,86.6,610,89,14.55,71,2,4,0,0.0,43.03,92,21,Rojo,1,1,0,0.0,71,0
2023-04-02,2023,14,Piura,Piura,Castilla,Costa,145000,Linea base,1.0,28.6,30.6,76.5,352,36,10.1,95,1,8,0,0.0,65.52,93,2,Rojo,1,1,0,0.0,95,0
2023-04-02,2023,14,Piura,Piura,Catacaos,Costa,72000,Linea base,1.0,29.2,34.5,79.0,260,30,11.39,50,1,2,0,0.0,69.44,53,3,Rojo,1,1,0,0.0,50,0
2023-04-02,2023,14,Piura,Piura,Piura,Costa,215000,Linea base,1.0,29.4,34.1,79.2,545,64,11.67,134,3,9,0,0.0,62.33,188,54,Rojo,1,1,0,0.0,134,0
2023-04-02,2023,14,Piura,Sullana,Sullana,Costa,180000,Linea base,1.0,29.4,36.3,81.0,597,68,11.47,121,3,8,0,0.0,67.22,135,14,Rojo,1,1,0,0.0,121,0
2023-04-02,2023,14,Ucayali,Coronel P.,Calleria,Selva,200000,Linea base,1.0,29.2,108.5,88.4,600,86,14.33,123,8,10,0,0.0,61.5,94,29,Rojo,1,1,0,0.0,123,0
2023-04-02,2023,14,Ucayali,Coronel P.,Yarinacocha,Selva,105000,Linea base,1.0,28.4,91.8,90.7,214,33,15.21,57,2,4,0,0.0,54.29,56,1,Rojo,1,1,0,0.0,57,0
2023-04-09,2023,15,La Libertad,Trujillo,El Porvenir,Costa,195000,Linea base,1.0,29.0,36.4,79.0,517,60,11.59,115,3,11,0,0.0,58.97,108,7,Rojo,1,1,0,0.0,115,0
2023-04-09,2023,15,La Libertad,Trujillo,La Esperanza,Costa,190000,Linea base,1.0,28.0,27.4,84.1,460,50,10.78,82,2,2,0,0.0,43.16,79,3,Rojo,1,1,0,0.0,82,0
2023-04-09,2023,15,La Libertad,Trujillo,Trujillo,Costa,320000,Linea base,1.0,29.8,31.7,81.2,1178,122,10.35,126,4,7,0,0.0,39.38,146,20,Rojo,1,1,0,0.0,126,0
2023-04-09,2023,15,Lambayeque,Chiclayo,Chiclayo,Costa,290000,Linea base,1.0,26.9,36.3,79.5,622,69,11.1,149,4,8,0,0.0,51.38,123,26,Rojo,1,1,0,0.0,149,0
2023-04-09,2023,15,Lambayeque,Chiclayo,Jose Leonardo Ortiz,Costa,195000,Linea base,1.0,28.4,26.7,83.6,416,51,12.15,123,4,9,0,0.0,63.08,81,42,Rojo,1,1,0,0.0,123,0
2023-04-09,2023,15,Lima,Lima,Comas,Costa,525000,Linea base,1.0,28.8,37.1,76.0,982,96,9.81,50,3,3,0,0.0,9.52,58,8,Amarillo,0,0,0,0.0,50,0
2023-04-09,2023,15,Lima,Lima,San Juan de Lurigancho,Costa,1120000,Linea base,1.0,27.7,29.2,80.9,2461,247,10.02,150,7,11,1,0.67,13.39,136,14,Rojo,1,1,0,0.0,150,0
2023-04-09,2023,15,Lima,Lima,Villa El Salvador,Costa,395000,Linea base,1.0,29.1,29.9,76.4,1117,122,10.95,41,2,2,0,0.0,10.38,44,3,Amarillo,0,0,0,0.0,41,0
2023-04-09,2023,15,Loreto,Maynas,Belen,Selva,78000,Linea base,1.0,27.7,116.3,87.2,160,23,14.54,52,1,5,0,0.0,66.67,49,3,Rojo,1,1,0,0.0,52,0
2023-04-09,2023,15,Loreto,Maynas,Iquitos,Selva,165000,Linea base,1.0,27.7,123.0,90.5,471,74,15.7,70,4,8,0,0.0,42.42,61,9,Rojo,1,1,0,0.0,70,0
2023-04-09,2023,15,Piura,Piura,Castilla,Costa,145000,Linea base,1.0,28.7,29.1,79.6,523,51,9.81,82,3,4,0,0.0,56.55,87,5,Rojo,1,1,0,0.0,82,0
2023-04-09,2023,15,Piura,Piura,Catacaos,Costa,72000,Linea base,1.0,28.8,37.3,79.0,229,27,11.62,48,2,5,0,0.0,66.67,63,15,Rojo,1,1,0,0.0,48,0
2023-04-09,2023,15,Piura,Piura,Piura,Costa,215000,Linea base,1.0,28.8,35.8,80.4,572,66,11.59,175,5,12,0,0.0,81.4,159,16,Rojo,1,1,0,0.0,175,0
2023-04-09,2023,15,Piura,Sullana,Sullana,Costa,180000,Linea base,1.0,27.1,39.5,79.6,535,62,11.65,100,4,13,0,0.0,55.56,124,24,Rojo,1,1,0,0.0,100,0
2023-04-09,2023,15,Ucayali,Coronel P.,Calleria,Selva,200000,Linea base,1.0,29.5,123.1,89.6,464,68,14.7,108,5,6,0,0.0,54.0,129,21,Rojo,1,1,0,0.0,108,0
2023-04-09,2023,15,Ucayali,Coronel P.,Yarinacocha,Selva,105000,Linea base,1.0,27.6,88.3,91.6,243,35,14.42,69,2,4,0,0.0,65.71,63,6,Rojo,1,1,0,0.0,69,0
2023-04-16,2023,16,La Libertad,Trujillo,El Porvenir,Costa,195000,Linea base,0.99,28.5,27.4,81.8,549,55,10.1,68,0,6,0,0.0,34.87,96,28,Rojo,1,1,0,0.0,68,0
2023-04-16,2023,16,La Libertad,Trujillo,La Esperanza,Costa,190000,Linea base,0.99,26.8,33.3,81.1,484,52,10.68,93,3,10,0,0.0,48.95,92,1,Rojo,1,1,0,0.0,93,0
2023-04-16,2023,16,La Libertad,Trujillo,Trujillo,Costa,320000,Linea base,0.99,28.4,28.7,81.1,567,59,10.38,119,5,7,0,0.0,37.19,107,12,Rojo,1,1,0,0.0,119,0
2023-04-16,2023,16,Lambayeque,Chiclayo,Chiclayo,Costa,290000,Linea base,0.99,29.2,31.7,82.1,562,56,9.93,120,3,10,0,0.0,41.38,132,12,Rojo,1,1,0,0.0,120,0
2023-04-16,2023,16,Lambayeque,Chiclayo,Jose Leonardo Ortiz,Costa,195000,Linea base,0.99,28.9,29.0,79.7,393,47,11.92,116,3,4,0,0.0,59.49,117,1,Rojo,1,1,0,0.0,116,0
2023-04-16,2023,16,Lima,Lima,Comas,Costa,525000,Linea base,0.99,28.9,24.7,76.0,1703,163,9.58,54,3,6,0,0.0,10.29,55,1,Amarillo,0,0,0,0.0,54,0
2023-04-16,2023,16,Lima,Lima,San Juan de Lurigancho,Costa,1120000,Linea base,0.99,27.0,30.0,79.3,2329,219,9.42,111,3,7,0,0.0,9.91,170,59,Rojo,1,0,0,0.0,111,0
2023-04-16,2023,16,Lima,Lima,Villa El Salvador,Costa,395000,Linea base,0.99,26.7,33.4,77.3,733,78,10.66,42,1,2,0,0.0,10.63,52,10,Rojo,1,0,0,0.0,42,0
2023-04-16,2023,16,Loreto,Maynas,Belen,Selva,78000,Linea base,0.99,28.0,90.4,86.3,208,30,14.52,58,0,2,0,0.0,74.36,60,2,Rojo,1,1,0,0.0,58,0
2023-04-16,2023,16,Loreto,Maynas,Iquitos,Selva,165000,Linea base,0.99,28.9,77.1,89.5,382,58,15.24,60,1,6,0,0.0,36.36,70,10,Rojo,1,1,0,0.0,60,0
2023-04-16,2023,16,Piura,Piura,Castilla,Costa,145000,Linea base,0.99,27.7,33.3,78.0,384,40,10.55,74,5,8,0,0.0,51.03,69,5,Rojo,1,1,0,0.0,74,0
2023-04-16,2023,16,Piura,Piura,Catacaos,Costa,72000,Linea base,0.99,28.3,32.7,78.1,229,27,11.69,50,0,0,0,0.0,69.44,45,5,Rojo,1,1,0,0.0,50,0
2023-04-16,2023,16,Piura,Piura,Piura,Costa,215000,Linea base,0.99,28.0,28.7,79.7,646,71,11.03,146,7,12,0,0.0,67.91,156,10,Rojo,1,1,0,0.0,146,0
2023-04-16,2023,16,Piura,Sullana,Sullana,Costa,180000,Linea base,0.99,27.4,28.2,82.9,408,46,11.19,110,7,12,0,0.0,61.11,111,1,Rojo,1,1,0,0.0,110,0
2023-04-16,2023,16,Ucayali,Coronel P.,Calleria,Selva,200000,Linea base,0.99,27.6,82.6,88.3,713,103,14.41,109,3,12,0,0.0,54.5,117,8,Rojo,1,1,0,0.0,109,0
2023-04-16,2023,16,Ucayali,Coronel P.,Yarinacocha,Selva,105000,Linea base,0.99,27.5,103.1,89.5,225,32,14.21,57,0,3,0,0.0,54.29,59,2,Rojo,1,1,0,0.0,57,0
2023-04-23,2023,17,La Libertad,Trujillo,El Porvenir,Costa,195000,Linea base,0.97,27.3,29.5,80.8,424,42,9.95,90,3,6,0,0.0,46.15,83,7,Rojo,1,1,0,0.0,90,0
2023-04-23,2023,17,La Libertad,Trujillo,La Esperanza,Costa,190000,Linea base,0.97,27.5,28.4,78.6,419,44,10.6,84,1,2,1,1.19,44.21,64,20,Rojo,1,1,0,0.0,84,0
2023-04-23,2023,17,La Libertad,Trujillo,Trujillo,Costa,320000,Linea base,0.97,27.6,26.6,76.8,880,88,10.06,124,2,6,0,0.0,38.75,100,24,Rojo,1,1,0,0.0,124,0
2023-04-23,2023,17,Lambayeque,Chiclayo,Chiclayo,Costa,290000,Linea base,0.97,28.0,16.4,78.6,635,60,9.43,114,5,10,0,0.0,39.31,124,10,Rojo,1,1,0,0.0,114,0
2023-04-23,2023,17,Lambayeque,Chiclayo,Jose Leonardo Ortiz,Costa,195000,Linea base,0.97,27.9,31.7,78.9,392,42,10.6,88,1,6,0,0.0,45.13,96,8,Rojo,1,1,0,0.0,88,0
2023-04-23,2023,17,Lima,Lima,Comas,Costa,525000,Linea base,0.97,29.3,33.4,77.7,1292,121,9.35,42,3,4,0,0.0,8.0,52,10,Amarillo,0,0,0,0.0,42,0
2023-04-23,2023,17,Lima,Lima,San Juan de Lurigancho,Costa,1120000,Linea base,0.97,26.6,29.2,77.4,2821,273,9.66,108,3,8,0,0.0,9.64,123,15,Amarillo,0,0,0,0.0,108,0
2023-04-23,2023,17,Lima,Lima,Villa El Salvador,Costa,395000,Linea base,0.97,27.6,25.6,78.3,1120,114,10.22,33,1,3,0,0.0,8.35,41,8,Amarillo,0,0,0,0.0,33,0
2023-04-23,2023,17,Loreto,Maynas,Belen,Selva,78000,Linea base,0.97,28.0,77.6,91.3,288,41,14.18,49,1,4,0,0.0,62.82,43,6,Rojo,1,1,0,0.0,49,0
2023-04-23,2023,17,Loreto,Maynas,Iquitos,Selva,165000,Linea base,0.97,27.9,103.5,89.8,325,48,14.77,71,2,3,0,0.0,43.03,73,2,Rojo,1,1,0,0.0,71,0
2023-04-23,2023,17,Piura,Piura,Castilla,Costa,145000,Linea base,0.97,27.7,23.2,78.6,544,55,10.12,81,2,7,0,0.0,55.86,65,16,Rojo,1,1,0,0.0,81,0
2023-04-23,2023,17,Piura,Piura,Catacaos,Costa,72000,Linea base,0.97,27.6,20.8,76.4,164,18,10.85,41,2,3,0,0.0,56.94,38,3,Rojo,1,1,0,0.0,41,0
2023-04-23,2023,17,Piura,Piura,Piura,Costa,215000,Linea base,0.97,27.5,25.4,80.1,607,63,10.37,141,5,12,0,0.0,65.58,113,28,Rojo,1,1,0,0.0,141,0
2023-04-23,2023,17,Piura,Sullana,Sullana,Costa,180000,Linea base,0.97,27.3,27.2,79.1,389,41,10.6,94,6,9,0,0.0,52.22,115,21,Rojo,1,1,0,0.0,94,0
2023-04-23,2023,17,Ucayali,Coronel P.,Calleria,Selva,200000,Linea base,0.97,28.4,117.7,86.9,676,104,15.39,102,5,9,0,0.0,51.0,95,7,Rojo,1,1,0,0.0,102,0
2023-04-23,2023,17,Ucayali,Coronel P.,Yarinacocha,Selva,105000,Linea base,0.97,28.0,99.6,89.5,207,28,13.66,48,1,3,0,0.0,45.71,49,1,Rojo,1,1,0,0.0,48,0
2023-04-30,2023,18,La Libertad,Trujillo,El Porvenir,Costa,195000,Linea base,0.95,26.3,21.2,76.0,464,44,9.39,89,2,10,0,0.0,45.64,68,21,Rojo,1,1,0,0.0,89,0
2023-04-30,2023,18,La Libertad,Trujillo,La Esperanza,Costa,190000,Linea base,0.95,26.3,19.3,76.3,435,42,9.65,67,2,3,0,0.0,35.26,66,1,Rojo,1,1,0,0.0,67,0
2023-04-30,2023,18,La Libertad,Trujillo,Trujillo,Costa,320000,Linea base,0.95,26.9,24.7,80.4,527,49,9.26,106,6,8,0,0.0,33.12,87,19,Rojo,1,1,0,0.0,106,0
2023-04-30,2023,18,Lambayeque,Chiclayo,Chiclayo,Costa,290000,Linea base,0.95,27.7,16.6,78.6,545,52,9.57,112,7,14,0,0.0,38.62,107,5,Rojo,1,1,0,0.0,112,0
2023-04-30,2023,18,Lambayeque,Chiclayo,Jose Leonardo Ortiz,Costa,195000,Linea base,0.95,27.2,28.9,77.5,571,59,10.3,109,3,7,0,0.0,55.9,95,14,Rojo,1,1,0,0.0,109,0
2023-04-30,2023,18,Lima,Lima,Comas,Costa,525000,Linea base,0.95,27.3,25.8,77.8,2049,194,9.46,44,3,4,0,0.0,8.38,59,15,Amarillo,0,0,0,0.0,44,0
2023-04-30,2023,18,Lima,Lima,San Juan de Lurigancho,Costa,1120000,Linea base,0.95,26.5,16.9,76.6,2261,198,8.76,124,3,9,0,0.0,11.07,115,9,Amarillo,0,0,0,0.0,124,0
2023-04-30,2023,18,Lima,Lima,Villa El Salvador,Costa,395000,Linea base,0.95,26.9,17.7,75.4,1027,91,8.87,39,0,2,0,0.0,9.87,33,6,Amarillo,0,0,0,0.0,39,0
2023-04-30,2023,18,Loreto,Maynas,Belen,Selva,78000,Linea base,0.95,27.6,72.6,87.3,179,25,14.11,35,0,2,0,0.0,44.87,48,13,Rojo,1,1,0,0.0,35,0
2023-04-30,2023,18,Loreto,Maynas,Iquitos,Selva,165000,Linea base,0.95,27.1,89.5,88.4,559,84,15.07,63,4,7,0,0.0,38.18,59,4,Rojo,1,1,0,0.0,63,0
2023-04-30,2023,18,Piura,Piura,Castilla,Costa,145000,Linea base,0.95,27.1,22.1,74.4,471,48,10.27,72,3,9,0,0.0,49.66,72,0,Rojo,1,1,0,0.0,72,0
2023-04-30,2023,18,Piura,Piura,Catacaos,Costa,72000,Linea base,0.95,27.7,18.9,81.2,221,24,11.03,34,1,3,0,0.0,47.22,25,9,Rojo,1,1,0,0.0,34,0
2023-04-30,2023,18,Piura,Piura,Piura,Costa,215000,Linea base,0.95,27.8,23.1,79.9,762,71,9.36,107,4,9,0,0.0,49.77,124,17,Rojo,1,1,0,0.0,107,0
2023-04-30,2023,18,Piura,Sullana,Sullana,Costa,180000,Linea base,0.95,27.2,24.0,78.9,428,42,9.76,86,4,8,0,0.0,47.78,85,1,Rojo,1,1,0,0.0,86,0
2023-04-30,2023,18,Ucayali,Coronel P.,Calleria,Selva,200000,Linea base,0.95,28.1,81.9,85.4,473,73,15.36,104,5,11,0,0.0,52.0,109,5,Rojo,1,1,0,0.0,104,0
2023-04-30,2023,18,Ucayali,Coronel P.,Yarinacocha,Selva,105000,Linea base,0.95,27.3,91.3,86.8,282,41,14.47,50,1,3,0,0.0,47.62,53,3,Rojo,1,1,0,0.0,50,0
2023-05-07,2023,19,La Libertad,Trujillo,El Porvenir,Costa,195000,Linea base,0.92,25.9,17.4,76.8,478,45,9.48,78,1,4,0,0.0,40.0,66,12,Rojo,1,1,0,0.0,78,0
2023-05-07,2023,19,La Libertad,Trujillo,La Esperanza,Costa,190000,Linea base,0.92,25.9,18.7,75.5,554,52,9.36,57,7,10,1,1.75,30.0,54,3,Rojo,1,1,0,0.0,57,0
2023-05-07,2023,19,La Libertad,Trujillo,Trujillo,Costa,320000,Linea base,0.92,25.2,23.7,74.9,1076,107,9.9,96,4,10,1,1.04,30.0,117,21,Rojo,1,1,0,0.0,96,0
2023-05-07,2023,19,Lambayeque,Chiclayo,Chiclayo,Costa,290000,Linea base,0.92,26.6,20.0,79.1,861,77,8.98,102,3,6,0,0.0,35.17,97,5,Rojo,1,1,0,0.0,102,0
2023-05-07,2023,19,Lambayeque,Chiclayo,Jose Leonardo Ortiz,Costa,195000,Linea base,0.92,26.5,17.5,80.8,374,36,9.7,70,3,3,0,0.0,35.9,76,6,Rojo,1,1,0,0.0,70,0
2023-05-07,2023,19,Lima,Lima,Comas,Costa,525000,Linea base,0.92,26.7,17.4,76.3,1062,92,8.63,45,0,0,0,0.0,8.57,46,1,Amarillo,0,0,0,0.0,45,0
2023-05-07,2023,19,Lima,Lima,San Juan de Lurigancho,Costa,1120000,Linea base,0.92,25.4,16.3,74.1,2549,205,8.05,120,5,11,0,0.0,10.71,117,3,Amarillo,0,0,0,0.0,120,0
2023-05-07,2023,19,Lima,Lima,Villa El Salvador,Costa,395000,Linea base,0.92,26.9,18.1,77.1,948,75,7.88,38,1,2,0,0.0,9.62,41,3,Amarillo,0,0,0,0.0,38,0
2023-05-07,2023,19,Loreto,Maynas,Belen,Selva,78000,Linea base,0.92,27.0,94.5,89.3,313,46,14.58,34,0,1,0,0.0,43.59,44,10,Rojo,1,1,0,0.0,34,0
2023-05-07,2023,19,Loreto,Maynas,Iquitos,Selva,165000,Linea base,0.92,26.9,73.6,84.9,362,56,15.43,67,2,8,0,0.0,40.61,75,8,Rojo,1,1,0,0.0,67,0
2023-05-07,2023,19,Piura,Piura,Castilla,Costa,145000,Linea base,0.92,26.7,15.7,80.6,494,47,9.56,48,1,1,0,0.0,33.1,70,22,Rojo,1,1,0,0.0,48,0
2023-05-07,2023,19,Piura,Piura,Catacaos,Costa,72000,Linea base,0.92,26.2,17.8,76.2,169,15,9.01,27,1,2,0,0.0,37.5,36,9,Rojo,1,1,0,0.0,27,0
2023-05-07,2023,19,Piura,Piura,Piura,Costa,215000,Linea base,0.92,26.1,21.1,75.1,558,53,9.44,109,2,8,0,0.0,50.7,113,4,Rojo,1,1,0,0.0,109,0
2023-05-07,2023,19,Piura,Sullana,Sullana,Costa,180000,Linea base,0.92,26.9,20.5,75.9,354,34,9.74,92,1,5,0,0.0,51.11,68,24,Rojo,1,1,0,0.0,92,0
2023-05-07,2023,19,Ucayali,Coronel P.,Calleria,Selva,200000,Linea base,0.92,29.0,72.2,87.8,433,65,14.98,110,3,7,0,0.0,55.0,94,16,Rojo,1,1,0,0.0,110,0
2023-05-07,2023,19,Ucayali,Coronel P.,Yarinacocha,Selva,105000,Linea base,0.92,26.7,78.9,85.1,324,48,14.76,55,2,6,0,0.0,52.38,53,2,Rojo,1,1,0,0.0,55,0
2023-05-14,2023,20,La Libertad,Trujillo,El Porvenir,Costa,195000,Linea base,0.88,25.9,18.9,78.2,613,56,9.18,76,0,5,0,0.0,38.97,60,16,Rojo,1,1,0,0.0,76,0
2023-05-14,2023,20,La Libertad,Trujillo,La Esperanza,Costa,190000,Linea base,0.88,25.5,11.3,75.9,772,68,8.81,51,0,3,0,0.0,26.84,54,3,Rojo,1,1,0,0.0,51,0
2023-05-14,2023,20,La Libertad,Trujillo,Trujillo,Costa,320000,Linea base,0.88,25.8,14.8,76.9,797,77,9.62,72,1,3,0,0.0,22.5,67,5,Rojo,1,1,0,0.0,72,0
2023-05-14,2023,20,Lambayeque,Chiclayo,Chiclayo,Costa,290000,Linea base,0.88,25.5,20.1,75.9,926,80,8.66,71,5,9,0,0.0,24.48,90,19,Rojo,1,1,0,0.0,71,0
2023-05-14,2023,20,Lambayeque,Chiclayo,Jose Leonardo Ortiz,Costa,195000,Linea base,0.88,25.9,10.8,75.3,641,60,9.32,69,4,5,1,1.45,35.38,73,4,Rojo,1,1,0,0.0,69,0
2023-05-14,2023,20,Lima,Lima,Comas,Costa,525000,Linea base,0.88,24.8,21.7,74.0,1682,132,7.86,42,1,5,0,0.0,8.0,31,11,Amarillo,0,0,0,0.0,42,0
2023-05-14,2023,20,Lima,Lima,San Juan de Lurigancho,Costa,1120000,Linea base,0.88,26.3,17.7,76.2,2934,231,7.86,85,3,7,0,0.0,7.59,97,12,Amarillo,0,0,0,0.0,85,0
2023-05-14,2023,20,Lima,Lima,Villa El Salvador,Costa,395000,Linea base,0.88,26.1,12.6,77.6,942,64,6.84,34,3,3,0,0.0,8.61,31,3,Amarillo,0,0,0,0.0,34,0
2023-05-14,2023,20,Loreto,Maynas,Belen,Selva,78000,Linea base,0.88,27.7,81.0,87.2,309,46,14.81,39,1,3,0,0.0,50.0,40,1,Rojo,1,1,0,0.0,39,0
2023-05-14,2023,20,Loreto,Maynas,Iquitos,Selva,165000,Linea base,0.88,27.5,63.3,86.2,470,69,14.7,46,1,3,0,0.0,27.88,50,4,Rojo,1,1,0,0.0,46,0
2023-05-14,2023,20,Piura,Piura,Castilla,Costa,145000,Linea base,0.88,26.3,14.9,78.9,593,56,9.52,53,2,6,0,0.0,36.55,48,5,Rojo,1,1,0,0.0,53,0
2023-05-14,2023,20,Piura,Piura,Catacaos,Costa,72000,Linea base,0.88,26.0,18.3,79.5,120,10,8.57,36,1,1,0,0.0,50.0,31,5,Rojo,1,1,0,0.0,36,0
2023-05-14,2023,20,Piura,Piura,Piura,Costa,215000,Linea base,0.88,26.1,18.2,76.1,591,57,9.7,106,4,5,0,0.0,49.3,96,10,Rojo,1,1,0,0.0,106,0
2023-05-14,2023,20,Piura,Sullana,Sullana,Costa,180000,Linea base,0.88,24.6,11.4,76.3,382,34,9.02,69,4,9,0,0.0,38.33,68,1,Rojo,1,1,0,0.0,69,0
2023-05-14,2023,20,Ucayali,Coronel P.,Calleria,Selva,200000,Linea base,0.88,27.1,82.7,87.7,460,68,14.88,80,6,9,0,0.0,40.0,87,7,Rojo,1,1,0,0.0,80,0
2023-05-14,2023,20,Ucayali,Coronel P.,Yarinacocha,Selva,105000,Linea base,0.88,27.5,63.1,83.7,234,34,14.49,41,2,3,0,0.0,39.05,44,3,Rojo,1,1,0,0.0,41,0
2023-05-21,2023,21,La Libertad,Trujillo,El Porvenir,Costa,195000,Linea base,0.84,24.6,18.3,70.1,505,44,8.67,62,0,3,0,0.0,31.79,58,4,Rojo,1,1,0,0.0,62,0
2023-05-21,2023,21,La Libertad,Trujillo,La Esperanza,Costa,190000,Linea base,0.84,24.4,15.6,75.7,467,37,7.95,39,2,3,1,2.56,20.53,41,2,Rojo,1,1,0,0.0,39,0
2023-05-21,2023,21,La Libertad,Trujillo,Trujillo,Costa,320000,Linea base,0.84,24.3,5.4,76.8,790,61,7.67,61,0,2,0,0.0,19.06,74,13,Rojo,1,1,0,0.0,61,0
2023-05-21,2023,21,Lambayeque,Chiclayo,Chiclayo,Costa,290000,Linea base,0.84,25.8,15.8,74.2,774,64,8.26,95,6,12,0,0.0,32.76,72,23,Rojo,1,1,0,0.0,95,0
2023-05-21,2023,21,Lambayeque,Chiclayo,Jose Leonardo Ortiz,Costa,195000,Linea base,0.84,25.7,9.9,69.1,262,22,8.45,53,0,0,0,0.0,27.18,68,15,Rojo,1,1,0,0.0,53,0
2023-05-21,2023,21,Lima,Lima,Comas,Costa,525000,Linea base,0.84,24.9,10.4,72.5,1119,90,8.03,17,0,1,0,0.0,3.24,39,22,Amarillo,0,0,0,0.0,17,0
2023-05-21,2023,21,Lima,Lima,San Juan de Lurigancho,Costa,1120000,Linea base,0.84,26.3,11.7,74.8,3843,239,6.23,84,4,9,1,1.19,7.5,78,6,Amarillo,0,0,0,0.0,84,0
2023-05-21,2023,21,Lima,Lima,Villa El Salvador,Costa,395000,Linea base,0.84,24.9,13.4,77.0,1353,93,6.85,29,0,0,0,0.0,7.34,24,5,Amarillo,0,0,0,0.0,29,0
2023-05-21,2023,21,Loreto,Maynas,Belen,Selva,78000,Linea base,0.84,28.1,67.4,87.0,227,31,13.85,29,1,3,0,0.0,37.18,35,6,Rojo,1,1,0,0.0,29,0
2023-05-21,2023,21,Loreto,Maynas,Iquitos,Selva,165000,Linea base,0.84,26.8,55.5,87.0,521,72,13.75,53,2,3,0,0.0,32.12,47,6,Rojo,1,1,0,0.0,53,0
2023-05-21,2023,21,Piura,Piura,Castilla,Costa,145000,Linea base,0.84,25.6,11.5,71.1,393,36,9.21,48,1,3,0,0.0,33.1,41,7,Rojo,1,1,0,0.0,48,0
2023-05-21,2023,21,Piura,Piura,Catacaos,Costa,72000,Linea base,0.84,25.5,15.6,76.2,143,12,8.2,33,1,2,0,0.0,45.83,28,5,Rojo,1,1,0,0.0,33,0
2023-05-21,2023,21,Piura,Piura,Piura,Costa,215000,Linea base,0.84,25.9,24.6,73.9,338,29,8.51,80,0,3,0,0.0,37.21,60,20,Rojo,1,1,0,0.0,80,0
2023-05-21,2023,21,Piura,Sullana,Sullana,Costa,180000,Linea base,0.84,26.2,13.5,72.4,525,43,8.26,63,1,5,0,0.0,35.0,50,13,Rojo,1,1,0,0.0,63,0
2023-05-21,2023,21,Ucayali,Coronel P.,Calleria,Selva,200000,Linea base,0.84,26.6,67.2,84.1,348,48,13.93,98,3,7,0,0.0,49.0,74,24,Rojo,1,1,0,0.0,98,0
2023-05-21,2023,21,Ucayali,Coronel P.,Yarinacocha,Selva,105000,Linea base,0.84,27.5,87.7,84.8,260,36,13.97,46,2,4,0,0.0,43.81,39,7,Rojo,1,1,0,0.0,46,0
2023-05-28,2023,22,La Libertad,Trujillo,El Porvenir,Costa,195000,Linea base,0.8,24.7,6.8,76.5,603,50,8.21,39,2,4,0,0.0,20.0,45,6,Rojo,1,1,0,0.0,39,0
2023-05-28,2023,22,La Libertad,Trujillo,La Esperanza,Costa,190000,Linea base,0.8,25.3,13.2,69.2,338,25,7.32,29,1,2,0,0.0,15.26,32,3,Rojo,1,1,0,0.0,29,0
2023-05-28,2023,22,La Libertad,Trujillo,Trujillo,Costa,320000,Linea base,0.8,24.5,9.1,72.9,1295,87,6.69,59,0,4,0,0.0,18.44,55,4,Rojo,1,1,0,0.0,59,0
2023-05-28,2023,22,Lambayeque,Chiclayo,Chiclayo,Costa,290000,Linea base,0.8,23.5,10.5,72.8,781,59,7.57,62,3,7,0,0.0,21.38,72,10,Rojo,1,1,0,0.0,62,0
2023-05-28,2023,22,Lambayeque,Chiclayo,Jose Leonardo Ortiz,Costa,195000,Linea base,0.8,23.9,7.4,72.6,657,53,8.11,45,0,0,0,0.0,23.08,54,9,Rojo,1,1,0,0.0,45,0
2023-05-28,2023,22,Lima,Lima,Comas,Costa,525000,Linea base,0.8,25.1,10.6,77.7,1928,139,7.19,31,0,3,0,0.0,5.9,35,4,Amarillo,0,0,0,0.0,31,0
2023-05-28,2023,22,Lima,Lima,San Juan de Lurigancho,Costa,1120000,Linea base,0.8,24.7,8.0,73.3,2393,147,6.13,58,3,3,2,3.45,5.18,61,3,Amarillo,0,0,0,0.0,58,0
2023-05-28,2023,22,Lima,Lima,Villa El Salvador,Costa,395000,Linea base,0.8,25.4,12.1,73.1,1179,82,6.94,16,0,0,0,0.0,4.05,17,1,Verde,0,0,0,0.0,16,0
2023-05-28,2023,22,Loreto,Maynas,Belen,Selva,78000,Linea base,0.8,27.7,35.7,86.6,173,23,13.46,29,1,2,0,0.0,37.18,36,7,Rojo,1,1,0,0.0,29,0
2023-05-28,2023,22,Loreto,Maynas,Iquitos,Selva,165000,Linea base,0.8,25.9,28.4,85.9,407,53,12.98,56,2,3,0,0.0,33.94,41,15,Rojo,1,1,0,0.0,56,0
2023-05-28,2023,22,Piura,Piura,Castilla,Costa,145000,Linea base,0.8,25.2,8.0,71.7,449,37,8.17,27,1,3,0,0.0,18.62,42,15,Rojo,1,1,0,0.0,27,0
2023-05-28,2023,22,Piura,Piura,Catacaos,Costa,72000,Linea base,0.8,25.1,10.2,69.4,179,14,8.04,18,2,3,0,0.0,25.0,23,5,Rojo,1,1,0,0.0,18,0
2023-05-28,2023,22,Piura,Piura,Piura,Costa,215000,Linea base,0.8,23.5,4.9,74.1,575,46,8.01,67,6,10,0,0.0,31.16,64,3,Rojo,1,1,0,0.0,67,0
2023-05-28,2023,22,Piura,Sullana,Sullana,Costa,180000,Linea base,0.8,24.2,11.4,75.2,544,43,7.98,48,5,6,0,0.0,26.67,48,0,Rojo,1,1,0,0.0,48,0
2023-05-28,2023,22,Ucayali,Coronel P.,Calleria,Selva,200000,Linea base,0.8,25.9,59.9,81.8,537,73,13.62,75,7,14,1,1.33,37.5,64,11,Rojo,1,1,0,0.0,75,0
2023-05-28,2023,22,Ucayali,Coronel P.,Yarinacocha,Selva,105000,Linea base,0.8,27.6,46.4,87.3,322,43,13.25,37,0,1,0,0.0,35.24,36,1,Rojo,1,1,0,0.0,37,0
2023-06-04,2023,23,La Libertad,Trujillo,El Porvenir,Costa,195000,Linea base,0.76,23.7,6.9,72.0,471,29,6.09,43,0,0,0,0.0,22.05,34,9,Rojo,1,1,0,0.0,43,0
2023-06-04,2023,23,La Libertad,Trujillo,La Esperanza,Costa,190000,Linea base,0.76,23.6,2.3,72.6,438,26,5.99,27,0,0,0,0.0,14.21,26,1,Rojo,1,1,0,0.0,27,0
2023-06-04,2023,23,La Libertad,Trujillo,Trujillo,Costa,320000,Linea base,0.76,23.1,1.6,71.7,1143,76,6.64,37,1,1,0,0.0,11.56,41,4,Rojo,1,0,0,0.0,37,0
2023-06-04,2023,23,Lambayeque,Chiclayo,Chiclayo,Costa,290000,Linea base,0.76,24.6,11.7,77.4,650,44,6.7,50,1,8,0,0.0,17.24,32,18,Amarillo,0,1,0,0.0,50,0
2023-06-04,2023,23,Lambayeque,Chiclayo,Jose Leonardo Ortiz,Costa,195000,Linea base,0.76,24.7,3.4,67.3,398,28,6.97,31,0,1,0,0.0,15.9,43,12,Rojo,1,1,0,0.0,31,0
2023-06-04,2023,23,Lima,Lima,Comas,Costa,525000,Linea base,0.76,23.8,0.0,72.8,1314,87,6.59,21,1,2,0,0.0,4.0,23,2,Verde,0,0,0,0.0,21,0
2023-06-04,2023,23,Lima,Lima,San Juan de Lurigancho,Costa,1120000,Linea base,0.76,24.1,7.2,73.2,4014,280,6.96,55,2,6,0,0.0,4.91,43,12,Verde,0,0,0,0.0,55,0
2023-06-04,2023,23,Lima,Lima,Villa El Salvador,Costa,395000,Linea base,0.76,23.4,7.1,72.4,723,42,5.75,21,1,2,0,0.0,5.32,16,5,Verde,0,0,0,0.0,21,0
2023-06-04,2023,23,Loreto,Maynas,Belen,Selva,78000,Linea base,0.76,26.5,69.9,84.4,167,22,12.97,39,0,2,0,0.0,50.0,27,12,Rojo,1,1,0,0.0,39,0
2023-06-04,2023,23,Loreto,Maynas,Iquitos,Selva,165000,Linea base,0.76,27.0,72.3,86.8,265,33,12.39,33,1,2,0,0.0,20.0,44,11,Rojo,1,1,0,0.0,33,0
2023-06-04,2023,23,Piura,Piura,Castilla,Costa,145000,Linea base,0.76,23.3,4.8,70.6,346,26,7.43,39,2,4,0,0.0,26.9,36,3,Rojo,1,1,0,0.0,39,0
2023-06-04,2023,23,Piura,Piura,Catacaos,Costa,72000,Linea base,0.76,22.3,2.4,74.5,133,9,7.04,20,0,0,0,0.0,27.78,18,2,Rojo,1,1,0,0.0,20,0
2023-06-04,2023,23,Piura,Piura,Piura,Costa,215000,Linea base,0.76,24.7,5.4,71.7,607,47,7.71,62,0,2,0,0.0,28.84,53,9,Rojo,1,1,0,0.0,62,0
2023-06-04,2023,23,Piura,Sullana,Sullana,Costa,180000,Linea base,0.76,25.1,2.2,72.2,484,36,7.43,41,2,4,0,0.0,22.78,33,8,Rojo,1,1,0,0.0,41,0
2023-06-04,2023,23,Ucayali,Coronel P.,Calleria,Selva,200000,Linea base,0.76,26.9,39.5,88.7,477,62,12.95,73,3,5,0,0.0,36.5,69,4,Rojo,1,1,0,0.0,73,0
2023-06-04,2023,23,Ucayali,Coronel P.,Yarinacocha,Selva,105000,Linea base,0.76,26.0,47.8,86.7,251,31,12.48,38,2,3,0,0.0,36.19,33,5,Rojo,1,1,0,0.0,38,0
2023-06-11,2023,24,La Libertad,Trujillo,El Porvenir,Costa,195000,Linea base,0.71,23.6,3.9,73.5,405,22,5.45,25,2,4,0,0.0,12.82,27,2,Rojo,1,1,0,0.0,25,0
2023-06-11,2023,24,La Libertad,Trujillo,La Esperanza,Costa,190000,Linea base,0.71,22.6,4.2,72.9,574,32,5.61,19,0,1,0,0.0,10.0,20,1,Amarillo,0,0,0,0.0,19,0
2023-06-11,2023,24,La Libertad,Trujillo,Trujillo,Costa,320000,Linea base,0.71,23.4,2.3,69.6,813,41,5.1,30,1,2,0,0.0,9.38,35,5,Amarillo,0,0,0,0.0,30,0
2023-06-11,2023,24,Lambayeque,Chiclayo,Chiclayo,Costa,290000,Linea base,0.71,23.2,3.0,70.5,606,35,5.7,44,1,3,0,0.0,15.17,34,10,Amarillo,0,1,0,0.0,44,0
2023-06-11,2023,24,Lambayeque,Chiclayo,Jose Leonardo Ortiz,Costa,195000,Linea base,0.71,23.5,0.0,70.5,516,31,6.01,34,1,3,0,0.0,17.44,27,7,Rojo,1,1,0,0.0,34,0
2023-06-11,2023,24,Lima,Lima,Comas,Costa,525000,Linea base,0.71,23.2,5.3,73.2,1548,82,5.32,12,0,1,0,0.0,2.29,18,6,Verde,0,0,0,0.0,12,0
2023-06-11,2023,24,Lima,Lima,San Juan de Lurigancho,Costa,1120000,Linea base,0.71,24.5,2.8,73.1,3232,185,5.72,46,2,6,0,0.0,4.11,36,10,Verde,0,0,0,0.0,46,0
2023-06-11,2023,24,Lima,Lima,Villa El Salvador,Costa,395000,Linea base,0.71,23.4,0.7,68.2,679,35,5.16,9,0,1,0,0.0,2.28,13,4,Verde,0,0,0,0.0,9,0
2023-06-11,2023,24,Loreto,Maynas,Belen,Selva,78000,Linea base,0.71,27.0,46.2,85.8,178,22,12.6,24,0,0,0,0.0,30.77,26,2,Rojo,1,1,0,0.0,24,0
2023-06-11,2023,24,Loreto,Maynas,Iquitos,Selva,165000,Linea base,0.71,26.9,46.4,84.7,337,40,11.73,38,2,4,0,0.0,23.03,36,2,Rojo,1,1,0,0.0,38,0
2023-06-11,2023,24,Piura,Piura,Castilla,Costa,145000,Linea base,0.71,22.7,2.5,71.6,310,18,5.81,22,1,2,0,0.0,15.17,26,4,Rojo,1,1,0,0.0,22,0
2023-06-11,2023,24,Piura,Piura,Catacaos,Costa,72000,Linea base,0.71,23.2,0.0,69.0,190,13,6.6,21,1,1,0,0.0,29.17,16,5,Rojo,1,1,0,0.0,21,0
2023-06-11,2023,24,Piura,Piura,Piura,Costa,215000,Linea base,0.71,23.4,3.0,76.0,580,39,6.79,45,2,7,0,0.0,20.93,44,1,Rojo,1,1,0,0.0,45,0
2023-06-11,2023,24,Piura,Sullana,Sullana,Costa,180000,Linea base,0.71,22.8,7.9,71.7,561,35,6.32,35,3,3,0,0.0,19.44,31,4,Rojo,1,1,0,0.0,35,0
2023-06-11,2023,24,Ucayali,Coronel P.,Calleria,Selva,200000,Linea base,0.71,26.5,46.0,85.1,469,60,12.86,49,2,4,0,0.0,24.5,61,12,Rojo,1,1,0,0.0,49,0
2023-06-11,2023,24,Ucayali,Coronel P.,Yarinacocha,Selva,105000,Linea base,0.71,26.3,35.4,84.5,308,38,12.33,24,2,5,0,0.0,22.86,28,4,Rojo,1,1,0,0.0,24,0
2023-06-18,2023,25,La Libertad,Trujillo,El Porvenir,Costa,195000,Linea base,0.67,22.4,1.9,71.8,498,25,5.01,14,1,2,0,0.0,7.18,21,7,Amarillo,0,0,0,0.0,14,0
2023-06-18,2023,25,La Libertad,Trujillo,La Esperanza,Costa,190000,Linea base,0.67,23.5,6.2,68.1,382,16,4.16,21,0,2,0,0.0,11.05,12,9,Amarillo,0,0,0,0.0,21,0
2023-06-18,2023,25,La Libertad,Trujillo,Trujillo,Costa,320000,Linea base,0.67,23.7,0.1,72.3,1105,51,4.61,29,0,0,0,0.0,9.06,29,0,Amarillo,0,0,0,0.0,29,0
2023-06-18,2023,25,Lambayeque,Chiclayo,Chiclayo,Costa,290000,Linea base,0.67,22.0,5.3,68.2,412,21,5.08,40,0,3,0,0.0,13.79,34,6,Amarillo,0,1,0,0.0,40,0
2023-06-18,2023,25,Lambayeque,Chiclayo,Jose Leonardo Ortiz,Costa,195000,Linea base,0.67,22.9,0.0,69.3,569,28,4.86,26,0,0,0,0.0,13.33,21,5,Amarillo,0,1,0,0.0,26,0
2023-06-18,2023,25,Lima,Lima,Comas,Costa,525000,Linea base,0.67,23.6,2.6,67.6,954,45,4.76,16,0,0,0,0.0,3.05,11,5,Verde,0,0,0,0.0,16,0
2023-06-18,2023,25,Lima,Lima,San Juan de Lurigancho,Costa,1120000,Linea base,0.67,23.0,9.0,71.9,2742,138,5.04,33,0,0,0,0.0,2.95,30,3,Verde,0,0,0,0.0,33,0
2023-06-18,2023,25,Lima,Lima,Villa El Salvador,Costa,395000,Linea base,0.67,23.8,6.7,73.1,1582,77,4.84,13,0,1,0,0.0,3.29,10,3,Verde,0,0,0,0.0,13,0
2023-06-18,2023,25,Loreto,Maynas,Belen,Selva,78000,Linea base,0.67,25.9,49.2,83.8,243,29,11.78,27,0,0,0,0.0,34.62,21,6,Rojo,1,1,0,0.0,27,0
2023-06-18,2023,25,Loreto,Maynas,Iquitos,Selva,165000,Linea base,0.67,25.6,48.9,81.0,418,47,11.31,26,1,3,0,0.0,15.76,30,4,Rojo,1,1,0,0.0,26,0
2023-06-18,2023,25,Piura,Piura,Castilla,Costa,145000,Linea base,0.67,24.0,9.2,70.1,343,17,4.92,23,0,1,0,0.0,15.86,23,0,Rojo,1,1,0,0.0,23,0
2023-06-18,2023,25,Piura,Piura,Catacaos,Costa,72000,Linea base,0.67,23.8,5.2,74.5,150,7,4.68,17,0,2,0,0.0,23.61,13,4,Rojo,1,1,0,0.0,17,0
2023-06-18,2023,25,Piura,Piura,Piura,Costa,215000,Linea base,0.67,23.3,1.0,67.4,254,16,6.22,37,0,1,0,0.0,17.21,28,9,Rojo,1,1,0,0.0,37,0
2023-06-18,2023,25,Piura,Sullana,Sullana,Costa,180000,Linea base,0.67,23.5,0.0,73.0,397,23,5.74,32,2,4,0,0.0,17.78,22,10,Rojo,1,1,0,0.0,32,0
2023-06-18,2023,25,Ucayali,Coronel P.,Calleria,Selva,200000,Linea base,0.67,26.8,60.1,83.1,507,62,12.28,54,2,7,1,1.85,27.0,44,10,Rojo,1,1,0,0.0,54,0
2023-06-18,2023,25,Ucayali,Coronel P.,Yarinacocha,Selva,105000,Linea base,0.67,25.9,61.1,88.3,312,37,12.0,22,0,1,0,0.0,20.95,23,1,Rojo,1,1,0,0.0,22,0
2023-06-25,2023,26,La Libertad,Trujillo,El Porvenir,Costa,195000,Linea base,0.62,22.1,0.0,69.5,524,25,4.84,13,0,0,0,0.0,6.67,18,5,Amarillo,0,0,0,0.0,13,0
2023-06-25,2023,26,La Libertad,Trujillo,La Esperanza,Costa,190000,Linea base,0.62,23.1,0.0,72.0,438,15,3.43,12,0,1,0,0.0,6.32,11,1,Amarillo,0,0,0,0.0,12,0
2023-06-25,2023,26,La Libertad,Trujillo,Trujillo,Costa,320000,Linea base,0.62,22.0,0.0,71.5,435,21,4.87,26,1,4,0,0.0,8.12,21,5,Amarillo,0,0,0,0.0,26,0
2023-06-25,2023,26,Lambayeque,Chiclayo,Chiclayo,Costa,290000,Linea base,0.62,21.7,0.0,66.4,985,46,4.64,26,0,3,0,0.0,8.97,26,0,Amarillo,0,0,0,0.0,26,0
2023-06-25,2023,26,Lambayeque,Chiclayo,Jose Leonardo Ortiz,Costa,195000,Linea base,0.62,21.9,6.3,69.6,701,29,4.07,11,0,0,0,0.0,5.64,16,5,Amarillo,0,0,0,0.0,11,0
2023-06-25,2023,26,Lima,Lima,Comas,Costa,525000,Linea base,0.62,23.1,0.0,72.4,1626,63,3.85,19,1,1,0,0.0,3.62,12,7,Verde,0,0,0,0.0,19,0
2023-06-25,2023,26,Lima,Lima,San Juan de Lurigancho,Costa,1120000,Linea base,0.62,22.2,2.6,70.4,3461,147,4.24,26,0,1,0,0.0,2.32,23,3,Verde,0,0,0,0.0,26,0
2023-06-25,2023,26,Lima,Lima,Villa El Salvador,Costa,395000,Linea base,0.62,23.0,1.9,71.5,1082,48,4.4,5,0,1,0,0.0,1.27,10,5,Verde,0,0,0,0.0,5,0
2023-06-25,2023,26,Loreto,Maynas,Belen,Selva,78000,Linea base,0.62,25.3,29.5,81.0,191,23,11.78,13,0,0,0,0.0,16.67,24,11,Rojo,1,1,0,0.0,13,0
2023-06-25,2023,26,Loreto,Maynas,Iquitos,Selva,165000,Linea base,0.62,26.2,17.3,83.6,445,47,10.52,31,5,8,0,0.0,18.79,35,4,Rojo,1,1,0,0.0,31,0
2023-06-25,2023,26,Piura,Piura,Castilla,Costa,145000,Linea base,0.62,22.9,0.0,69.2,359,17,4.75,11,1,1,0,0.0,7.59,13,2,Amarillo,0,0,0,0.0,11,0
2023-06-25,2023,26,Piura,Piura,Catacaos,Costa,72000,Linea base,0.62,19.9,5.5,69.8,343,16,4.7,9,1,1,1,11.11,12.5,9,0,Rojo,1,1,0,0.0,9,0
2023-06-25,2023,26,Piura,Piura,Piura,Costa,215000,Linea base,0.62,23.1,0.0,70.9,484,28,5.83,25,2,2,0,0.0,11.63,21,4,Amarillo,0,0,0,0.0,25,0
2023-06-25,2023,26,Piura,Sullana,Sullana,Costa,180000,Linea base,0.62,22.7,0.0,69.8,530,26,4.83,18,2,3,0,0.0,10.0,21,3,Amarillo,0,0,0,0.0,18,0
2023-06-25,2023,26,Ucayali,Coronel P.,Calleria,Selva,200000,Linea base,0.62,26.8,38.2,84.3,686,79,11.49,47,0,0,0,0.0,23.5,49,2,Rojo,1,1,0,0.0,47,0
2023-06-25,2023,26,Ucayali,Coronel P.,Yarinacocha,Selva,105000,Linea base,0.62,25.6,60.3,81.6,374,43,11.5,28,3,5,0,0.0,26.67,22,6,Rojo,1,1,0,0.0,28,0
2023-07-02,2023,27,La Libertad,Trujillo,El Porvenir,Costa,195000,Linea base,0.57,23.0,0.0,67.1,431,20,4.68,16,1,1,0,0.0,8.21,14,2,Amarillo,0,0,0,0.0,16,0
2023-07-02,2023,27,La Libertad,Trujillo,La Esperanza,Costa,190000,Linea base,0.57,22.1,0.0,69.4,410,13,3.07,8,0,0,0,0.0,4.21,11,3,Amarillo,0,0,0,0.0,8,0
2023-07-02,2023,27,La Libertad,Trujillo,Trujillo,Costa,320000,Linea base,0.57,23.1,2.1,65.3,846,29,3.44,10,1,2,0,0.0,3.12,16,6,Verde,0,0,0,0.0,10,0
2023-07-02,2023,27,Lambayeque,Chiclayo,Chiclayo,Costa,290000,Linea base,0.57,21.4,0.0,70.4,686,21,3.03,16,0,0,0,0.0,5.52,18,2,Amarillo,0,0,0,0.0,16,0
2023-07-02,2023,27,Lambayeque,Chiclayo,Jose Leonardo Ortiz,Costa,195000,Linea base,0.57,21.8,0.0,69.3,218,9,4.0,10,0,0,0,0.0,5.13,14,4,Amarillo,0,0,0,0.0,10,0
2023-07-02,2023,27,Lima,Lima,Comas,Costa,525000,Linea base,0.57,22.7,0.0,70.7,1353,50,3.68,10,0,0,0,0.0,1.9,8,2,Verde,0,0,0,0.0,10,0
2023-07-02,2023,27,Lima,Lima,San Juan de Lurigancho,Costa,1120000,Linea base,0.57,21.1,0.0,70.3,4020,158,3.93,27,1,2,0,0.0,2.41,20,7,Verde,0,0,0,0.0,27,0
2023-07-02,2023,27,Lima,Lima,Villa El Salvador,Costa,395000,Linea base,0.57,20.9,0.0,68.2,1258,36,2.89,2,0,0,0,0.0,0.51,6,4,Verde,0,0,0,0.0,2,0
2023-07-02,2023,27,Loreto,Maynas,Belen,Selva,78000,Linea base,0.57,26.4,40.5,84.3,208,24,11.37,16,1,2,0,0.0,20.51,21,5,Rojo,1,1,0,0.0,16,0
2023-07-02,2023,27,Loreto,Maynas,Iquitos,Selva,165000,Linea base,0.57,27.0,42.2,80.8,307,32,10.59,30,0,2,0,0.0,18.18,27,3,Rojo,1,1,0,0.0,30,0
2023-07-02,2023,27,Piura,Piura,Castilla,Costa,145000,Linea base,0.57,20.9,0.0,65.4,225,9,4.18,14,0,0,0,0.0,9.66,8,6,Amarillo,0,0,0,0.0,14,0
2023-07-02,2023,27,Piura,Piura,Catacaos,Costa,72000,Linea base,0.57,22.8,0.0,67.0,136,5,3.79,8,0,0,0,0.0,11.11,7,1,Amarillo,0,0,0,0.0,8,0
2023-07-02,2023,27,Piura,Piura,Piura,Costa,215000,Linea base,0.57,21.7,1.3,67.9,603,27,4.41,27,1,5,0,0.0,12.56,16,11,Amarillo,0,1,0,0.0,27,0
2023-07-02,2023,27,Piura,Sullana,Sullana,Costa,180000,Linea base,0.57,21.6,6.5,67.9,464,21,4.53,12,1,1,0,0.0,6.67,17,5,Amarillo,0,0,0,0.0,12,0
2023-07-02,2023,27,Ucayali,Coronel P.,Calleria,Selva,200000,Linea base,0.57,26.7,51.7,86.3,344,34,9.94,32,1,2,0,0.0,16.0,45,13,Rojo,1,1,0,0.0,32,0
2023-07-02,2023,27,Ucayali,Coronel P.,Yarinacocha,Selva,105000,Linea base,0.57,26.8,15.7,84.0,471,49,10.47,21,0,0,0,0.0,20.0,19,2,Rojo,1,1,0,0.0,21,0
2023-07-09,2023,28,La Libertad,Trujillo,El Porvenir,Costa,195000,Linea base,0.53,22.4,1.5,67.9,452,21,4.59,9,1,2,0,0.0,4.62,12,3,Amarillo,0,0,0,0.0,9,0
2023-07-09,2023,28,La Libertad,Trujillo,La Esperanza,Costa,190000,Linea base,0.53,22.7,0.0,70.5,288,11,3.86,11,0,1,0,0.0,5.79,8,3,Verde,0,0,0,0.0,11,0
2023-07-09,2023,28,La Libertad,Trujillo,Trujillo,Costa,320000,Linea base,0.53,21.7,0.0,70.2,1173,30,2.56,10,0,3,0,0.0,3.12,16,6,Verde,0,0,0,0.0,10,0
2023-07-09,2023,28,Lambayeque,Chiclayo,Chiclayo,Costa,290000,Linea base,0.53,22.1,3.4,69.5,746,26,3.44,13,0,0,0,0.0,4.48,16,3,Amarillo,0,0,0,0.0,13,0
2023-07-09,2023,28,Lambayeque,Chiclayo,Jose Leonardo Ortiz,Costa,195000,Linea base,0.53,21.0,0.0,65.3,596,20,3.38,13,0,0,0,0.0,6.67,10,3,Amarillo,0,0,0,0.0,13,0
2023-07-09,2023,28,Lima,Lima,Comas,Costa,525000,Linea base,0.53,21.5,0.0,68.7,1685,57,3.37,9,0,1,0,0.0,1.71,4,5,Verde,0,0,0,0.0,9,0
2023-07-09,2023,28,Lima,Lima,San Juan de Lurigancho,Costa,1120000,Linea base,0.53,21.6,0.0,66.1,1492,56,3.74,13,0,1,0,0.0,1.16,21,8,Verde,0,0,0,0.0,13,0
2023-07-09,2023,28,Lima,Lima,Villa El Salvador,Costa,395000,Linea base,0.53,21.9,0.0,69.2,709,25,3.58,9,0,2,0,0.0,2.28,6,3,Verde,0,0,0,0.0,9,0
2023-07-09,2023,28,Loreto,Maynas,Belen,Selva,78000,Linea base,0.53,26.2,43.1,81.0,275,28,10.32,12,2,2,0,0.0,15.38,13,1,Rojo,1,1,0,0.0,12,0
2023-07-09,2023,28,Loreto,Maynas,Iquitos,Selva,165000,Linea base,0.53,26.0,58.1,84.5,481,46,9.66,21,1,1,0,0.0,12.73,25,4,Rojo,1,1,0,0.0,21,0
2023-07-09,2023,28,Piura,Piura,Castilla,Costa,145000,Linea base,0.53,22.2,0.0,67.9,588,19,3.31,13,0,0,0,0.0,8.97,9,4,Amarillo,0,0,0,0.0,13,0
2023-07-09,2023,28,Piura,Piura,Catacaos,Costa,72000,Linea base,0.53,21.6,0.0,67.5,181,6,3.48,2,0,0,0,0.0,2.78,5,3,Amarillo,0,0,0,0.0,2,0
2023-07-09,2023,28,Piura,Piura,Piura,Costa,215000,Linea base,0.53,22.5,0.0,66.3,567,25,4.35,14,1,1,0,0.0,6.51,15,1,Amarillo,0,0,0,0.0,14,0
2023-07-09,2023,28,Piura,Sullana,Sullana,Costa,180000,Linea base,0.53,21.2,0.1,67.7,382,15,3.91,14,1,2,0,0.0,7.78,12,2,Amarillo,0,0,0,0.0,14,0
2023-07-09,2023,28,Ucayali,Coronel P.,Calleria,Selva,200000,Linea base,0.53,26.0,45.8,80.6,561,52,9.34,33,3,3,0,0.0,16.5,34,1,Rojo,1,1,0,0.0,33,0
2023-07-09,2023,28,Ucayali,Coronel P.,Yarinacocha,Selva,105000,Linea base,0.53,26.9,35.5,84.6,373,36,9.62,21,0,4,0,0.0,20.0,17,4,Rojo,1,1,0,0.0,21,0
2023-07-16,2023,29,La Libertad,Trujillo,El Porvenir,Costa,195000,Linea base,0.49,19.7,0.0,71.3,511,18,3.44,10,1,1,0,0.0,5.13,9,1,Verde,0,0,0,0.0,10,0
2023-07-16,2023,29,La Libertad,Trujillo,La Esperanza,Costa,190000,Linea base,0.49,20.8,0.0,66.0,310,10,3.16,6,0,0,0,0.0,3.16,7,1,Verde,0,0,0,0.0,6,0
2023-07-16,2023,29,La Libertad,Trujillo,Trujillo,Costa,320000,Linea base,0.49,20.2,0.0,67.4,858,22,2.54,16,0,0,0,0.0,5.0,9,7,Verde,0,0,0,0.0,16,0
2023-07-16,2023,29,Lambayeque,Chiclayo,Chiclayo,Costa,290000,Linea base,0.49,21.6,0.0,70.9,673,23,3.44,10,0,2,0,0.0,3.45,12,2,Verde,0,0,0,0.0,10,0
2023-07-16,2023,29,Lambayeque,Chiclayo,Jose Leonardo Ortiz,Costa,195000,Linea base,0.49,20.9,0.0,71.2,649,24,3.64,9,0,0,0,0.0,4.62,11,2,Amarillo,0,0,0,0.0,9,0
2023-07-16,2023,29,Lima,Lima,Comas,Costa,525000,Linea base,0.49,19.9,0.0,69.3,1465,41,2.78,2,0,0,0,0.0,0.38,7,5,Verde,0,0,0,0.0,2,0
2023-07-16,2023,29,Lima,Lima,San Juan de Lurigancho,Costa,1120000,Linea base,0.49,21.1,0.0,66.7,4080,125,3.06,12,1,2,0,0.0,1.07,17,5,Verde,0,0,0,0.0,12,0
2023-07-16,2023,29,Lima,Lima,Villa El Salvador,Costa,395000,Linea base,0.49,21.4,2.9,70.2,762,20,2.65,2,0,0,0,0.0,0.51,6,4,Verde,0,0,0,0.0,2,0
2023-07-16,2023,29,Loreto,Maynas,Belen,Selva,78000,Linea base,0.49,27.1,37.2,80.8,304,31,10.18,19,1,1,0,0.0,24.36,15,4,Rojo,1,1,0,0.0,19,0
2023-07-16,2023,29,Loreto,Maynas,Iquitos,Selva,165000,Linea base,0.49,25.8,21.7,83.7,673,63,9.31,27,2,4,0,0.0,16.36,16,11,Amarillo,0,1,0,0.0,27,0
2023-07-16,2023,29,Piura,Piura,Castilla,Costa,145000,Linea base,0.49,21.7,0.0,68.7,457,19,4.25,3,0,1,0,0.0,2.07,7,4,Verde,0,0,0,0.0,3,0
2023-07-16,2023,29,Piura,Piura,Catacaos,Costa,72000,Linea base,0.49,22.1,0.0,68.0,191,7,3.41,3,0,0,0,0.0,4.17,3,0,Verde,0,0,0,0.0,3,0
2023-07-16,2023,29,Piura,Piura,Piura,Costa,215000,Linea base,0.49,21.7,0.0,69.0,543,21,3.9,17,0,1,0,0.0,7.91,13,4,Amarillo,0,0,0,0.0,17,0
2023-07-16,2023,29,Piura,Sullana,Sullana,Costa,180000,Linea base,0.49,21.4,0.0,66.5,379,12,3.24,13,2,2,0,0.0,7.22,12,1,Amarillo,0,0,0,0.0,13,0
2023-07-16,2023,29,Ucayali,Coronel P.,Calleria,Selva,200000,Linea base,0.49,25.9,24.8,85.4,468,44,9.5,39,1,1,0,0.0,19.5,36,3,Rojo,1,1,0,0.0,39,0
2023-07-16,2023,29,Ucayali,Coronel P.,Yarinacocha,Selva,105000,Linea base,0.49,25.0,43.4,83.1,252,22,8.84,8,0,1,0,0.0,7.62,11,3,Amarillo,0,0,0,0.0,8,0
2023-07-23,2023,30,La Libertad,Trujillo,El Porvenir,Costa,195000,Linea base,0.45,21.2,0.0,70.3,487,16,3.2,10,1,1,0,0.0,5.13,7,3,Verde,0,0,0,0.0,10,0
2023-07-23,2023,30,La Libertad,Trujillo,La Esperanza,Costa,190000,Linea base,0.45,21.4,0.2,67.8,204,6,2.88,7,0,1,0,0.0,3.68,6,1,Verde,0,0,0,0.0,7,0
2023-07-23,2023,30,La Libertad,Trujillo,Trujillo,Costa,320000,Linea base,0.45,21.9,0.0,61.3,581,16,2.72,8,0,0,0,0.0,2.5,10,2,Verde,0,0,0,0.0,8,0
2023-07-23,2023,30,Lambayeque,Chiclayo,Chiclayo,Costa,290000,Linea base,0.45,21.1,0.0,69.6,922,22,2.44,14,0,2,0,0.0,4.83,9,5,Verde,0,0,0,0.0,14,0
2023-07-23,2023,30,Lambayeque,Chiclayo,Jose Leonardo Ortiz,Costa,195000,Linea base,0.45,21.0,0.0,62.9,349,8,2.22,8,0,1,0,0.0,4.1,7,1,Verde,0,0,0,0.0,8,0
2023-07-23,2023,30,Lima,Lima,Comas,Costa,525000,Linea base,0.45,20.7,0.0,67.4,1183,33,2.81,5,0,0,0,0.0,0.95,6,1,Verde,0,0,0,0.0,5,0
2023-07-23,2023,30,Lima,Lima,San Juan de Lurigancho,Costa,1120000,Linea base,0.45,21.1,0.0,66.1,2871,71,2.49,16,0,0,0,0.0,1.43,12,4,Verde,0,0,0,0.0,16,0
2023-07-23,2023,30,Lima,Lima,Villa El Salvador,Costa,395000,Linea base,0.45,21.0,0.0,66.6,1279,44,3.41,4,0,0,0,0.0,1.01,5,1,Verde,0,0,0,0.0,4,0
2023-07-23,2023,30,Loreto,Maynas,Belen,Selva,78000,Linea base,0.45,24.8,42.4,85.9,160,14,8.88,8,0,0,0,0.0,10.26,11,3,Rojo,1,0,0,0.0,8,0
2023-07-23,2023,30,Loreto,Maynas,Iquitos,Selva,165000,Linea base,0.45,25.9,44.8,83.3,528,47,8.94,17,0,0,0,0.0,10.3,15,2,Amarillo,0,0,0,0.0,17,0
2023-07-23,2023,30,Piura,Piura,Castilla,Costa,145000,Linea base,0.45,21.6,0.0,65.9,425,13,3.15,6,0,0,0,0.0,4.14,5,1,Verde,0,0,0,0.0,6,0
2023-07-23,2023,30,Piura,Piura,Catacaos,Costa,72000,Linea base,0.45,21.6,0.0,67.8,207,7,3.45,3,0,0,0,0.0,4.17,2,1,Verde,0,0,0,0.0,3,0
2023-07-23,2023,30,Piura,Piura,Piura,Costa,215000,Linea base,0.45,20.6,0.0,64.5,772,26,3.32,6,1,1,0,0.0,2.79,9,3,Verde,0,0,0,0.0,6,0
2023-07-23,2023,30,Piura,Sullana,Sullana,Costa,180000,Linea base,0.45,21.5,0.0,66.1,562,23,4.03,5,0,0,0,0.0,2.78,7,2,Verde,0,0,0,0.0,5,0
2023-07-23,2023,30,Ucayali,Coronel P.,Calleria,Selva,200000,Linea base,0.45,25.4,52.4,85.8,523,45,8.7,30,1,2,0,0.0,15.0,28,2,Rojo,1,1,0,0.0,30,0
2023-07-23,2023,30,Ucayali,Coronel P.,Yarinacocha,Selva,105000,Linea base,0.45,25.7,34.8,85.2,174,15,8.73,17,1,3,0,0.0,16.19,8,9,Amarillo,0,1,0,0.0,17,0
2023-07-30,2023,31,La Libertad,Trujillo,El Porvenir,Costa,195000,Linea base,0.41,21.3,0.0,70.2,445,15,3.48,7,0,1,0,0.0,3.59,6,1,Verde,0,0,0,0.0,7,0
2023-07-30,2023,31,La Libertad,Trujillo,La Esperanza,Costa,190000,Linea base,0.41,20.3,0.0,66.1,635,15,2.43,6,1,3,0,0.0,3.16,3,3,Verde,0,0,0,0.0,6,0
2023-07-30,2023,31,La Libertad,Trujillo,Trujillo,Costa,320000,Linea base,0.41,20.5,0.0,66.8,704,17,2.4,10,0,1,0,0.0,3.12,7,3,Verde,0,0,0,0.0,10,0
2023-07-30,2023,31,Lambayeque,Chiclayo,Chiclayo,Costa,290000,Linea base,0.41,20.0,0.0,66.8,465,12,2.53,9,0,0,0,0.0,3.1,7,2,Verde,0,0,0,0.0,9,0
2023-07-30,2023,31,Lambayeque,Chiclayo,Jose Leonardo Ortiz,Costa,195000,Linea base,0.41,22.3,0.3,65.5,245,5,2.15,5,1,2,0,0.0,2.56,7,2,Verde,0,0,0,0.0,5,0
2023-07-30,2023,31,Lima,Lima,Comas,Costa,525000,Linea base,0.41,21.3,0.0,66.5,993,20,2.01,1,0,0,0,0.0,0.19,3,2,Verde,0,0,0,0.0,1,0
2023-07-30,2023,31,Lima,Lima,San Juan de Lurigancho,Costa,1120000,Linea base,0.41,21.7,0.0,69.0,2576,61,2.37,15,2,3,0,0.0,1.34,9,6,Verde,0,0,0,0.0,15,0
2023-07-30,2023,31,Lima,Lima,Villa El Salvador,Costa,395000,Linea base,0.41,19.7,0.0,62.7,679,19,2.79,2,0,0,0,0.0,0.51,3,1,Verde,0,0,0,0.0,2,0
2023-07-30,2023,31,Loreto,Maynas,Belen,Selva,78000,Linea base,0.41,25.3,35.1,82.0,120,11,9.26,7,0,0,0,0.0,8.97,11,4,Rojo,1,0,0,0.0,7,0
2023-07-30,2023,31,Loreto,Maynas,Iquitos,Selva,165000,Linea base,0.41,26.1,25.9,80.3,391,32,8.24,18,1,1,0,0.0,10.91,13,5,Amarillo,0,0,0,0.0,18,0
2023-07-30,2023,31,Piura,Piura,Castilla,Costa,145000,Linea base,0.41,20.6,0.0,66.2,553,19,3.45,7,0,0,0,0.0,4.83,4,3,Verde,0,0,0,0.0,7,0
2023-07-30,2023,31,Piura,Piura,Catacaos,Costa,72000,Linea base,0.41,20.2,0.0,66.0,125,4,3.26,3,0,0,0,0.0,4.17,3,0,Verde,0,0,0,0.0,3,0
2023-07-30,2023,31,Piura,Piura,Piura,Costa,215000,Linea base,0.41,21.1,0.0,70.3,166,8,4.77,7,0,0,0,0.0,3.26,9,2,Verde,0,0,0,0.0,7,0
2023-07-30,2023,31,Piura,Sullana,Sullana,Costa,180000,Linea base,0.41,21.5,0.0,69.1,497,18,3.55,10,1,2,0,0.0,5.56,6,4,Verde,0,0,0,0.0,10,0
2023-07-30,2023,31,Ucayali,Coronel P.,Calleria,Selva,200000,Linea base,0.41,26.5,32.6,83.5,574,54,9.36,22,2,2,0,0.0,11.0,23,1,Amarillo,0,0,0,0.0,22,0
2023-07-30,2023,31,Ucayali,Coronel P.,Yarinacocha,Selva,105000,Linea base,0.41,25.6,42.2,84.1,323,28,8.82,15,0,0,0,0.0,14.29,13,2,Rojo,1,1,0,0.0,15,0
2023-08-06,2023,32,La Libertad,Trujillo,El Porvenir,Costa,195000,Linea base,0.37,20.9,0.0,68.7,537,18,3.32,3,0,1,0,0.0,1.54,5,2,Verde,0,0,0,0.0,3,0
2023-08-06,2023,32,La Libertad,Trujillo,La Esperanza,Costa,190000,Linea base,0.37,20.2,0.0,67.3,371,10,2.81,7,0,2,0,0.0,3.68,3,4,Verde,0,0,0,0.0,7,0
2023-08-06,2023,32,La Libertad,Trujillo,Trujillo,Costa,320000,Linea base,0.37,22.9,0.0,67.8,656,14,2.12,9,1,1,0,0.0,2.81,4,5,Verde,0,0,0,0.0,9,0
2023-08-06,2023,32,Lambayeque,Chiclayo,Chiclayo,Costa,290000,Linea base,0.37,21.9,0.0,61.6,647,13,2.08,5,0,0,0,0.0,1.72,9,4,Verde,0,0,0,0.0,5,0
2023-08-06,2023,32,Lambayeque,Chiclayo,Jose Leonardo Ortiz,Costa,195000,Linea base,0.37,21.8,0.0,67.7,593,17,2.79,3,0,0,0,0.0,1.54,5,2,Verde,0,0,0,0.0,3,0
2023-08-06,2023,32,Lima,Lima,Comas,Costa,525000,Linea base,0.37,20.3,0.0,68.2,1529,29,1.9,3,0,1,0,0.0,0.57,2,1,Verde,0,0,0,0.0,3,0
2023-08-06,2023,32,Lima,Lima,San Juan de Lurigancho,Costa,1120000,Linea base,0.37,20.9,0.0,62.4,1724,36,2.07,11,0,0,0,0.0,0.98,9,2,Verde,0,0,0,0.0,11,0
2023-08-06,2023,32,Lima,Lima,Villa El Salvador,Costa,395000,Linea base,0.37,21.1,0.0,68.6,324,5,1.41,2,0,0,0,0.0,0.51,3,1,Verde,0,0,0,0.0,2,0
2023-08-06,2023,32,Loreto,Maynas,Belen,Selva,78000,Linea base,0.37,26.5,51.5,82.4,174,14,8.33,9,0,0,0,0.0,11.54,8,1,Amarillo,0,0,0,0.0,9,0
2023-08-06,2023,32,Loreto,Maynas,Iquitos,Selva,165000,Linea base,0.37,25.0,28.2,85.6,529,43,8.15,14,0,0,0,0.0,8.48,14,0,Amarillo,0,0,0,0.0,14,0
2023-08-06,2023,32,Piura,Piura,Castilla,Costa,145000,Linea base,0.37,20.2,1.5,67.6,490,18,3.77,5,0,0,0,0.0,3.45,3,2,Verde,0,0,0,0.0,5,0
2023-08-06,2023,32,Piura,Piura,Catacaos,Costa,72000,Linea base,0.37,20.4,0.0,69.7,229,7,3.16,1,0,0,0,0.0,1.39,1,0,Verde,0,0,0,0.0,1,0
2023-08-06,2023,32,Piura,Piura,Piura,Costa,215000,Linea base,0.37,19.6,2.4,67.8,612,25,4.08,4,0,0,0,0.0,1.86,5,1,Verde,0,0,0,0.0,4,0
2023-08-06,2023,32,Piura,Sullana,Sullana,Costa,180000,Linea base,0.37,21.3,0.0,67.4,590,21,3.49,4,0,0,0,0.0,2.22,3,1,Verde,0,0,0,0.0,4,0
2023-08-06,2023,32,Ucayali,Coronel P.,Calleria,Selva,200000,Linea base,0.37,25.1,34.3,79.4,420,40,9.6,18,0,1,0,0.0,9.0,24,6,Amarillo,0,0,0,0.0,18,0
2023-08-06,2023,32,Ucayali,Coronel P.,Yarinacocha,Selva,105000,Linea base,0.37,25.4,30.6,85.6,379,34,8.9,11,0,0,0,0.0,10.48,12,1,Amarillo,0,0,0,0.0,11,0
2023-08-13,2023,33,La Libertad,Trujillo,El Porvenir,Costa,195000,Linea base,0.34,21.1,0.0,68.3,636,21,3.23,3,0,0,0,0.0,1.54,4,1,Verde,0,0,0,0.0,3,0
2023-08-13,2023,33,La Libertad,Trujillo,La Esperanza,Costa,190000,Linea base,0.34,20.0,0.0,66.4,729,18,2.43,2,0,0,0,0.0,1.05,4,2,Verde,0,0,0,0.0,2,0
2023-08-13,2023,33,La Libertad,Trujillo,Trujillo,Costa,320000,Linea base,0.34,19.8,0.0,67.8,708,20,2.88,1,0,0,0,0.0,0.31,7,6,Verde,0,0,0,0.0,1,0
2023-08-13,2023,33,Lambayeque,Chiclayo,Chiclayo,Costa,290000,Linea base,0.34,20.4,0.0,67.2,849,21,2.48,8,1,1,0,0.0,2.76,8,0,Verde,0,0,0,0.0,8,0
2023-08-13,2023,33,Lambayeque,Chiclayo,Jose Leonardo Ortiz,Costa,195000,Linea base,0.34,19.8,0.6,65.1,567,16,2.82,2,0,0,0,0.0,1.03,3,1,Verde,0,0,0,0.0,2,0
2023-08-13,2023,33,Lima,Lima,Comas,Costa,525000,Linea base,0.34,20.6,0.0,65.2,1249,23,1.86,3,0,0,0,0.0,0.57,1,2,Verde,0,0,0,0.0,3,0
2023-08-13,2023,33,Lima,Lima,San Juan de Lurigancho,Costa,1120000,Linea base,0.34,19.8,0.0,67.1,2623,54,2.08,9,0,0,0,0.0,0.8,8,1,Verde,0,0,0,0.0,9,0
2023-08-13,2023,33,Lima,Lima,Villa El Salvador,Costa,395000,Linea base,0.34,20.2,0.0,67.5,625,10,1.58,4,0,1,0,0.0,1.01,2,2,Verde,0,0,0,0.0,4,0
2023-08-13,2023,33,Loreto,Maynas,Belen,Selva,78000,Linea base,0.34,25.9,26.6,84.9,177,15,8.74,10,0,1,0,0.0,12.82,10,0,Rojo,1,1,0,0.0,10,0
2023-08-13,2023,33,Loreto,Maynas,Iquitos,Selva,165000,Linea base,0.34,26.3,47.4,84.9,575,43,7.41,10,0,0,0,0.0,6.06,9,1,Amarillo,0,0,0,0.0,10,0
2023-08-13,2023,33,Piura,Piura,Castilla,Costa,145000,Linea base,0.34,21.3,0.4,69.5,469,13,2.78,3,0,0,0,0.0,2.07,2,1,Verde,0,0,0,0.0,3,0
2023-08-13,2023,33,Piura,Piura,Catacaos,Costa,72000,Linea base,0.34,21.3,1.9,65.1,196,5,2.76,5,0,0,0,0.0,6.94,3,2,Verde,0,0,0,0.0,5,0
2023-08-13,2023,33,Piura,Piura,Piura,Costa,215000,Linea base,0.34,20.8,0.0,68.5,509,15,2.99,1,0,0,0,0.0,0.47,5,4,Verde,0,0,0,0.0,1,0
2023-08-13,2023,33,Piura,Sullana,Sullana,Costa,180000,Linea base,0.34,20.7,0.0,68.4,281,11,3.78,6,0,0,0,0.0,3.33,4,2,Verde,0,0,0,0.0,6,0
2023-08-13,2023,33,Ucayali,Coronel P.,Calleria,Selva,200000,Linea base,0.34,26.1,31.9,83.1,526,48,9.09,16,2,2,0,0.0,8.0,22,6,Amarillo,0,0,0,0.0,16,0
2023-08-13,2023,33,Ucayali,Coronel P.,Yarinacocha,Selva,105000,Linea base,0.34,25.5,9.2,82.5,405,34,8.49,9,0,1,0,0.0,8.57,9,0,Amarillo,0,0,0,0.0,9,0
2023-08-20,2023,34,La Libertad,Trujillo,El Porvenir,Costa,195000,Linea base,0.31,21.1,0.0,65.8,393,9,2.24,6,0,0,0,0.0,3.08,2,4,Verde,0,0,0,0.0,6,0
2023-08-20,2023,34,La Libertad,Trujillo,La Esperanza,Costa,190000,Linea base,0.31,19.6,1.9,67.5,313,9,2.75,1,0,0,0,0.0,0.53,2,1,Verde,0,0,0,0.0,1,0
2023-08-20,2023,34,La Libertad,Trujillo,Trujillo,Costa,320000,Linea base,0.31,21.5,0.0,66.3,1220,43,3.52,4,0,0,0,0.0,1.25,5,1,Verde,0,0,0,0.0,4,0
2023-08-20,2023,34,Lambayeque,Chiclayo,Chiclayo,Costa,290000,Linea base,0.31,21.6,2.4,69.2,1141,19,1.69,3,0,0,0,0.0,1.03,6,3,Verde,0,0,0,0.0,3,0
2023-08-20,2023,34,Lambayeque,Chiclayo,Jose Leonardo Ortiz,Costa,195000,Linea base,0.31,21.4,5.4,68.5,695,16,2.34,4,0,0,0,0.0,2.05,4,0,Verde,0,0,0,0.0,4,0
2023-08-20,2023,34,Lima,Lima,Comas,Costa,525000,Linea base,0.31,20.2,0.0,67.6,1099,29,2.65,5,0,0,0,0.0,0.95,4,1,Verde,0,0,0,0.0,5,0
2023-08-20,2023,34,Lima,Lima,San Juan de Lurigancho,Costa,1120000,Linea base,0.31,22.0,0.0,67.9,2659,37,1.41,7,0,0,0,0.0,0.62,8,1,Verde,0,0,0,0.0,7,0
2023-08-20,2023,34,Lima,Lima,Villa El Salvador,Costa,395000,Linea base,0.31,20.0,0.0,69.3,1250,25,1.99,0,0,0,0,0.0,0.0,3,3,Verde,0,0,0,0.0,0,0
2023-08-20,2023,34,Loreto,Maynas,Belen,Selva,78000,Linea base,0.31,26.0,17.7,84.8,248,22,9.03,7,0,0,0,0.0,8.97,7,0,Amarillo,0,0,0,0.0,7,0
2023-08-20,2023,34,Loreto,Maynas,Iquitos,Selva,165000,Linea base,0.31,25.6,41.3,82.4,703,51,7.2,7,1,1,0,0.0,4.24,11,4,Amarillo,0,0,0,0.0,7,0
2023-08-20,2023,34,Piura,Piura,Castilla,Costa,145000,Linea base,0.31,19.9,0.0,64.6,464,16,3.51,2,0,0,0,0.0,1.38,2,0,Verde,0,0,0,0.0,2,0
2023-08-20,2023,34,Piura,Piura,Catacaos,Costa,72000,Linea base,0.31,20.5,0.0,64.4,120,3,2.33,1,0,0,0,0.0,1.39,0,1,Verde,0,0,0,0.0,1,0
2023-08-20,2023,34,Piura,Piura,Piura,Costa,215000,Linea base,0.31,21.0,0.0,68.9,638,19,3.05,4,0,0,0,0.0,1.86,3,1,Verde,0,0,0,0.0,4,0
2023-08-20,2023,34,Piura,Sullana,Sullana,Costa,180000,Linea base,0.31,20.1,0.0,67.0,365,12,3.31,2,0,0,0,0.0,1.11,4,2,Verde,0,0,0,0.0,2,0
2023-08-20,2023,34,Ucayali,Coronel P.,Calleria,Selva,200000,Linea base,0.31,25.3,42.3,83.0,650,62,9.51,16,0,0,0,0.0,8.0,19,3,Amarillo,0,0,0,0.0,16,0
2023-08-20,2023,34,Ucayali,Coronel P.,Yarinacocha,Selva,105000,Linea base,0.31,26.8,55.5,86.2,311,25,7.91,9,2,2,0,0.0,8.57,10,1,Amarillo,0,0,0,0.0,9,0
2023-08-27,2023,35,La Libertad,Trujillo,El Porvenir,Costa,195000,Linea base,0.29,21.2,0.0,69.6,543,12,2.29,0,0,0,0,0.0,0.0,2,2,Verde,0,0,0,0.0,0,0
2023-08-27,2023,35,La Libertad,Trujillo,La Esperanza,Costa,190000,Linea base,0.29,21.6,0.0,65.3,730,18,2.41,1,0,0,0,0.0,0.53,1,0,Verde,0,0,0,0.0,1,0
2023-08-27,2023,35,La Libertad,Trujillo,Trujillo,Costa,320000,Linea base,0.29,20.7,2.3,70.3,702,21,2.93,2,1,1,0,0.0,0.62,4,2,Verde,0,0,0,0.0,2,0
2023-08-27,2023,35,Lambayeque,Chiclayo,Chiclayo,Costa,290000,Linea base,0.29,20.5,1.5,67.6,1031,20,1.97,1,0,0,0,0.0,0.34,3,2,Verde,0,0,0,0.0,1,0
2023-08-27,2023,35,Lambayeque,Chiclayo,Jose Leonardo Ortiz,Costa,195000,Linea base,0.29,21.4,0.0,70.1,623,17,2.74,2,0,0,0,0.0,1.03,2,0,Verde,0,0,0,0.0,2,0
2023-08-27,2023,35,Lima,Lima,Comas,Costa,525000,Linea base,0.29,22.7,0.0,70.9,1820,36,1.99,2,0,0,0,0.0,0.38,3,1,Verde,0,0,0,0.0,2,0
2023-08-27,2023,35,Lima,Lima,San Juan de Lurigancho,Costa,1120000,Linea base,0.29,20.9,0.0,67.5,2066,21,1.02,9,0,0,0,0.0,0.8,5,4,Verde,0,0,0,0.0,9,0
2023-08-27,2023,35,Lima,Lima,Villa El Salvador,Costa,395000,Linea base,0.29,19.6,0.0,64.1,1101,20,1.78,5,1,1,0,0.0,1.27,2,3,Verde,0,0,0,0.0,5,0
2023-08-27,2023,35,Loreto,Maynas,Belen,Selva,78000,Linea base,0.29,24.8,31.6,83.1,250,20,8.03,6,0,0,0,0.0,7.69,10,4,Rojo,1,0,0,0.0,6,0
2023-08-27,2023,35,Loreto,Maynas,Iquitos,Selva,165000,Linea base,0.29,25.3,30.6,82.5,273,20,7.48,7,0,0,0,0.0,4.24,11,4,Amarillo,0,0,0,0.0,7,0
2023-08-27,2023,35,Piura,Piura,Castilla,Costa,145000,Linea base,0.29,20.4,1.9,67.9,395,11,2.9,0,0,0,0,0.0,0.0,3,3,Verde,0,0,0,0.0,0,0
2023-08-27,2023,35,Piura,Piura,Catacaos,Costa,72000,Linea base,0.29,21.0,0.9,65.8,121,3,2.73,0,0,0,0,0.0,0.0,1,1,Verde,0,0,0,0.0,0,0
2023-08-27,2023,35,Piura,Piura,Piura,Costa,215000,Linea base,0.29,20.8,0.0,66.3,501,14,2.84,2,1,1,0,0.0,0.93,3,1,Verde,0,0,0,0.0,2,0
2023-08-27,2023,35,Piura,Sullana,Sullana,Costa,180000,Linea base,0.29,22.1,0.0,68.9,368,12,3.15,1,0,0,0,0.0,0.56,2,1,Verde,0,0,0,0.0,1,0
2023-08-27,2023,35,Ucayali,Coronel P.,Calleria,Selva,200000,Linea base,0.29,25.9,28.2,81.4,523,43,8.26,16,1,1,0,0.0,8.0,14,2,Amarillo,0,0,0,0.0,16,0
2023-08-27,2023,35,Ucayali,Coronel P.,Yarinacocha,Selva,105000,Linea base,0.29,26.4,37.3,84.1,253,20,7.92,8,0,0,0,0.0,7.62,7,1,Amarillo,0,0,0,0.0,8,0
2023-09-03,2023,36,La Libertad,Trujillo,El Porvenir,Costa,195000,Linea base,0.27,22.3,4.6,66.1,382,11,2.81,0,0,0,0,0.0,0.0,3,3,Verde,0,0,0,0.0,0,0
2023-09-03,2023,36,La Libertad,Trujillo,La Esperanza,Costa,190000,Linea base,0.27,21.4,0.0,70.7,484,13,2.68,2,0,0,0,0.0,1.05,1,1,Verde,0,0,0,0.0,2,0
2023-09-03,2023,36,La Libertad,Trujillo,Trujillo,Costa,320000,Linea base,0.27,22.1,0.0,65.2,1246,36,2.86,4,1,1,0,0.0,1.25,4,0,Verde,0,0,0,0.0,4,0
2023-09-03,2023,36,Lambayeque,Chiclayo,Chiclayo,Costa,290000,Linea base,0.27,21.4,0.0,66.3,710,16,2.27,5,0,0,0,0.0,1.72,2,3,Verde,0,0,0,0.0,5,0
2023-09-03,2023,36,Lambayeque,Chiclayo,Jose Leonardo Ortiz,Costa,195000,Linea base,0.27,22.0,4.3,64.6,412,8,2.02,2,0,0,0,0.0,1.03,2,0,Verde,0,0,0,0.0,2,0
2023-09-03,2023,36,Lima,Lima,Comas,Costa,525000,Linea base,0.27,21.4,0.0,66.2,705,17,2.47,2,0,0,0,0.0,0.38,3,1,Verde,0,0,0,0.0,2,0
2023-09-03,2023,36,Lima,Lima,San Juan de Lurigancho,Costa,1120000,Linea base,0.27,22.2,0.0,65.6,1550,32,2.08,2,0,0,0,0.0,0.18,6,4,Verde,0,0,0,0.0,2,0
2023-09-03,2023,36,Lima,Lima,Villa El Salvador,Costa,395000,Linea base,0.27,21.4,0.0,64.8,590,10,1.63,2,0,0,0,0.0,0.51,1,1,Verde,0,0,0,0.0,2,0
2023-09-03,2023,36,Loreto,Maynas,Belen,Selva,78000,Linea base,0.27,26.1,34.8,84.2,169,15,8.68,6,0,0,0,0.0,7.69,6,0,Amarillo,0,0,0,0.0,6,0
2023-09-03,2023,36,Loreto,Maynas,Iquitos,Selva,165000,Linea base,0.27,26.1,43.7,83.2,226,16,7.1,7,1,2,0,0.0,4.24,9,2,Amarillo,0,0,0,0.0,7,0
2023-09-03,2023,36,Piura,Piura,Castilla,Costa,145000,Linea base,0.27,20.9,0.0,65.1,307,8,2.45,0,0,0,0,0.0,0.0,1,1,Verde,0,0,0,0.0,0,0
2023-09-03,2023,36,Piura,Piura,Catacaos,Costa,72000,Linea base,0.27,20.1,0.0,68.7,184,5,2.5,0,0,0,0,0.0,0.0,1,1,Verde,0,0,0,0.0,0,0
2023-09-03,2023,36,Piura,Piura,Piura,Costa,215000,Linea base,0.27,20.1,0.3,68.2,360,7,2.08,2,0,0,0,0.0,0.93,2,0,Verde,0,0,0,0.0,2,0
2023-09-03,2023,36,Piura,Sullana,Sullana,Costa,180000,Linea base,0.27,22.0,0.0,69.0,729,25,3.48,1,0,0,0,0.0,0.56,0,1,Verde,0,0,0,0.0,1,0
2023-09-03,2023,36,Ucayali,Coronel P.,Calleria,Selva,200000,Linea base,0.27,26.9,52.4,82.3,474,38,7.97,20,0,1,0,0.0,10.0,13,7,Amarillo,0,0,0,0.0,20,0
2023-09-03,2023,36,Ucayali,Coronel P.,Yarinacocha,Selva,105000,Linea base,0.27,25.6,6.9,84.4,287,23,8.16,7,0,1,0,0.0,6.67,6,1,Amarillo,0,0,0,0.0,7,0
2023-09-10,2023,37,La Libertad,Trujillo,El Porvenir,Costa,195000,Linea base,0.25,21.9,0.5,68.0,703,17,2.47,0,0,0,0,0.0,0.0,2,2,Verde,0,0,0,0.0,0,0
2023-09-10,2023,37,La Libertad,Trujillo,La Esperanza,Costa,190000,Linea base,0.25,22.0,0.0,63.3,409,12,2.87,0,0,0,0,0.0,0.0,2,2,Verde,0,0,0,0.0,0,0
2023-09-10,2023,37,La Libertad,Trujillo,Trujillo,Costa,320000,Linea base,0.25,21.2,0.0,66.7,790,18,2.3,5,0,0,0,0.0,1.56,4,1,Verde,0,0,0,0.0,5,0
2023-09-10,2023,37,Lambayeque,Chiclayo,Chiclayo,Costa,290000,Linea base,0.25,22.0,0.0,67.3,631,12,1.92,3,0,0,0,0.0,1.03,3,0,Verde,0,0,0,0.0,3,0
2023-09-10,2023,37,Lambayeque,Chiclayo,Jose Leonardo Ortiz,Costa,195000,Linea base,0.25,21.4,0.9,68.6,898,24,2.7,1,0,0,0,0.0,0.51,2,1,Verde,0,0,0,0.0,1,0
2023-09-10,2023,37,Lima,Lima,Comas,Costa,525000,Linea base,0.25,21.6,2.3,67.3,1385,24,1.73,2,0,1,0,0.0,0.38,2,0,Verde,0,0,0,0.0,2,0
2023-09-10,2023,37,Lima,Lima,San Juan de Lurigancho,Costa,1120000,Linea base,0.25,21.3,0.0,67.8,2301,72,3.11,3,0,0,0,0.0,0.27,6,3,Verde,0,0,0,0.0,3,0
2023-09-10,2023,37,Lima,Lima,Villa El Salvador,Costa,395000,Linea base,0.25,20.5,0.9,70.2,1461,27,1.84,1,0,0,0,0.0,0.25,2,1,Verde,0,0,0,0.0,1,0
2023-09-10,2023,37,Loreto,Maynas,Belen,Selva,78000,Linea base,0.25,26.0,17.5,80.6,128,11,8.78,5,0,0,0,0.0,6.41,7,2,Amarillo,0,0,0,0.0,5,0
2023-09-10,2023,37,Loreto,Maynas,Iquitos,Selva,165000,Linea base,0.25,25.3,29.9,81.4,455,36,7.96,3,0,0,0,0.0,1.82,10,7,Amarillo,0,0,0,0.0,3,0
2023-09-10,2023,37,Piura,Piura,Castilla,Costa,145000,Linea base,0.25,21.3,0.0,65.4,287,7,2.57,1,0,0,0,0.0,0.69,0,1,Verde,0,0,0,0.0,1,0
2023-09-10,2023,37,Piura,Piura,Catacaos,Costa,72000,Linea base,0.25,21.3,1.1,66.1,120,4,3.5,0,0,0,0,0.0,0.0,1,1,Verde,0,0,0,0.0,0,0
2023-09-10,2023,37,Piura,Piura,Piura,Costa,215000,Linea base,0.25,20.7,0.0,71.5,589,16,2.76,0,0,0,0,0.0,0.0,1,1,Verde,0,0,0,0.0,0,0
2023-09-10,2023,37,Piura,Sullana,Sullana,Costa,180000,Linea base,0.25,21.5,4.5,71.3,280,9,3.32,4,0,0,0,0.0,2.22,1,3,Verde,0,0,0,0.0,4,0
2023-09-10,2023,37,Ucayali,Coronel P.,Calleria,Selva,200000,Linea base,0.25,25.4,31.4,83.0,750,64,8.5,8,1,2,0,0.0,4.0,8,0,Verde,0,0,0,0.0,8,0
2023-09-10,2023,37,Ucayali,Coronel P.,Yarinacocha,Selva,105000,Linea base,0.25,26.8,32.7,82.3,360,26,7.14,10,0,1,0,0.0,9.52,7,3,Amarillo,0,0,0,0.0,10,0
2023-09-17,2023,38,La Libertad,Trujillo,El Porvenir,Costa,195000,Linea base,0.23,21.5,2.9,67.0,584,14,2.33,1,0,0,0,0.0,0.51,1,0,Verde,0,0,0,0.0,1,0
2023-09-17,2023,38,La Libertad,Trujillo,La Esperanza,Costa,190000,Linea base,0.23,22.3,0.0,68.9,431,11,2.64,0,0,0,0,0.0,0.0,1,1,Verde,0,0,0,0.0,0,0
2023-09-17,2023,38,La Libertad,Trujillo,Trujillo,Costa,320000,Linea base,0.23,21.8,1.5,70.5,1198,33,2.74,1,0,0,0,0.0,0.31,3,2,Verde,0,0,0,0.0,1,0
2023-09-17,2023,38,Lambayeque,Chiclayo,Chiclayo,Costa,290000,Linea base,0.23,21.7,6.8,65.9,1272,28,2.23,0,0,0,0,0.0,0.0,2,2,Verde,0,0,0,0.0,0,0
2023-09-17,2023,38,Lambayeque,Chiclayo,Jose Leonardo Ortiz,Costa,195000,Linea base,0.23,22.4,0.0,69.2,571,16,2.77,1,0,0,0,0.0,0.51,2,1,Verde,0,0,0,0.0,1,0
2023-09-17,2023,38,Lima,Lima,Comas,Costa,525000,Linea base,0.23,21.1,0.0,72.3,1679,25,1.47,2,0,0,0,0.0,0.38,0,2,Verde,0,0,0,0.0,2,0
2023-09-17,2023,38,Lima,Lima,San Juan de Lurigancho,Costa,1120000,Linea base,0.23,21.1,0.0,69.4,2141,63,2.94,5,0,0,0,0.0,0.45,5,0,Verde,0,0,0,0.0,5,0
2023-09-17,2023,38,Lima,Lima,Villa El Salvador,Costa,395000,Linea base,0.23,21.1,3.0,68.5,1049,13,1.21,0,0,0,0,0.0,0.0,3,3,Verde,0,0,0,0.0,0,0
2023-09-17,2023,38,Loreto,Maynas,Belen,Selva,78000,Linea base,0.23,27.6,48.7,84.3,280,23,8.16,10,1,1,0,0.0,12.82,6,4,Amarillo,0,1,0,0.0,10,0
2023-09-17,2023,38,Loreto,Maynas,Iquitos,Selva,165000,Linea base,0.23,27.4,31.8,82.9,410,29,7.04,10,1,2,0,0.0,6.06,9,1,Amarillo,0,0,0,0.0,10,0
2023-09-17,2023,38,Piura,Piura,Castilla,Costa,145000,Linea base,0.23,22.3,0.0,69.7,307,9,2.83,0,0,0,0,0.0,0.0,2,2,Verde,0,0,0,0.0,0,0
2023-09-17,2023,38,Piura,Piura,Catacaos,Costa,72000,Linea base,0.23,19.7,0.0,66.4,254,8,3.08,2,1,1,0,0.0,2.78,1,1,Verde,0,0,0,0.0,2,0
2023-09-17,2023,38,Piura,Piura,Piura,Costa,215000,Linea base,0.23,20.4,0.0,69.5,621,21,3.45,3,0,0,0,0.0,1.4,4,1,Verde,0,0,0,0.0,3,0
2023-09-17,2023,38,Piura,Sullana,Sullana,Costa,180000,Linea base,0.23,21.1,0.0,69.7,403,12,2.92,0,0,0,0,0.0,0.0,0,0,Verde,0,0,0,0.0,0,0
2023-09-17,2023,38,Ucayali,Coronel P.,Calleria,Selva,200000,Linea base,0.23,26.4,31.1,83.5,510,41,7.95,13,0,0,0,0.0,6.5,12,1,Amarillo,0,0,0,0.0,13,0
2023-09-17,2023,38,Ucayali,Coronel P.,Yarinacocha,Selva,105000,Linea base,0.23,27.1,55.9,83.1,120,10,8.59,3,0,0,0,0.0,2.86,5,2,Amarillo,0,0,0,0.0,3,0
2023-09-24,2023,39,La Libertad,Trujillo,El Porvenir,Costa,195000,Linea base,0.21,21.8,3.7,68.9,583,17,2.93,0,0,0,0,0.0,0.0,0,0,Verde,0,0,0,0.0,0,0
2023-09-24,2023,39,La Libertad,Trujillo,La Esperanza,Costa,190000,Linea base,0.21,21.7,0.0,67.9,520,13,2.5,1,0,0,0,0.0,0.53,1,0,Verde,0,0,0,0.0,1,0
2023-09-24,2023,39,La Libertad,Trujillo,Trujillo,Costa,320000,Linea base,0.21,22.3,3.1,68.6,1132,29,2.59,3,1,1,0,0.0,0.94,2,1,Verde,0,0,0,0.0,3,0
2023-09-24,2023,39,Lambayeque,Chiclayo,Chiclayo,Costa,290000,Linea base,0.21,21.1,0.0,67.8,809,25,3.07,2,0,0,0,0.0,0.69,3,1,Verde,0,0,0,0.0,2,0
2023-09-24,2023,39,Lambayeque,Chiclayo,Jose Leonardo Ortiz,Costa,195000,Linea base,0.21,21.2,2.4,71.2,299,8,2.6,1,0,0,0,0.0,0.51,3,2,Verde,0,0,0,0.0,1,0
2023-09-24,2023,39,Lima,Lima,Comas,Costa,525000,Linea base,0.21,22.1,0.0,71.2,1574,50,3.15,0,0,0,0,0.0,0.0,2,2,Verde,0,0,0,0.0,0,0
2023-09-24,2023,39,Lima,Lima,San Juan de Lurigancho,Costa,1120000,Linea base,0.21,22.2,0.7,64.8,3433,96,2.79,5,1,1,0,0.0,0.45,6,1,Verde,0,0,0,0.0,5,0
2023-09-24,2023,39,Lima,Lima,Villa El Salvador,Costa,395000,Linea base,0.21,23.5,0.3,68.3,556,7,1.19,2,1,1,0,0.0,0.51,0,2,Verde,0,0,0,0.0,2,0
2023-09-24,2023,39,Loreto,Maynas,Belen,Selva,78000,Linea base,0.21,26.1,49.3,84.6,174,14,7.97,5,0,1,0,0.0,6.41,5,0,Amarillo,0,0,0,0.0,5,0
2023-09-24,2023,39,Loreto,Maynas,Iquitos,Selva,165000,Linea base,0.21,26.4,34.3,82.3,420,30,7.18,8,1,1,1,12.5,4.85,7,1,Verde,0,0,0,0.0,8,0
2023-09-24,2023,39,Piura,Piura,Castilla,Costa,145000,Linea base,0.21,21.3,0.0,70.1,208,5,2.51,0,0,0,0,0.0,0.0,1,1,Verde,0,0,0,0.0,0,0
2023-09-24,2023,39,Piura,Piura,Catacaos,Costa,72000,Linea base,0.21,23.3,0.0,68.6,265,8,3.14,0,0,0,0,0.0,0.0,1,1,Verde,0,0,0,0.0,0,0
2023-09-24,2023,39,Piura,Piura,Piura,Costa,215000,Linea base,0.21,22.0,6.1,68.8,463,16,3.43,2,0,0,0,0.0,0.93,1,1,Verde,0,0,0,0.0,2,0
2023-09-24,2023,39,Piura,Sullana,Sullana,Costa,180000,Linea base,0.21,20.7,7.9,65.7,691,22,3.13,1,0,0,0,0.0,0.56,3,2,Verde,0,0,0,0.0,1,0
2023-09-24,2023,39,Ucayali,Coronel P.,Calleria,Selva,200000,Linea base,0.21,25.1,39.2,84.1,410,31,7.48,11,0,0,0,0.0,5.5,13,2,Amarillo,0,0,0,0.0,11,0
2023-09-24,2023,39,Ucayali,Coronel P.,Yarinacocha,Selva,105000,Linea base,0.21,26.7,38.8,83.6,315,27,8.57,12,0,0,0,0.0,11.43,7,5,Amarillo,0,0,0,0.0,12,0
2023-10-01,2023,40,La Libertad,Trujillo,El Porvenir,Costa,195000,Linea base,0.2,23.4,0.0,71.7,656,20,2.98,1,0,1,0,0.0,0.51,3,2,Verde,0,0,0,0.0,1,0
2023-10-01,2023,40,La Libertad,Trujillo,La Esperanza,Costa,190000,Linea base,0.2,21.8,8.3,72.3,452,15,3.26,1,0,0,0,0.0,0.53,1,0,Verde,0,0,0,0.0,1,0
2023-10-01,2023,40,La Libertad,Trujillo,Trujillo,Costa,320000,Linea base,0.2,22.9,4.3,70.7,804,25,3.12,3,0,0,0,0.0,0.94,2,1,Verde,0,0,0,0.0,3,0
2023-10-01,2023,40,Lambayeque,Chiclayo,Chiclayo,Costa,290000,Linea base,0.2,24.2,2.0,68.6,931,27,2.92,1,0,0,0,0.0,0.34,3,2,Verde,0,0,0,0.0,1,0
2023-10-01,2023,40,Lambayeque,Chiclayo,Jose Leonardo Ortiz,Costa,195000,Linea base,0.2,21.1,0.0,70.2,531,15,2.84,1,0,0,0,0.0,0.51,2,1,Verde,0,0,0,0.0,1,0
2023-10-01,2023,40,Lima,Lima,Comas,Costa,525000,Linea base,0.2,21.8,0.9,70.7,386,10,2.56,0,0,0,0,0.0,0.0,1,1,Verde,0,0,0,0.0,0,0
2023-10-01,2023,40,Lima,Lima,San Juan de Lurigancho,Costa,1120000,Linea base,0.2,23.1,0.0,68.1,2958,79,2.69,0,0,0,0,0.0,0.0,6,6,Verde,0,0,0,0.0,0,0
2023-10-01,2023,40,Lima,Lima,Villa El Salvador,Costa,395000,Linea base,0.2,22.3,3.2,70.8,1081,15,1.4,1,0,0,0,0.0,0.25,3,2,Verde,0,0,0,0.0,1,0
2023-10-01,2023,40,Loreto,Maynas,Belen,Selva,78000,Linea base,0.2,25.8,43.2,85.7,154,12,7.63,6,0,0,0,0.0,7.69,8,2,Amarillo,0,0,0,0.0,6,0
2023-10-01,2023,40,Loreto,Maynas,Iquitos,Selva,165000,Linea base,0.2,25.6,53.6,85.0,477,35,7.42,11,1,1,0,0.0,6.67,10,1,Amarillo,0,0,0,0.0,11,0
2023-10-01,2023,40,Piura,Piura,Castilla,Costa,145000,Linea base,0.2,23.2,0.9,65.9,376,14,3.67,2,0,1,0,0.0,1.38,1,1,Verde,0,0,0,0.0,2,0
2023-10-01,2023,40,Piura,Piura,Catacaos,Costa,72000,Linea base,0.2,21.7,0.0,67.5,167,6,3.31,1,0,0,0,0.0,1.39,0,1,Verde,0,0,0,0.0,1,0
2023-10-01,2023,40,Piura,Piura,Piura,Costa,215000,Linea base,0.2,22.7,0.0,69.4,326,12,3.65,0,0,0,0,0.0,0.0,1,1,Verde,0,0,0,0.0,0,0
2023-10-01,2023,40,Piura,Sullana,Sullana,Costa,180000,Linea base,0.2,22.5,0.9,70.8,485,15,3.17,1,0,0,0,0.0,0.56,0,1,Verde,0,0,0,0.0,1,0
2023-10-01,2023,40,Ucayali,Coronel P.,Calleria,Selva,200000,Linea base,0.2,26.4,48.2,82.9,513,38,7.46,19,1,2,0,0.0,9.5,10,9,Amarillo,0,0,0,0.0,19,0
2023-10-01,2023,40,Ucayali,Coronel P.,Yarinacocha,Selva,105000,Linea base,0.2,27.0,25.0,82.5,291,25,8.66,7,0,0,0,0.0,6.67,6,1,Amarillo,0,0,0,0.0,7,0
2023-10-08,2023,41,La Libertad,Trujillo,El Porvenir,Costa,195000,Linea base,0.19,23.0,0.0,71.4,338,9,2.67,2,0,0,0,0.0,1.03,1,1,Verde,0,0,0,0.0,2,0
2023-10-08,2023,41,La Libertad,Trujillo,La Esperanza,Costa,190000,Linea base,0.19,21.1,1.7,65.3,549,18,3.37,1,0,0,0,0.0,0.53,1,0,Verde,0,0,0,0.0,1,0
2023-10-08,2023,41,La Libertad,Trujillo,Trujillo,Costa,320000,Linea base,0.19,21.9,0.0,68.9,947,25,2.67,4,0,0,0,0.0,1.25,4,0,Verde,0,0,0,0.0,4,0
2023-10-08,2023,41,Lambayeque,Chiclayo,Chiclayo,Costa,290000,Linea base,0.19,23.3,0.6,68.1,722,18,2.48,2,0,0,0,0.0,0.69,1,1,Verde,0,0,0,0.0,2,0
2023-10-08,2023,41,Lambayeque,Chiclayo,Jose Leonardo Ortiz,Costa,195000,Linea base,0.19,23.3,0.0,70.2,443,15,3.39,0,0,0,0,0.0,0.0,2,2,Verde,0,0,0,0.0,0,0
2023-10-08,2023,41,Lima,Lima,Comas,Costa,525000,Linea base,0.19,21.8,0.0,69.6,1331,37,2.76,1,0,0,0,0.0,0.19,1,0,Verde,0,0,0,0.0,1,0
2023-10-08,2023,41,Lima,Lima,San Juan de Lurigancho,Costa,1120000,Linea base,0.19,22.0,6.2,72.9,4233,86,2.04,3,0,0,0,0.0,0.27,5,2,Verde,0,0,0,0.0,3,0
2023-10-08,2023,41,Lima,Lima,Villa El Salvador,Costa,395000,Linea base,0.19,21.7,1.1,68.5,766,17,2.18,1,0,0,0,0.0,0.25,0,1,Verde,0,0,0,0.0,1,0
2023-10-08,2023,41,Loreto,Maynas,Belen,Selva,78000,Linea base,0.19,24.4,48.4,84.8,188,15,7.84,6,0,2,0,0.0,7.69,7,1,Amarillo,0,0,0,0.0,6,0
2023-10-08,2023,41,Loreto,Maynas,Iquitos,Selva,165000,Linea base,0.19,25.5,31.7,87.8,592,52,8.73,11,0,0,0,0.0,6.67,7,4,Verde,0,0,0,0.0,11,0
2023-10-08,2023,41,Piura,Piura,Castilla,Costa,145000,Linea base,0.19,21.7,5.0,67.4,430,15,3.49,1,0,0,0,0.0,0.69,1,0,Verde,0,0,0,0.0,1,0
2023-10-08,2023,41,Piura,Piura,Catacaos,Costa,72000,Linea base,0.19,22.6,4.6,70.8,208,6,3.03,1,0,0,0,0.0,1.39,0,1,Verde,0,0,0,0.0,1,0
2023-10-08,2023,41,Piura,Piura,Piura,Costa,215000,Linea base,0.19,22.7,0.0,72.2,509,17,3.28,3,0,0,0,0.0,1.4,1,2,Verde,0,0,0,0.0,3,0
2023-10-08,2023,41,Piura,Sullana,Sullana,Costa,180000,Linea base,0.19,22.8,1.8,66.9,369,13,3.57,1,0,0,0,0.0,0.56,2,1,Verde,0,0,0,0.0,1,0
2023-10-08,2023,41,Ucayali,Coronel P.,Calleria,Selva,200000,Linea base,0.19,27.5,50.0,81.9,654,50,7.62,7,0,0,0,0.0,3.5,12,5,Amarillo,0,0,0,0.0,7,0
2023-10-08,2023,41,Ucayali,Coronel P.,Yarinacocha,Selva,105000,Linea base,0.19,25.9,46.1,82.8,231,20,8.59,3,1,1,0,0.0,2.86,6,3,Amarillo,0,0,0,0.0,3,0
2023-10-15,2023,42,La Libertad,Trujillo,El Porvenir,Costa,195000,Linea base,0.18,21.6,1.0,74.3,511,12,2.4,0,0,0,0,0.0,0.0,2,2,Verde,0,0,0,0.0,0,0
2023-10-15,2023,42,La Libertad,Trujillo,La Esperanza,Costa,190000,Linea base,0.18,23.5,3.1,68.1,428,9,2.21,1,0,1,0,0.0,0.53,2,1,Verde,0,0,0,0.0,1,0
2023-10-15,2023,42,La Libertad,Trujillo,Trujillo,Costa,320000,Linea base,0.18,22.7,1.5,68.9,980,18,1.81,7,1,1,0,0.0,2.19,4,3,Verde,0,0,0,0.0,7,0
2023-10-15,2023,42,Lambayeque,Chiclayo,Chiclayo,Costa,290000,Linea base,0.18,24.2,3.5,71.3,640,18,2.74,1,0,0,0,0.0,0.34,4,3,Verde,0,0,0,0.0,1,0
2023-10-15,2023,42,Lambayeque,Chiclayo,Jose Leonardo Ortiz,Costa,195000,Linea base,0.18,24.0,5.7,72.2,600,20,3.36,3,0,0,0,0.0,1.54,3,0,Verde,0,0,0,0.0,3,0
2023-10-15,2023,42,Lima,Lima,Comas,Costa,525000,Linea base,0.18,21.8,0.0,71.9,1196,22,1.83,1,0,0,0,0.0,0.19,3,2,Verde,0,0,0,0.0,1,0
2023-10-15,2023,42,Lima,Lima,San Juan de Lurigancho,Costa,1120000,Linea base,0.18,21.5,7.7,71.6,1109,21,1.86,6,0,1,0,0.0,0.54,6,0,Verde,0,0,0,0.0,6,0
2023-10-15,2023,42,Lima,Lima,Villa El Salvador,Costa,395000,Linea base,0.18,22.5,2.8,72.9,1176,26,2.24,0,0,0,0,0.0,0.0,3,3,Verde,0,0,0,0.0,0,0
2023-10-15,2023,42,Loreto,Maynas,Belen,Selva,78000,Linea base,0.18,27.2,48.0,83.4,216,17,7.8,13,0,0,0,0.0,16.67,6,7,Amarillo,0,1,0,0.0,13,0
2023-10-15,2023,42,Loreto,Maynas,Iquitos,Selva,165000,Linea base,0.18,26.4,48.1,84.3,326,29,8.75,15,2,5,1,6.67,9.09,12,3,Amarillo,0,0,0,0.0,15,0
2023-10-15,2023,42,Piura,Piura,Castilla,Costa,145000,Linea base,0.18,23.0,0.0,68.2,277,10,3.45,2,0,0,0,0.0,1.38,3,1,Verde,0,0,0,0.0,2,0
2023-10-15,2023,42,Piura,Piura,Catacaos,Costa,72000,Linea base,0.18,22.5,1.0,69.3,164,6,3.36,1,0,0,0,0.0,1.39,0,1,Verde,0,0,0,0.0,1,0
2023-10-15,2023,42,Piura,Piura,Piura,Costa,215000,Linea base,0.18,22.1,1.0,73.1,486,17,3.56,2,0,0,0,0.0,0.93,1,1,Verde,0,0,0,0.0,2,0
2023-10-15,2023,42,Piura,Sullana,Sullana,Costa,180000,Linea base,0.18,23.4,2.9,68.9,291,9,2.98,0,0,0,0,0.0,0.0,2,2,Verde,0,0,0,0.0,0,0
2023-10-15,2023,42,Ucayali,Coronel P.,Calleria,Selva,200000,Linea base,0.18,25.5,46.7,83.0,519,39,7.45,15,0,0,0,0.0,7.5,13,2,Amarillo,0,0,0,0.0,15,0
2023-10-15,2023,42,Ucayali,Coronel P.,Yarinacocha,Selva,105000,Linea base,0.18,26.1,42.8,85.4,306,27,8.73,5,1,1,0,0.0,4.76,8,3,Amarillo,0,0,0,0.0,5,0
2023-10-22,2023,43,La Libertad,Trujillo,El Porvenir,Costa,195000,Linea base,0.18,22.5,7.7,66.8,397,11,2.84,3,1,1,0,0.0,1.54,2,1,Verde,0,0,0,0.0,3,0
2023-10-22,2023,43,La Libertad,Trujillo,La Esperanza,Costa,190000,Linea base,0.18,23.5,4.4,73.9,799,21,2.64,3,0,0,0,0.0,1.58,1,2,Verde,0,0,0,0.0,3,0
2023-10-22,2023,43,La Libertad,Trujillo,Trujillo,Costa,320000,Linea base,0.18,24.0,11.8,71.4,903,28,3.13,3,0,0,0,0.0,0.94,4,1,Verde,0,0,0,0.0,3,0
2023-10-22,2023,43,Lambayeque,Chiclayo,Chiclayo,Costa,290000,Linea base,0.18,23.6,4.2,71.3,955,22,2.26,3,0,0,0,0.0,1.03,5,2,Verde,0,0,0,0.0,3,0
2023-10-22,2023,43,Lambayeque,Chiclayo,Jose Leonardo Ortiz,Costa,195000,Linea base,0.18,24.5,3.2,71.8,428,14,3.2,3,0,0,0,0.0,1.54,2,1,Verde,0,0,0,0.0,3,0
2023-10-22,2023,43,Lima,Lima,Comas,Costa,525000,Linea base,0.18,24.0,1.7,74.9,1467,31,2.1,2,0,0,0,0.0,0.38,2,0,Verde,0,0,0,0.0,2,0
2023-10-22,2023,43,Lima,Lima,San Juan de Lurigancho,Costa,1120000,Linea base,0.18,23.4,7.7,72.9,2214,48,2.18,10,0,0,0,0.0,0.89,5,5,Verde,0,0,0,0.0,10,0
2023-10-22,2023,43,Lima,Lima,Villa El Salvador,Costa,395000,Linea base,0.18,23.9,3.8,72.2,1207,25,2.07,1,0,0,0,0.0,0.25,2,1,Verde,0,0,0,0.0,1,0
2023-10-22,2023,43,Loreto,Maynas,Belen,Selva,78000,Linea base,0.18,25.8,43.7,84.7,140,12,8.71,6,1,1,0,0.0,7.69,7,1,Amarillo,0,0,0,0.0,6,0
2023-10-22,2023,43,Loreto,Maynas,Iquitos,Selva,165000,Linea base,0.18,26.7,49.7,83.7,420,38,8.93,9,1,1,0,0.0,5.45,12,3,Amarillo,0,0,0,0.0,9,0
2023-10-22,2023,43,Piura,Piura,Castilla,Costa,145000,Linea base,0.18,24.5,4.9,74.8,270,10,3.78,2,0,0,0,0.0,1.38,1,1,Verde,0,0,0,0.0,2,0
2023-10-22,2023,43,Piura,Piura,Catacaos,Costa,72000,Linea base,0.18,24.9,8.6,75.8,253,7,2.76,0,0,0,0,0.0,0.0,1,1,Verde,0,0,0,0.0,0,0
2023-10-22,2023,43,Piura,Piura,Piura,Costa,215000,Linea base,0.18,24.8,4.5,69.3,883,32,3.62,1,0,0,0,0.0,0.47,1,0,Verde,0,0,0,0.0,1,0
2023-10-22,2023,43,Piura,Sullana,Sullana,Costa,180000,Linea base,0.18,25.0,3.6,69.6,357,8,2.33,4,0,0,0,0.0,2.22,2,2,Verde,0,0,0,0.0,4,0
2023-10-22,2023,43,Ucayali,Coronel P.,Calleria,Selva,200000,Linea base,0.18,25.5,35.1,82.7,258,21,8.32,17,0,0,0,0.0,8.5,13,4,Amarillo,0,0,0,0.0,17,0
2023-10-22,2023,43,Ucayali,Coronel P.,Yarinacocha,Selva,105000,Linea base,0.18,27.5,56.8,81.4,280,23,8.27,7,0,1,0,0.0,6.67,5,2,Amarillo,0,0,0,0.0,7,0
2023-10-29,2023,44,La Libertad,Trujillo,El Porvenir,Costa,195000,Linea base,0.17,25.0,1.4,69.3,408,9,2.2,1,0,1,0,0.0,0.51,2,1,Verde,0,0,0,0.0,1,0
2023-10-29,2023,44,La Libertad,Trujillo,La Esperanza,Costa,190000,Linea base,0.17,23.7,10.7,69.7,574,20,3.42,0,0,0,0,0.0,0.0,3,3,Verde,0,0,0,0.0,0,0
2023-10-29,2023,44,La Libertad,Trujillo,Trujillo,Costa,320000,Linea base,0.17,23.5,2.4,68.7,1081,33,3.02,3,1,1,0,0.0,0.94,5,2,Verde,0,0,0,0.0,3,0
2023-10-29,2023,44,Lambayeque,Chiclayo,Chiclayo,Costa,290000,Linea base,0.17,25.2,3.7,71.6,844,23,2.77,4,0,0,0,0.0,1.38,4,0,Verde,0,0,0,0.0,4,0
2023-10-29,2023,44,Lambayeque,Chiclayo,Jose Leonardo Ortiz,Costa,195000,Linea base,0.17,23.9,1.3,72.1,533,18,3.4,3,0,0,0,0.0,1.54,1,2,Verde,0,0,0,0.0,3,0
2023-10-29,2023,44,Lima,Lima,Comas,Costa,525000,Linea base,0.17,23.5,7.0,72.2,1368,36,2.64,2,0,0,0,0.0,0.38,3,1,Verde,0,0,0,0.0,2,0
2023-10-29,2023,44,Lima,Lima,San Juan de Lurigancho,Costa,1120000,Linea base,0.17,23.4,0.6,70.5,2161,34,1.59,12,1,1,1,8.33,1.07,6,6,Verde,0,0,0,0.0,12,0
2023-10-29,2023,44,Lima,Lima,Villa El Salvador,Costa,395000,Linea base,0.17,23.6,4.3,72.9,1570,41,2.63,2,0,0,0,0.0,0.51,1,1,Verde,0,0,0,0.0,2,0
2023-10-29,2023,44,Loreto,Maynas,Belen,Selva,78000,Linea base,0.17,26.9,60.5,84.4,223,19,8.58,9,2,3,0,0.0,11.54,9,0,Amarillo,0,0,0,0.0,9,0
2023-10-29,2023,44,Loreto,Maynas,Iquitos,Selva,165000,Linea base,0.17,26.3,49.1,85.6,362,31,8.5,6,1,1,0,0.0,3.64,11,5,Amarillo,0,0,0,0.0,6,0
2023-10-29,2023,44,Piura,Piura,Castilla,Costa,145000,Linea base,0.17,23.8,5.3,69.7,468,14,3.03,2,0,0,0,0.0,1.38,3,1,Verde,0,0,0,0.0,2,0
2023-10-29,2023,44,Piura,Piura,Catacaos,Costa,72000,Linea base,0.17,23.6,8.2,67.0,120,4,3.32,3,0,0,0,0.0,4.17,2,1,Verde,0,0,0,0.0,3,0
2023-10-29,2023,44,Piura,Piura,Piura,Costa,215000,Linea base,0.17,24.4,9.1,70.0,488,14,2.9,0,0,0,0,0.0,0.0,2,2,Verde,0,0,0,0.0,0,0
2023-10-29,2023,44,Piura,Sullana,Sullana,Costa,180000,Linea base,0.17,24.3,4.4,72.4,432,11,2.6,1,0,0,0,0.0,0.56,1,0,Verde,0,0,0,0.0,1,0
2023-10-29,2023,44,Ucayali,Coronel P.,Calleria,Selva,200000,Linea base,0.17,26.3,57.0,83.9,692,62,8.97,16,1,2,0,0.0,8.0,13,3,Amarillo,0,0,0,0.0,16,0
2023-10-29,2023,44,Ucayali,Coronel P.,Yarinacocha,Selva,105000,Linea base,0.17,25.6,33.1,86.6,178,14,8.14,7,0,0,0,0.0,6.67,9,2,Amarillo,0,0,0,0.0,7,0
2023-11-05,2023,45,La Libertad,Trujillo,El Porvenir,Costa,195000,Linea base,0.17,24.8,9.6,76.9,722,20,2.83,3,0,0,0,0.0,1.54,2,1,Verde,0,0,0,0.0,3,0
2023-11-05,2023,45,La Libertad,Trujillo,La Esperanza,Costa,190000,Linea base,0.17,25.2,3.2,74.5,641,22,3.48,5,0,1,0,0.0,2.63,3,2,Verde,0,0,0,0.0,5,0
2023-11-05,2023,45,La Libertad,Trujillo,Trujillo,Costa,320000,Linea base,0.17,24.2,8.0,72.4,869,35,3.97,4,0,1,0,0.0,1.25,5,1,Verde,0,0,0,0.0,4,0
2023-11-05,2023,45,Lambayeque,Chiclayo,Chiclayo,Costa,290000,Linea base,0.17,24.5,6.5,76.5,783,19,2.37,2,0,1,0,0.0,0.69,5,3,Verde,0,0,0,0.0,2,0
2023-11-05,2023,45,Lambayeque,Chiclayo,Jose Leonardo Ortiz,Costa,195000,Linea base,0.17,24.5,8.5,74.9,617,19,3.08,2,0,1,0,0.0,1.03,6,4,Verde,0,0,0,0.0,2,0
2023-11-05,2023,45,Lima,Lima,Comas,Costa,525000,Linea base,0.17,24.1,6.8,68.7,1886,43,2.3,3,0,0,0,0.0,0.57,4,1,Verde,0,0,0,0.0,3,0
2023-11-05,2023,45,Lima,Lima,San Juan de Lurigancho,Costa,1120000,Linea base,0.17,22.1,9.8,71.9,2952,83,2.8,9,0,0,0,0.0,0.8,7,2,Verde,0,0,0,0.0,9,0
2023-11-05,2023,45,Lima,Lima,Villa El Salvador,Costa,395000,Linea base,0.17,24.3,3.7,70.0,916,26,2.87,2,0,1,0,0.0,0.51,1,1,Verde,0,0,0,0.0,2,0
2023-11-05,2023,45,Loreto,Maynas,Belen,Selva,78000,Linea base,0.17,25.5,39.4,84.0,221,21,9.56,5,0,0,0,0.0,6.41,6,1,Amarillo,0,0,0,0.0,5,0
2023-11-05,2023,45,Loreto,Maynas,Iquitos,Selva,165000,Linea base,0.17,28.3,59.1,85.4,236,22,9.17,9,1,1,0,0.0,5.45,9,0,Amarillo,0,0,0,0.0,9,0
2023-11-05,2023,45,Piura,Piura,Castilla,Costa,145000,Linea base,0.17,25.2,2.1,74.5,361,14,3.82,3,0,0,0,0.0,2.07,3,0,Verde,0,0,0,0.0,3,0
2023-11-05,2023,45,Piura,Piura,Catacaos,Costa,72000,Linea base,0.17,25.5,0.0,73.1,179,5,2.75,2,0,0,0,0.0,2.78,2,0,Verde,0,0,0,0.0,2,0
2023-11-05,2023,45,Piura,Piura,Piura,Costa,215000,Linea base,0.17,25.4,7.4,75.2,290,10,3.39,2,0,0,0,0.0,0.93,4,2,Verde,0,0,0,0.0,2,0
2023-11-05,2023,45,Piura,Sullana,Sullana,Costa,180000,Linea base,0.17,24.4,3.3,71.2,409,12,2.87,4,0,0,0,0.0,2.22,2,2,Verde,0,0,0,0.0,4,0
2023-11-05,2023,45,Ucayali,Coronel P.,Calleria,Selva,200000,Linea base,0.17,26.8,55.2,84.9,683,53,7.76,18,0,0,0,0.0,9.0,17,1,Amarillo,0,0,0,0.0,18,0
2023-11-05,2023,45,Ucayali,Coronel P.,Yarinacocha,Selva,105000,Linea base,0.17,27.2,57.3,88.6,295,27,9.15,6,0,0,0,0.0,5.71,7,1,Amarillo,0,0,0,0.0,6,0
2023-11-12,2023,46,La Libertad,Trujillo,El Porvenir,Costa,195000,Linea base,0.16,24.5,7.3,73.0,239,8,3.43,5,0,0,0,0.0,2.56,4,1,Verde,0,0,0,0.0,5,0
2023-11-12,2023,46,La Libertad,Trujillo,La Esperanza,Costa,190000,Linea base,0.16,24.6,7.2,71.8,405,11,2.61,4,0,0,0,0.0,2.11,4,0,Verde,0,0,0,0.0,4,0
2023-11-12,2023,46,La Libertad,Trujillo,Trujillo,Costa,320000,Linea base,0.16,25.7,14.4,72.5,879,24,2.73,6,0,0,0,0.0,1.87,5,1,Verde,0,0,0,0.0,6,0
2023-11-12,2023,46,Lambayeque,Chiclayo,Chiclayo,Costa,290000,Linea base,0.16,24.3,2.1,74.6,621,16,2.56,4,0,0,0,0.0,1.38,4,0,Verde,0,0,0,0.0,4,0
2023-11-12,2023,46,Lambayeque,Chiclayo,Jose Leonardo Ortiz,Costa,195000,Linea base,0.16,23.9,4.4,73.3,323,12,3.8,2,0,0,0,0.0,1.03,3,1,Verde,0,0,0,0.0,2,0
2023-11-12,2023,46,Lima,Lima,Comas,Costa,525000,Linea base,0.16,25.3,4.1,73.7,1676,52,3.12,4,0,0,0,0.0,0.76,3,1,Verde,0,0,0,0.0,4,0
2023-11-12,2023,46,Lima,Lima,San Juan de Lurigancho,Costa,1120000,Linea base,0.16,25.9,1.6,76.5,3196,92,2.88,6,0,1,0,0.0,0.54,7,1,Verde,0,0,0,0.0,6,0
2023-11-12,2023,46,Lima,Lima,Villa El Salvador,Costa,395000,Linea base,0.16,25.0,7.1,70.8,1371,28,2.01,3,0,0,0,0.0,0.76,3,0,Verde,0,0,0,0.0,3,0
2023-11-12,2023,46,Loreto,Maynas,Belen,Selva,78000,Linea base,0.16,26.8,50.4,87.3,247,23,9.36,11,0,1,0,0.0,14.1,11,0,Rojo,1,1,0,0.0,11,0
2023-11-12,2023,46,Loreto,Maynas,Iquitos,Selva,165000,Linea base,0.16,28.1,76.1,86.0,566,47,8.37,16,0,0,0,0.0,9.7,11,5,Amarillo,0,0,0,0.0,16,0
2023-11-12,2023,46,Piura,Piura,Castilla,Costa,145000,Linea base,0.16,24.7,11.3,76.0,317,12,3.69,0,0,0,0,0.0,0.0,2,2,Verde,0,0,0,0.0,0,0
2023-11-12,2023,46,Piura,Piura,Catacaos,Costa,72000,Linea base,0.16,24.9,4.3,76.0,218,7,3.21,2,0,0,0,0.0,2.78,3,1,Verde,0,0,0,0.0,2,0
2023-11-12,2023,46,Piura,Piura,Piura,Costa,215000,Linea base,0.16,24.7,15.1,70.1,530,16,3.07,5,0,1,0,0.0,2.33,4,1,Verde,0,0,0,0.0,5,0
2023-11-12,2023,46,Piura,Sullana,Sullana,Costa,180000,Linea base,0.16,25.4,8.5,72.1,432,12,2.82,2,1,2,0,0.0,1.11,4,2,Verde,0,0,0,0.0,2,0
2023-11-12,2023,46,Ucayali,Coronel P.,Calleria,Selva,200000,Linea base,0.16,27.2,44.8,85.3,556,46,8.25,22,0,3,0,0.0,11.0,18,4,Amarillo,0,0,0,0.0,22,0
2023-11-12,2023,46,Ucayali,Coronel P.,Yarinacocha,Selva,105000,Linea base,0.16,27.2,64.2,86.1,206,19,9.29,13,0,0,0,0.0,12.38,8,5,Amarillo,0,1,0,0.0,13,0
2023-11-19,2023,47,La Libertad,Trujillo,El Porvenir,Costa,195000,Linea base,0.16,25.8,13.8,73.5,263,11,4.33,4,0,1,0,0.0,2.05,5,1,Verde,0,0,0,0.0,4,0
2023-11-19,2023,47,La Libertad,Trujillo,La Esperanza,Costa,190000,Linea base,0.16,26.0,0.0,74.6,240,7,3.09,4,0,0,0,0.0,2.11,5,1,Verde,0,0,0,0.0,4,0
2023-11-19,2023,47,La Libertad,Trujillo,Trujillo,Costa,320000,Linea base,0.16,25.3,11.5,69.5,986,34,3.4,7,0,0,0,0.0,2.19,8,1,Verde,0,0,0,0.0,7,0
2023-11-19,2023,47,Lambayeque,Chiclayo,Chiclayo,Costa,290000,Linea base,0.16,25.0,13.0,69.5,883,25,2.85,8,0,0,0,0.0,2.76,6,2,Verde,0,0,0,0.0,8,0
2023-11-19,2023,47,Lambayeque,Chiclayo,Jose Leonardo Ortiz,Costa,195000,Linea base,0.16,25.6,4.4,75.7,315,14,4.4,5,0,0,0,0.0,2.56,6,1,Verde,0,0,0,0.0,5,0
2023-11-19,2023,47,Lima,Lima,Comas,Costa,525000,Linea base,0.16,25.6,8.9,76.4,1186,25,2.09,4,0,0,0,0.0,0.76,3,1,Verde,0,0,0,0.0,4,0
2023-11-19,2023,47,Lima,Lima,San Juan de Lurigancho,Costa,1120000,Linea base,0.16,25.6,1.8,72.4,2558,77,3.02,13,0,0,0,0.0,1.16,10,3,Verde,0,0,0,0.0,13,0
2023-11-19,2023,47,Lima,Lima,Villa El Salvador,Costa,395000,Linea base,0.16,24.9,5.5,74.7,1135,23,2.03,4,0,0,0,0.0,1.01,3,1,Verde,0,0,0,0.0,4,0
2023-11-19,2023,47,Loreto,Maynas,Belen,Selva,78000,Linea base,0.16,26.9,50.5,87.9,167,16,9.3,9,0,0,0,0.0,11.54,5,4,Amarillo,0,0,0,0.0,9,0
2023-11-19,2023,47,Loreto,Maynas,Iquitos,Selva,165000,Linea base,0.16,27.3,67.2,86.9,301,25,8.16,13,1,1,0,0.0,7.88,9,4,Amarillo,0,0,0,0.0,13,0
2023-11-19,2023,47,Piura,Piura,Castilla,Costa,145000,Linea base,0.16,25.5,15.9,76.3,399,16,3.89,6,0,1,0,0.0,4.14,4,2,Verde,0,0,0,0.0,6,0
2023-11-19,2023,47,Piura,Piura,Catacaos,Costa,72000,Linea base,0.16,25.1,6.4,78.0,243,8,3.18,1,0,0,0,0.0,1.39,3,2,Verde,0,0,0,0.0,1,0
2023-11-19,2023,47,Piura,Piura,Piura,Costa,215000,Linea base,0.16,24.1,9.1,80.7,649,21,3.31,9,0,0,0,0.0,4.19,5,4,Verde,0,0,0,0.0,9,0
2023-11-19,2023,47,Piura,Sullana,Sullana,Costa,180000,Linea base,0.16,25.6,12.7,76.3,476,17,3.65,5,0,0,0,0.0,2.78,5,0,Verde,0,0,0,0.0,5,0
2023-11-19,2023,47,Ucayali,Coronel P.,Calleria,Selva,200000,Linea base,0.16,26.8,58.4,84.5,241,21,8.65,19,1,3,0,0.0,9.5,19,0,Amarillo,0,0,0,0.0,19,0
2023-11-19,2023,47,Ucayali,Coronel P.,Yarinacocha,Selva,105000,Linea base,0.16,27.4,66.1,86.8,207,20,9.47,14,1,2,0,0.0,13.33,6,8,Amarillo,0,1,0,0.0,14,0
2023-11-26,2023,48,La Libertad,Trujillo,El Porvenir,Costa,195000,Linea base,0.16,25.0,4.2,76.3,342,14,4.08,6,0,0,0,0.0,3.08,5,1,Verde,0,0,0,0.0,6,0
2023-11-26,2023,48,La Libertad,Trujillo,La Esperanza,Costa,190000,Linea base,0.16,25.5,8.2,73.1,530,17,3.27,3,0,0,0,0.0,1.58,6,3,Verde,0,0,0,0.0,3,0
2023-11-26,2023,48,La Libertad,Trujillo,Trujillo,Costa,320000,Linea base,0.16,25.2,4.0,74.7,828,31,3.78,5,0,0,0,0.0,1.56,9,4,Verde,0,0,0,0.0,5,0
2023-11-26,2023,48,Lambayeque,Chiclayo,Chiclayo,Costa,290000,Linea base,0.16,25.7,3.1,73.0,802,26,3.24,11,1,1,0,0.0,3.79,11,0,Verde,0,0,0,0.0,11,0
2023-11-26,2023,48,Lambayeque,Chiclayo,Jose Leonardo Ortiz,Costa,195000,Linea base,0.16,26.6,7.0,74.2,332,12,3.54,11,1,1,0,0.0,5.64,8,3,Verde,0,0,0,0.0,11,0
2023-11-26,2023,48,Lima,Lima,Comas,Costa,525000,Linea base,0.16,27.1,9.2,73.6,1028,34,3.35,5,1,1,0,0.0,0.95,5,0,Verde,0,0,0,0.0,5,0
2023-11-26,2023,48,Lima,Lima,San Juan de Lurigancho,Costa,1120000,Linea base,0.16,25.3,4.6,78.9,3304,108,3.27,15,0,0,0,0.0,1.34,9,6,Verde,0,0,0,0.0,15,0
2023-11-26,2023,48,Lima,Lima,Villa El Salvador,Costa,395000,Linea base,0.16,24.7,4.9,74.8,1136,29,2.57,6,1,1,0,0.0,1.52,3,3,Verde,0,0,0,0.0,6,0
2023-11-26,2023,48,Loreto,Maynas,Belen,Selva,78000,Linea base,0.16,28.6,84.9,86.0,220,21,9.46,11,0,0,0,0.0,14.1,11,0,Rojo,1,1,0,0.0,11,0
2023-11-26,2023,48,Loreto,Maynas,Iquitos,Selva,165000,Linea base,0.16,27.4,55.2,81.4,349,34,9.83,15,1,1,0,0.0,9.09,16,1,Amarillo,0,0,0,0.0,15,0
2023-11-26,2023,48,Piura,Piura,Castilla,Costa,145000,Linea base,0.16,26.9,9.7,78.2,398,18,4.42,5,0,0,0,0.0,3.45,6,1,Verde,0,0,0,0.0,5,0
2023-11-26,2023,48,Piura,Piura,Catacaos,Costa,72000,Linea base,0.16,25.0,9.9,71.8,163,8,4.67,4,1,1,0,0.0,5.56,3,1,Verde,0,0,0,0.0,4,0
2023-11-26,2023,48,Piura,Piura,Piura,Costa,215000,Linea base,0.16,25.9,11.2,74.8,698,22,3.11,8,0,0,0,0.0,3.72,7,1,Verde,0,0,0,0.0,8,0
2023-11-26,2023,48,Piura,Sullana,Sullana,Costa,180000,Linea base,0.16,25.1,7.4,73.4,201,8,3.82,4,0,0,0,0.0,2.22,5,1,Verde,0,0,0,0.0,4,0
2023-11-26,2023,48,Ucayali,Coronel P.,Calleria,Selva,200000,Linea base,0.16,27.4,61.2,87.3,586,54,9.21,17,0,1,0,0.0,8.5,20,3,Amarillo,0,0,0,0.0,17,0
2023-11-26,2023,48,Ucayali,Coronel P.,Yarinacocha,Selva,105000,Linea base,0.16,27.4,75.8,88.8,299,28,9.44,14,0,1,0,0.0,13.33,13,1,Amarillo,0,1,0,0.0,14,0
2023-12-03,2023,49,La Libertad,Trujillo,El Porvenir,Costa,195000,Linea base,0.16,25.9,13.3,81.1,381,15,4.06,6,1,2,0,0.0,3.08,8,2,Verde,0,0,0,0.0,6,0
2023-12-03,2023,49,La Libertad,Trujillo,La Esperanza,Costa,190000,Linea base,0.16,26.0,4.1,74.5,479,17,3.64,4,0,0,0,0.0,2.11,4,0,Verde,0,0,0,0.0,4,0
2023-12-03,2023,49,La Libertad,Trujillo,Trujillo,Costa,320000,Linea base,0.16,25.0,6.8,76.1,710,18,2.56,12,0,0,0,0.0,3.75,8,4,Verde,0,0,0,0.0,12,0
2023-12-03,2023,49,Lambayeque,Chiclayo,Chiclayo,Costa,290000,Linea base,0.16,25.6,9.9,77.0,605,26,4.36,10,0,0,0,0.0,3.45,9,1,Verde,0,0,0,0.0,10,0
2023-12-03,2023,49,Lambayeque,Chiclayo,Jose Leonardo Ortiz,Costa,195000,Linea base,0.16,25.3,17.1,75.8,781,34,4.32,13,0,0,0,0.0,6.67,8,5,Verde,0,0,0,0.0,13,0
2023-12-03,2023,49,Lima,Lima,Comas,Costa,525000,Linea base,0.16,26.1,1.9,77.1,1364,37,2.72,5,0,0,0,0.0,0.95,4,1,Verde,0,0,0,0.0,5,0
2023-12-03,2023,49,Lima,Lima,San Juan de Lurigancho,Costa,1120000,Linea base,0.16,26.4,7.1,76.9,2116,54,2.56,14,0,0,0,0.0,1.25,12,2,Verde,0,0,0,0.0,14,0
2023-12-03,2023,49,Lima,Lima,Villa El Salvador,Costa,395000,Linea base,0.16,25.9,16.8,77.6,949,18,1.89,3,0,0,0,0.0,0.76,5,2,Verde,0,0,0,0.0,3,0
2023-12-03,2023,49,Loreto,Maynas,Belen,Selva,78000,Linea base,0.16,28.0,70.9,87.3,155,14,9.35,13,0,1,0,0.0,16.67,11,2,Rojo,1,1,0,0.0,13,0
2023-12-03,2023,49,Loreto,Maynas,Iquitos,Selva,165000,Linea base,0.16,27.4,88.1,83.0,425,42,9.91,16,0,1,0,0.0,9.7,13,3,Amarillo,0,0,0,0.0,16,0
2023-12-03,2023,49,Piura,Piura,Castilla,Costa,145000,Linea base,0.16,27.3,13.9,80.9,297,13,4.31,6,0,0,0,0.0,4.14,6,0,Verde,0,0,0,0.0,6,0
2023-12-03,2023,49,Piura,Piura,Catacaos,Costa,72000,Linea base,0.16,26.2,11.8,73.4,244,12,4.77,3,0,0,0,0.0,4.17,5,2,Amarillo,0,0,0,0.0,3,0
2023-12-03,2023,49,Piura,Piura,Piura,Costa,215000,Linea base,0.16,26.1,15.6,75.7,419,18,4.35,17,0,0,0,0.0,7.91,11,6,Amarillo,0,0,0,0.0,17,0
2023-12-03,2023,49,Piura,Sullana,Sullana,Costa,180000,Linea base,0.16,26.2,13.3,73.6,543,23,4.31,7,0,1,0,0.0,3.89,7,0,Verde,0,0,0,0.0,7,0
2023-12-03,2023,49,Ucayali,Coronel P.,Calleria,Selva,200000,Linea base,0.16,28.0,57.7,85.4,583,59,10.12,17,1,1,0,0.0,8.5,21,4,Amarillo,0,0,0,0.0,17,0
2023-12-03,2023,49,Ucayali,Coronel P.,Yarinacocha,Selva,105000,Linea base,0.16,27.1,70.8,88.2,250,26,10.43,10,2,3,0,0.0,9.52,14,4,Rojo,1,0,0,0.0,10,0
2023-12-10,2023,50,La Libertad,Trujillo,El Porvenir,Costa,195000,Linea base,0.15,26.0,9.0,79.7,444,21,4.84,11,0,0,0,0.0,5.64,10,1,Amarillo,0,0,0,0.0,11,0
2023-12-10,2023,50,La Libertad,Trujillo,La Esperanza,Costa,190000,Linea base,0.15,26.4,5.1,78.2,333,13,3.95,9,0,0,0,0.0,4.74,4,5,Verde,0,0,0,0.0,9,0
2023-12-10,2023,50,La Libertad,Trujillo,Trujillo,Costa,320000,Linea base,0.15,27.2,18.7,75.1,780,29,3.72,11,0,0,0,0.0,3.44,7,4,Verde,0,0,0,0.0,11,0
2023-12-10,2023,50,Lambayeque,Chiclayo,Chiclayo,Costa,290000,Linea base,0.15,27.7,7.4,79.6,572,20,3.45,10,0,0,0,0.0,3.45,13,3,Verde,0,0,0,0.0,10,0
2023-12-10,2023,50,Lambayeque,Chiclayo,Jose Leonardo Ortiz,Costa,195000,Linea base,0.15,26.9,10.0,79.7,577,29,5.09,6,0,0,0,0.0,3.08,10,4,Verde,0,0,0,0.0,6,0
2023-12-10,2023,50,Lima,Lima,Comas,Costa,525000,Linea base,0.15,26.9,11.3,74.2,1046,43,4.11,4,0,0,0,0.0,0.76,7,3,Verde,0,0,0,0.0,4,0
2023-12-10,2023,50,Lima,Lima,San Juan de Lurigancho,Costa,1120000,Linea base,0.15,27.1,10.7,74.1,3967,140,3.52,15,1,2,0,0.0,1.34,13,2,Verde,0,0,0,0.0,15,0
2023-12-10,2023,50,Lima,Lima,Villa El Salvador,Costa,395000,Linea base,0.15,26.2,6.3,75.8,1098,40,3.65,1,0,0,0,0.0,0.25,5,4,Verde,0,0,0,0.0,1,0
2023-12-10,2023,50,Loreto,Maynas,Belen,Selva,78000,Linea base,0.15,26.8,52.2,84.3,170,16,9.19,8,0,0,0,0.0,10.26,12,4,Rojo,1,0,0,0.0,8,0
2023-12-10,2023,50,Loreto,Maynas,Iquitos,Selva,165000,Linea base,0.15,28.7,81.6,86.6,340,36,10.48,18,1,1,0,0.0,10.91,17,1,Amarillo,0,0,0,0.0,18,0
2023-12-10,2023,50,Piura,Piura,Castilla,Costa,145000,Linea base,0.15,26.3,6.6,76.7,494,26,5.33,10,0,2,0,0.0,6.9,10,0,Amarillo,0,0,0,0.0,10,0
2023-12-10,2023,50,Piura,Piura,Catacaos,Costa,72000,Linea base,0.15,26.1,4.1,72.4,120,6,4.62,3,0,0,0,0.0,4.17,5,2,Amarillo,0,0,0,0.0,3,0
2023-12-10,2023,50,Piura,Piura,Piura,Costa,215000,Linea base,0.15,27.1,12.6,74.5,488,26,5.27,10,0,0,0,0.0,4.65,14,4,Amarillo,0,0,0,0.0,10,0
2023-12-10,2023,50,Piura,Sullana,Sullana,Costa,180000,Linea base,0.15,25.8,6.0,76.2,600,27,4.49,4,0,0,0,0.0,2.22,9,5,Verde,0,0,0,0.0,4,0
2023-12-10,2023,50,Ucayali,Coronel P.,Calleria,Selva,200000,Linea base,0.15,28.2,104.6,85.9,506,50,9.92,28,3,3,0,0.0,14.0,24,4,Amarillo,0,1,0,0.0,28,0
2023-12-10,2023,50,Ucayali,Coronel P.,Yarinacocha,Selva,105000,Linea base,0.15,27.0,70.8,90.1,402,41,10.12,21,0,1,0,0.0,20.0,14,7,Rojo,1,1,0,0.0,21,0
2023-12-17,2023,51,La Libertad,Trujillo,El Porvenir,Costa,195000,Linea base,0.15,27.9,5.0,78.0,521,28,5.33,13,0,0,0,0.0,6.67,13,0,Amarillo,0,0,0,0.0,13,0
2023-12-17,2023,51,La Libertad,Trujillo,La Esperanza,Costa,190000,Linea base,0.15,28.0,11.6,78.0,549,22,3.93,3,0,0,0,0.0,1.58,7,4,Verde,0,0,0,0.0,3,0
2023-12-17,2023,51,La Libertad,Trujillo,Trujillo,Costa,320000,Linea base,0.15,27.3,14.9,77.4,592,21,3.6,8,0,0,0,0.0,2.5,12,4,Verde,0,0,0,0.0,8,0
2023-12-17,2023,51,Lambayeque,Chiclayo,Chiclayo,Costa,290000,Linea base,0.15,27.3,15.5,76.5,1002,32,3.24,10,0,1,0,0.0,3.45,11,1,Verde,0,0,0,0.0,10,0
2023-12-17,2023,51,Lambayeque,Chiclayo,Jose Leonardo Ortiz,Costa,195000,Linea base,0.15,28.1,12.5,79.9,405,20,4.97,14,0,0,0,0.0,7.18,12,2,Amarillo,0,0,0,0.0,14,0
2023-12-17,2023,51,Lima,Lima,Comas,Costa,525000,Linea base,0.15,26.5,6.9,76.6,1973,103,5.21,4,0,0,0,0.0,0.76,7,3,Verde,0,0,0,0.0,4,0
2023-12-17,2023,51,Lima,Lima,San Juan de Lurigancho,Costa,1120000,Linea base,0.15,26.0,14.0,74.2,3363,147,4.37,17,0,0,0,0.0,1.52,19,2,Verde,0,0,0,0.0,17,0
2023-12-17,2023,51,Lima,Lima,Villa El Salvador,Costa,395000,Linea base,0.15,27.1,13.1,76.4,881,30,3.4,2,0,0,0,0.0,0.51,4,2,Verde,0,0,0,0.0,2,0
2023-12-17,2023,51,Loreto,Maynas,Belen,Selva,78000,Linea base,0.15,27.2,79.1,89.4,137,15,10.72,9,0,0,0,0.0,11.54,11,2,Rojo,1,0,0,0.0,9,0
2023-12-17,2023,51,Loreto,Maynas,Iquitos,Selva,165000,Linea base,0.15,27.4,78.6,87.6,572,62,10.76,24,0,1,0,0.0,14.55,18,6,Amarillo,0,1,0,0.0,24,0
2023-12-17,2023,51,Piura,Piura,Castilla,Costa,145000,Linea base,0.15,27.2,7.8,74.7,485,26,5.43,10,0,0,0,0.0,6.9,11,1,Amarillo,0,0,0,0.0,10,0
2023-12-17,2023,51,Piura,Piura,Catacaos,Costa,72000,Linea base,0.15,27.5,9.4,82.0,225,13,5.84,3,0,0,0,0.0,4.17,6,3,Amarillo,0,0,0,0.0,3,0
2023-12-17,2023,51,Piura,Piura,Piura,Costa,215000,Linea base,0.15,26.7,11.2,78.6,400,24,5.97,10,0,1,0,0.0,4.65,13,3,Amarillo,0,0,0,0.0,10,0
2023-12-17,2023,51,Piura,Sullana,Sullana,Costa,180000,Linea base,0.15,28.6,14.0,75.1,515,24,4.72,7,0,0,0,0.0,3.89,10,3,Amarillo,0,0,0,0.0,7,0
2023-12-17,2023,51,Ucayali,Coronel P.,Calleria,Selva,200000,Linea base,0.15,25.8,87.2,87.7,622,65,10.46,25,0,0,0,0.0,12.5,24,1,Amarillo,0,1,0,0.0,25,0
2023-12-17,2023,51,Ucayali,Coronel P.,Yarinacocha,Selva,105000,Linea base,0.15,28.4,74.6,88.1,266,28,10.71,20,1,2,0,0.0,19.05,14,6,Rojo,1,1,0,0.0,20,0
2023-12-24,2023,52,La Libertad,Trujillo,El Porvenir,Costa,195000,Linea base,0.15,27.1,11.7,78.7,619,33,5.36,12,1,1,0,0.0,6.15,14,2,Amarillo,0,0,0,0.0,12,0
2023-12-24,2023,52,La Libertad,Trujillo,La Esperanza,Costa,190000,Linea base,0.15,27.5,12.4,80.2,693,33,4.81,11,0,0,0,0.0,5.79,11,0,Amarillo,0,0,0,0.0,11,0
2023-12-24,2023,52,La Libertad,Trujillo,Trujillo,Costa,320000,Linea base,0.15,29.2,13.6,79.0,1012,39,3.83,17,0,0,0,0.0,5.31,15,2,Verde,0,0,0,0.0,17,0
2023-12-24,2023,52,Lambayeque,Chiclayo,Chiclayo,Costa,290000,Linea base,0.15,27.2,10.3,80.5,881,42,4.82,20,0,2,0,0.0,6.9,15,5,Amarillo,0,0,0,0.0,20,0
2023-12-24,2023,52,Lambayeque,Chiclayo,Jose Leonardo Ortiz,Costa,195000,Linea base,0.15,27.8,14.4,78.0,404,25,6.25,16,1,2,0,0.0,8.21,18,2,Amarillo,0,0,0,0.0,16,0
2023-12-24,2023,52,Lima,Lima,Comas,Costa,525000,Linea base,0.15,26.6,16.8,76.2,1567,77,4.92,8,1,1,0,0.0,1.52,10,2,Verde,0,0,0,0.0,8,0
2023-12-24,2023,52,Lima,Lima,San Juan de Lurigancho,Costa,1120000,Linea base,0.15,27.0,17.0,78.5,3172,128,4.03,19,0,0,0,0.0,1.7,18,1,Verde,0,0,0,0.0,19,0
2023-12-24,2023,52,Lima,Lima,Villa El Salvador,Costa,395000,Linea base,0.15,27.7,20.2,77.1,850,40,4.69,8,1,1,0,0.0,2.03,6,2,Verde,0,0,0,0.0,8,0
2023-12-24,2023,52,Loreto,Maynas,Belen,Selva,78000,Linea base,0.15,27.9,69.1,87.1,199,23,11.32,13,0,0,0,0.0,16.67,11,2,Rojo,1,1,0,0.0,13,0
2023-12-24,2023,52,Loreto,Maynas,Iquitos,Selva,165000,Linea base,0.15,25.9,91.7,88.1,364,39,10.8,18,1,1,0,0.0,10.91,22,4,Rojo,1,0,0,0.0,18,0
2023-12-24,2023,52,Piura,Piura,Castilla,Costa,145000,Linea base,0.15,26.8,17.7,81.1,486,28,5.81,11,0,0,0,0.0,7.59,15,4,Amarillo,0,0,0,0.0,11,0
2023-12-24,2023,52,Piura,Piura,Catacaos,Costa,72000,Linea base,0.15,26.5,13.1,75.7,120,6,5.2,6,1,1,0,0.0,8.33,7,1,Amarillo,0,0,0,0.0,6,0
2023-12-24,2023,52,Piura,Piura,Piura,Costa,215000,Linea base,0.15,27.3,10.1,79.0,414,24,5.87,22,0,2,0,0.0,10.23,18,4,Amarillo,0,0,0,0.0,22,0
2023-12-24,2023,52,Piura,Sullana,Sullana,Costa,180000,Linea base,0.15,28.0,11.5,76.9,569,31,5.49,18,0,1,0,0.0,10.0,15,3,Amarillo,0,0,0,0.0,18,0
2023-12-24,2023,52,Ucayali,Coronel P.,Calleria,Selva,200000,Linea base,0.15,28.7,75.6,88.0,764,80,10.45,26,0,1,0,0.0,13.0,24,2,Rojo,1,1,0,0.0,26,0
2023-12-24,2023,52,Ucayali,Coronel P.,Yarinacocha,Selva,105000,Linea base,0.15,28.1,88.3,86.3,235,27,11.67,13,1,1,0,0.0,12.38,13,0,Rojo,1,1,0,0.0,13,0
2023-12-31,2024,1,La Libertad,Trujillo,El Porvenir,Costa,195000,Validacion retrospectiva,0.63,29.7,29.8,81.7,574,30,5.31,26,2,2,0,0.0,13.33,21,5,Amarillo,0,1,0,0.0,26,0
2023-12-31,2024,1,La Libertad,Trujillo,La Esperanza,Costa,190000,Validacion retrospectiva,0.63,27.9,33.9,81.5,624,30,4.85,12,1,2,0,0.0,6.32,17,5,Amarillo,0,0,0,0.0,12,0
2023-12-31,2024,1,La Libertad,Trujillo,Trujillo,Costa,320000,Validacion retrospectiva,0.63,29.0,37.7,80.8,989,49,4.97,29,4,6,0,0.0,9.06,30,1,Amarillo,0,0,0,0.0,29,0
2023-12-31,2024,1,Lambayeque,Chiclayo,Chiclayo,Costa,290000,Validacion retrospectiva,0.63,29.3,31.6,80.6,498,27,5.41,39,3,3,0,0.0,13.45,38,1,Rojo,1,1,0,0.0,39,0
2023-12-31,2024,1,Lambayeque,Chiclayo,Jose Leonardo Ortiz,Costa,195000,Validacion retrospectiva,0.63,29.0,35.2,82.6,458,26,5.67,20,1,1,0,0.0,10.26,35,15,Rojo,1,0,0,0.0,20,0
2023-12-31,2024,1,Lima,Lima,Comas,Costa,525000,Validacion retrospectiva,0.63,30.3,23.4,83.6,906,51,5.59,19,0,1,0,0.0,3.62,17,2,Verde,0,0,0,0.0,19,0
2023-12-31,2024,1,Lima,Lima,San Juan de Lurigancho,Costa,1120000,Validacion retrospectiva,0.63,28.3,34.6,80.5,3010,126,4.19,42,1,2,1,2.38,3.75,40,2,Verde,0,0,0,0.0,42,0
2023-12-31,2024,1,Lima,Lima,Villa El Salvador,Costa,395000,Validacion retrospectiva,0.63,29.5,26.2,79.3,974,44,4.57,14,0,0,0,0.0,3.54,9,5,Verde,0,0,0,0.0,14,0
2023-12-31,2024,1,Loreto,Maynas,Belen,Selva,78000,Validacion retrospectiva,0.63,29.2,98.1,87.5,231,27,11.51,27,0,1,0,0.0,34.62,20,7,Rojo,1,1,0,0.0,27,0
2023-12-31,2024,1,Loreto,Maynas,Iquitos,Selva,165000,Validacion retrospectiva,0.63,29.3,77.4,86.8,647,68,10.58,28,1,2,1,3.57,16.97,34,6,Rojo,1,1,0,0.0,28,0
2023-12-31,2024,1,Piura,Piura,Castilla,Costa,145000,Validacion retrospectiva,0.63,29.2,23.9,80.5,508,27,5.39,16,0,1,0,0.0,11.03,21,5,Rojo,1,0,0,0.0,16,0
2023-12-31,2024,1,Piura,Piura,Catacaos,Costa,72000,Validacion retrospectiva,0.63,29.2,28.6,81.2,149,7,4.95,15,0,1,0,0.0,20.83,11,4,Rojo,1,1,0,0.0,15,0
2023-12-31,2024,1,Piura,Piura,Piura,Costa,215000,Validacion retrospectiva,0.63,29.3,28.8,80.7,420,24,5.8,35,0,1,0,0.0,16.28,32,3,Rojo,1,1,0,0.0,35,0
2023-12-31,2024,1,Piura,Sullana,Sullana,Costa,180000,Validacion retrospectiva,0.63,29.1,32.7,75.2,520,33,6.28,24,1,2,0,0.0,13.33,28,4,Rojo,1,1,0,0.0,24,0
2023-12-31,2024,1,Ucayali,Coronel P.,Calleria,Selva,200000,Validacion retrospectiva,0.63,28.9,90.2,88.6,752,79,10.52,40,3,4,0,0.0,20.0,40,0,Rojo,1,1,0,0.0,40,0
2023-12-31,2024,1,Ucayali,Coronel P.,Yarinacocha,Selva,105000,Validacion retrospectiva,0.63,28.5,102.6,92.1,141,17,11.97,28,1,1,0,0.0,26.67,22,6,Rojo,1,1,0,0.0,28,0
2024-01-07,2024,2,La Libertad,Trujillo,El Porvenir,Costa,195000,Validacion retrospectiva,0.63,28.9,31.1,83.1,615,45,7.32,26,0,0,0,0.0,13.33,27,1,Rojo,1,1,0,0.0,26,0
2024-01-07,2024,2,La Libertad,Trujillo,La Esperanza,Costa,190000,Validacion retrospectiva,0.63,29.9,34.4,79.4,561,31,5.5,38,3,4,0,0.0,20.0,22,16,Amarillo,0,1,0,0.0,38,0
2024-01-07,2024,2,La Libertad,Trujillo,Trujillo,Costa,320000,Validacion retrospectiva,0.63,29.7,27.0,81.7,705,39,5.57,43,2,4,0,0.0,13.44,37,6,Amarillo,0,1,0,0.0,43,0
2024-01-07,2024,2,Lambayeque,Chiclayo,Chiclayo,Costa,290000,Validacion retrospectiva,0.63,29.4,31.8,78.6,643,37,5.81,45,1,2,0,0.0,15.52,47,2,Rojo,1,1,0,0.0,45,0
2024-01-07,2024,2,Lambayeque,Chiclayo,Jose Leonardo Ortiz,Costa,195000,Validacion retrospectiva,0.63,29.3,35.2,80.9,748,54,7.27,40,1,4,0,0.0,20.51,46,6,Rojo,1,1,0,0.0,40,0
2024-01-07,2024,2,Lima,Lima,Comas,Costa,525000,Validacion retrospectiva,0.63,31.0,28.8,79.5,947,45,4.73,16,0,0,0,0.0,3.05,21,5,Verde,0,0,0,0.0,16,0
2024-01-07,2024,2,Lima,Lima,San Juan de Lurigancho,Costa,1120000,Validacion retrospectiva,0.63,30.0,32.7,81.5,2788,134,4.82,57,5,9,0,0.0,5.09,41,16,Verde,0,0,0,0.0,57,0
2024-01-07,2024,2,Lima,Lima,Villa El Salvador,Costa,395000,Validacion retrospectiva,0.63,30.7,30.2,81.5,1623,88,5.41,19,0,1,0,0.0,4.81,16,3,Verde,0,0,0,0.0,19,0
2024-01-07,2024,2,Loreto,Maynas,Belen,Selva,78000,Validacion retrospectiva,0.63,28.3,103.9,89.9,226,27,11.86,22,1,3,0,0.0,28.21,31,9,Rojo,1,1,0,0.0,22,0
2024-01-07,2024,2,Loreto,Maynas,Iquitos,Selva,165000,Validacion retrospectiva,0.63,29.0,124.9,91.8,342,36,10.55,50,3,5,0,0.0,30.3,41,9,Rojo,1,1,0,0.0,50,0
2024-01-07,2024,2,Piura,Piura,Castilla,Costa,145000,Validacion retrospectiva,0.63,29.3,30.4,82.9,475,31,6.44,27,1,1,0,0.0,18.62,31,4,Rojo,1,1,0,0.0,27,0
2024-01-07,2024,2,Piura,Piura,Catacaos,Costa,72000,Validacion retrospectiva,0.63,30.2,27.2,82.3,204,12,5.72,14,0,0,0,0.0,19.44,13,1,Rojo,1,1,0,0.0,14,0
2024-01-07,2024,2,Piura,Piura,Piura,Costa,215000,Validacion retrospectiva,0.63,28.8,30.5,83.1,644,43,6.73,45,0,0,0,0.0,20.93,55,10,Rojo,1,1,0,0.0,45,0
2024-01-07,2024,2,Piura,Sullana,Sullana,Costa,180000,Validacion retrospectiva,0.63,29.0,34.5,76.8,553,30,5.43,50,3,7,0,0.0,27.78,44,6,Rojo,1,1,0,0.0,50,0
2024-01-07,2024,2,Ucayali,Coronel P.,Calleria,Selva,200000,Validacion retrospectiva,0.63,29.5,104.0,93.0,260,31,11.84,62,2,2,0,0.0,31.0,51,11,Rojo,1,1,0,0.0,62,0
2024-01-07,2024,2,Ucayali,Coronel P.,Yarinacocha,Selva,105000,Validacion retrospectiva,0.63,28.4,113.4,92.1,232,28,12.14,36,0,4,0,0.0,34.29,34,2,Rojo,1,1,0,0.0,36,0
2024-01-14,2024,3,La Libertad,Trujillo,El Porvenir,Costa,195000,Validacion retrospectiva,0.62,29.8,36.4,81.1,652,45,6.95,43,2,3,0,0.0,22.05,36,7,Rojo,1,1,0,0.0,43,0
2024-01-14,2024,3,La Libertad,Trujillo,La Esperanza,Costa,190000,Validacion retrospectiva,0.62,28.0,36.0,81.3,191,13,6.69,35,0,3,0,0.0,18.42,32,3,Rojo,1,1,0,0.0,35,0
2024-01-14,2024,3,La Libertad,Trujillo,Trujillo,Costa,320000,Validacion retrospectiva,0.62,29.3,29.5,80.7,513,34,6.66,58,1,3,0,0.0,18.12,41,17,Rojo,1,1,0,0.0,58,0
2024-01-14,2024,3,Lambayeque,Chiclayo,Chiclayo,Costa,290000,Validacion retrospectiva,0.62,29.9,29.1,82.1,1215,75,6.17,60,1,3,0,0.0,20.69,63,3,Rojo,1,1,0,0.0,60,0
2024-01-14,2024,3,Lambayeque,Chiclayo,Jose Leonardo Ortiz,Costa,195000,Validacion retrospectiva,0.62,29.7,29.1,77.1,613,42,6.93,45,1,2,0,0.0,23.08,51,6,Rojo,1,1,0,0.0,45,0
2024-01-14,2024,3,Lima,Lima,Comas,Costa,525000,Validacion retrospectiva,0.62,30.0,30.2,82.9,1322,66,5.0,23,0,3,0,0.0,4.38,29,6,Amarillo,0,0,0,0.0,23,0
2024-01-14,2024,3,Lima,Lima,San Juan de Lurigancho,Costa,1120000,Validacion retrospectiva,0.62,29.2,32.1,82.1,4526,205,4.53,64,3,4,0,0.0,5.71,47,17,Verde,0,0,0,0.0,64,0
2024-01-14,2024,3,Lima,Lima,Villa El Salvador,Costa,395000,Validacion retrospectiva,0.62,29.0,19.7,80.1,688,41,5.92,20,1,2,0,0.0,5.06,20,0,Amarillo,0,0,0,0.0,20,0
2024-01-14,2024,3,Loreto,Maynas,Belen,Selva,78000,Validacion retrospectiva,0.62,30.0,105.2,88.7,221,27,12.07,28,0,0,0,0.0,35.9,26,2,Rojo,1,1,0,0.0,28,0
2024-01-14,2024,3,Loreto,Maynas,Iquitos,Selva,165000,Validacion retrospectiva,0.62,29.5,113.8,88.2,349,41,11.76,47,3,6,0,0.0,28.48,38,9,Rojo,1,1,0,0.0,47,0
2024-01-14,2024,3,Piura,Piura,Castilla,Costa,145000,Validacion retrospectiva,0.62,28.4,28.9,83.6,458,31,6.74,34,1,2,1,2.94,23.45,29,5,Rojo,1,1,0,0.0,34,0
2024-01-14,2024,3,Piura,Piura,Catacaos,Costa,72000,Validacion retrospectiva,0.62,29.7,35.6,85.3,215,15,7.18,19,0,2,0,0.0,26.39,13,6,Rojo,1,1,0,0.0,19,0
2024-01-14,2024,3,Piura,Piura,Piura,Costa,215000,Validacion retrospectiva,0.62,28.3,37.8,80.4,704,54,7.62,64,2,3,0,0.0,29.77,70,6,Rojo,1,1,0,0.0,64,0
2024-01-14,2024,3,Piura,Sullana,Sullana,Costa,180000,Validacion retrospectiva,0.62,29.6,28.0,78.7,305,20,6.5,52,4,6,0,0.0,28.89,41,11,Rojo,1,1,0,0.0,52,0
2024-01-14,2024,3,Ucayali,Coronel P.,Calleria,Selva,200000,Validacion retrospectiva,0.62,29.2,99.6,87.9,470,57,12.11,56,3,8,1,1.79,28.0,72,16,Rojo,1,1,0,0.0,56,0
2024-01-14,2024,3,Ucayali,Coronel P.,Yarinacocha,Selva,105000,Validacion retrospectiva,0.62,29.3,135.8,91.0,262,32,12.02,36,0,2,0,0.0,34.29,31,5,Rojo,1,1,0,0.0,36,0
2024-01-21,2024,4,La Libertad,Trujillo,El Porvenir,Costa,195000,Validacion retrospectiva,0.6,30.6,25.8,84.5,483,35,7.24,53,5,7,0,0.0,27.18,51,2,Rojo,1,1,0,0.0,53,0
2024-01-21,2024,4,La Libertad,Trujillo,La Esperanza,Costa,190000,Validacion retrospectiva,0.6,30.2,32.5,80.1,488,35,7.08,34,1,2,0,0.0,17.89,37,3,Rojo,1,1,0,0.0,34,0
2024-01-21,2024,4,La Libertad,Trujillo,Trujillo,Costa,320000,Validacion retrospectiva,0.6,29.8,32.9,85.0,861,66,7.63,78,3,6,0,0.0,24.38,62,16,Rojo,1,1,0,0.0,78,0
2024-01-21,2024,4,Lambayeque,Chiclayo,Chiclayo,Costa,290000,Validacion retrospectiva,0.6,29.5,42.7,80.9,471,32,6.72,70,1,5,0,0.0,24.14,65,5,Rojo,1,1,0,0.0,70,0
2024-01-21,2024,4,Lambayeque,Chiclayo,Jose Leonardo Ortiz,Costa,195000,Validacion retrospectiva,0.6,29.2,21.8,84.7,395,29,7.4,58,6,8,0,0.0,29.74,55,3,Rojo,1,1,0,0.0,58,0
2024-01-21,2024,4,Lima,Lima,Comas,Costa,525000,Validacion retrospectiva,0.6,30.2,32.5,83.1,1881,132,7.02,33,1,1,0,0.0,6.29,28,5,Amarillo,0,0,0,0.0,33,0
2024-01-21,2024,4,Lima,Lima,San Juan de Lurigancho,Costa,1120000,Validacion retrospectiva,0.6,30.1,33.5,84.0,3051,191,6.27,64,2,2,0,0.0,5.71,74,10,Amarillo,0,0,0,0.0,64,0
2024-01-21,2024,4,Lima,Lima,Villa El Salvador,Costa,395000,Validacion retrospectiva,0.6,29.6,37.6,84.3,1257,82,6.52,20,1,1,0,0.0,5.06,25,5,Amarillo,0,0,0,0.0,20,0
2024-01-21,2024,4,Loreto,Maynas,Belen,Selva,78000,Validacion retrospectiva,0.6,29.4,108.7,87.9,242,28,11.62,37,2,3,0,0.0,47.44,32,5,Rojo,1,1,0,0.0,37,0
2024-01-21,2024,4,Loreto,Maynas,Iquitos,Selva,165000,Validacion retrospectiva,0.6,28.8,112.5,90.3,263,33,12.66,36,1,1,0,0.0,21.82,42,6,Rojo,1,1,0,0.0,36,0
2024-01-21,2024,4,Piura,Piura,Castilla,Costa,145000,Validacion retrospectiva,0.6,29.8,33.0,79.6,314,24,7.51,50,0,2,0,0.0,34.48,41,9,Rojo,1,1,0,0.0,50,0
2024-01-21,2024,4,Piura,Piura,Catacaos,Costa,72000,Validacion retrospectiva,0.6,30.4,23.9,81.4,155,12,7.8,36,0,2,0,0.0,50.0,28,8,Rojo,1,1,0,0.0,36,0
2024-01-21,2024,4,Piura,Piura,Piura,Costa,215000,Validacion retrospectiva,0.6,30.3,29.0,81.8,482,41,8.52,72,1,7,0,0.0,33.49,57,15,Rojo,1,1,0,0.0,72,0
2024-01-21,2024,4,Piura,Sullana,Sullana,Costa,180000,Validacion retrospectiva,0.6,30.6,34.8,82.2,597,42,7.09,53,3,5,0,0.0,29.44,67,14,Rojo,1,1,0,0.0,53,0
2024-01-21,2024,4,Ucayali,Coronel P.,Calleria,Selva,200000,Validacion retrospectiva,0.6,29.3,79.1,92.8,696,90,12.94,66,0,4,0,0.0,33.0,75,9,Rojo,1,1,0,0.0,66,0
2024-01-21,2024,4,Ucayali,Coronel P.,Yarinacocha,Selva,105000,Validacion retrospectiva,0.6,28.8,90.5,88.7,365,44,12.02,35,2,7,0,0.0,33.33,38,3,Rojo,1,1,0,0.0,35,0
2024-01-28,2024,5,La Libertad,Trujillo,El Porvenir,Costa,195000,Validacion retrospectiva,0.58,30.3,33.7,78.1,729,56,7.63,49,2,6,0,0.0,25.13,48,1,Rojo,1,1,0,0.0,49,0
2024-01-28,2024,5,La Libertad,Trujillo,La Esperanza,Costa,190000,Validacion retrospectiva,0.58,28.6,28.8,83.7,782,57,7.35,46,1,1,0,0.0,24.21,53,7,Rojo,1,1,0,0.0,46,0
2024-01-28,2024,5,La Libertad,Trujillo,Trujillo,Costa,320000,Validacion retrospectiva,0.58,29.2,26.6,82.5,806,66,8.2,85,1,7,0,0.0,26.56,84,1,Rojo,1,1,0,0.0,85,0
2024-01-28,2024,5,Lambayeque,Chiclayo,Chiclayo,Costa,290000,Validacion retrospectiva,0.58,28.1,32.7,77.1,786,64,8.17,68,3,6,0,0.0,23.45,85,17,Rojo,1,1,0,0.0,68,0
2024-01-28,2024,5,Lambayeque,Chiclayo,Jose Leonardo Ortiz,Costa,195000,Validacion retrospectiva,0.58,28.5,34.8,81.8,234,19,8.05,59,6,6,0,0.0,30.26,75,16,Rojo,1,1,0,0.0,59,0
2024-01-28,2024,5,Lima,Lima,Comas,Costa,525000,Validacion retrospectiva,0.58,30.5,27.2,82.6,1775,140,7.91,50,0,5,0,0.0,9.52,27,23,Amarillo,0,0,0,0.0,50,0
2024-01-28,2024,5,Lima,Lima,San Juan de Lurigancho,Costa,1120000,Validacion retrospectiva,0.58,29.4,24.9,83.6,3263,232,7.11,93,0,4,0,0.0,8.3,64,29,Amarillo,0,0,0,0.0,93,0
2024-01-28,2024,5,Lima,Lima,Villa El Salvador,Costa,395000,Validacion retrospectiva,0.58,30.6,33.7,81.8,557,41,7.32,28,0,1,0,0.0,7.09,28,0,Amarillo,0,0,0,0.0,28,0
2024-01-28,2024,5,Loreto,Maynas,Belen,Selva,78000,Validacion retrospectiva,0.58,28.7,109.4,89.9,120,14,11.91,36,0,1,0,0.0,46.15,34,2,Rojo,1,1,0,0.0,36,0
2024-01-28,2024,5,Loreto,Maynas,Iquitos,Selva,165000,Validacion retrospectiva,0.58,28.9,106.6,88.9,217,28,13.06,47,3,6,0,0.0,28.48,51,4,Rojo,1,1,0,0.0,47,0
2024-01-28,2024,5,Piura,Piura,Castilla,Costa,145000,Validacion retrospectiva,0.58,29.7,28.3,84.4,539,44,8.11,52,1,4,0,0.0,35.86,47,5,Rojo,1,1,0,0.0,52,0
2024-01-28,2024,5,Piura,Piura,Catacaos,Costa,72000,Validacion retrospectiva,0.58,29.4,29.7,82.0,120,10,8.69,28,0,0,0,0.0,38.89,36,8,Rojo,1,1,0,0.0,28,0
2024-01-28,2024,5,Piura,Piura,Piura,Costa,215000,Validacion retrospectiva,0.58,30.4,30.0,83.1,500,42,8.46,75,1,5,0,0.0,34.88,88,13,Rojo,1,1,0,0.0,75,0
2024-01-28,2024,5,Piura,Sullana,Sullana,Costa,180000,Validacion retrospectiva,0.58,29.5,22.3,77.6,451,38,8.36,62,3,6,0,0.0,34.44,58,4,Rojo,1,1,0,0.0,62,0
2024-01-28,2024,5,Ucayali,Coronel P.,Calleria,Selva,200000,Validacion retrospectiva,0.58,28.8,112.9,87.6,632,83,13.16,71,3,5,0,0.0,35.5,72,1,Rojo,1,1,0,0.0,71,0
2024-01-28,2024,5,Ucayali,Coronel P.,Yarinacocha,Selva,105000,Validacion retrospectiva,0.58,29.0,121.8,88.9,290,37,12.87,46,5,8,0,0.0,43.81,30,16,Rojo,1,1,0,0.0,46,0
2024-02-04,2024,6,La Libertad,Trujillo,El Porvenir,Costa,195000,Validacion retrospectiva,0.55,29.8,30.8,83.2,452,41,9.04,68,0,1,0,0.0,34.87,62,6,Rojo,1,1,0,0.0,68,0
2024-02-04,2024,6,La Libertad,Trujillo,La Esperanza,Costa,190000,Validacion retrospectiva,0.55,29.9,29.1,80.1,731,57,7.75,51,2,6,0,0.0,26.84,47,4,Rojo,1,1,0,0.0,51,0
2024-02-04,2024,6,La Libertad,Trujillo,Trujillo,Costa,320000,Validacion retrospectiva,0.55,30.6,33.1,82.1,479,41,8.65,95,5,9,0,0.0,29.69,103,8,Rojo,1,1,0,0.0,95,0
2024-02-04,2024,6,Lambayeque,Chiclayo,Chiclayo,Costa,290000,Validacion retrospectiva,0.55,29.5,30.5,80.6,838,71,8.47,86,4,9,1,1.16,29.66,86,0,Rojo,1,1,0,0.0,86,0
2024-02-04,2024,6,Lambayeque,Chiclayo,Jose Leonardo Ortiz,Costa,195000,Validacion retrospectiva,0.55,29.8,27.3,81.4,689,60,8.66,76,2,4,0,0.0,38.97,67,9,Rojo,1,1,0,0.0,76,0
2024-02-04,2024,6,Lima,Lima,Comas,Costa,525000,Validacion retrospectiva,0.55,30.4,27.3,84.5,1691,130,7.69,44,2,3,0,0.0,8.38,54,10,Amarillo,0,0,0,0.0,44,0
2024-02-04,2024,6,Lima,Lima,San Juan de Lurigancho,Costa,1120000,Validacion retrospectiva,0.55,31.2,34.0,78.2,2550,217,8.49,87,1,5,0,0.0,7.77,76,11,Amarillo,0,0,0,0.0,87,0
2024-02-04,2024,6,Lima,Lima,Villa El Salvador,Costa,395000,Validacion retrospectiva,0.55,30.8,33.2,87.0,861,71,8.27,26,1,2,0,0.0,6.58,38,12,Amarillo,0,0,0,0.0,26,0
2024-02-04,2024,6,Loreto,Maynas,Belen,Selva,78000,Validacion retrospectiva,0.55,29.0,90.2,88.0,168,23,13.52,43,6,6,0,0.0,55.13,41,2,Rojo,1,1,0,0.0,43,0
2024-02-04,2024,6,Loreto,Maynas,Iquitos,Selva,165000,Validacion retrospectiva,0.55,28.0,107.0,88.8,515,71,13.7,53,3,5,1,1.89,32.12,67,14,Rojo,1,1,0,0.0,53,0
2024-02-04,2024,6,Piura,Piura,Castilla,Costa,145000,Validacion retrospectiva,0.55,28.9,31.3,81.9,544,52,9.55,53,4,10,0,0.0,36.55,60,7,Rojo,1,1,0,0.0,53,0
2024-02-04,2024,6,Piura,Piura,Catacaos,Costa,72000,Validacion retrospectiva,0.55,31.0,29.2,80.3,201,17,8.68,34,4,4,0,0.0,47.22,34,0,Rojo,1,1,0,0.0,34,0
2024-02-04,2024,6,Piura,Piura,Piura,Costa,215000,Validacion retrospectiva,0.55,29.6,34.2,79.7,408,33,8.0,85,1,9,0,0.0,39.53,74,11,Rojo,1,1,0,0.0,85,0
2024-02-04,2024,6,Piura,Sullana,Sullana,Costa,180000,Validacion retrospectiva,0.55,30.0,30.3,81.6,506,46,9.1,67,3,11,0,0.0,37.22,57,10,Rojo,1,1,0,0.0,67,0
2024-02-04,2024,6,Ucayali,Coronel P.,Calleria,Selva,200000,Validacion retrospectiva,0.55,29.0,108.8,88.0,383,55,14.33,82,6,9,0,0.0,41.0,73,9,Rojo,1,1,0,0.0,82,0
2024-02-04,2024,6,Ucayali,Coronel P.,Yarinacocha,Selva,105000,Validacion retrospectiva,0.55,28.4,118.1,88.8,234,35,14.77,51,0,1,0,0.0,48.57,42,9,Rojo,1,1,0,0.0,51,0
2024-02-11,2024,7,La Libertad,Trujillo,El Porvenir,Costa,195000,Validacion retrospectiva,0.52,30.4,25.8,82.8,711,73,10.2,44,3,4,0,0.0,22.56,77,33,Rojo,1,1,0,0.0,44,0
2024-02-11,2024,7,La Libertad,Trujillo,La Esperanza,Costa,190000,Validacion retrospectiva,0.52,29.7,36.3,81.8,557,47,8.44,56,2,6,0,0.0,29.47,55,1,Rojo,1,1,0,0.0,56,0
2024-02-11,2024,7,La Libertad,Trujillo,Trujillo,Costa,320000,Validacion retrospectiva,0.52,28.7,25.5,83.3,883,76,8.57,96,2,9,0,0.0,30.0,95,1,Rojo,1,1,0,0.0,96,0
2024-02-11,2024,7,Lambayeque,Chiclayo,Chiclayo,Costa,290000,Validacion retrospectiva,0.52,29.4,28.9,82.5,946,83,8.81,94,0,3,0,0.0,32.41,105,11,Rojo,1,1,0,0.0,94,0
2024-02-11,2024,7,Lambayeque,Chiclayo,Jose Leonardo Ortiz,Costa,195000,Validacion retrospectiva,0.52,29.5,24.6,83.2,593,54,9.1,76,5,9,1,1.32,38.97,58,18,Rojo,1,1,0,0.0,76,0
2024-02-11,2024,7,Lima,Lima,Comas,Costa,525000,Validacion retrospectiva,0.52,30.5,26.1,78.1,1635,137,8.35,39,1,2,0,0.0,7.43,32,7,Amarillo,0,0,0,0.0,39,0
2024-02-11,2024,7,Lima,Lima,San Juan de Lurigancho,Costa,1120000,Validacion retrospectiva,0.52,30.2,23.4,84.7,2496,231,9.25,101,2,7,0,0.0,9.02,89,12,Amarillo,0,0,0,0.0,101,0
2024-02-11,2024,7,Lima,Lima,Villa El Salvador,Costa,395000,Validacion retrospectiva,0.52,29.6,40.5,78.5,949,85,8.99,24,0,0,0,0.0,6.08,30,6,Amarillo,0,0,0,0.0,24,0
2024-02-11,2024,7,Loreto,Maynas,Belen,Selva,78000,Validacion retrospectiva,0.52,29.9,86.5,91.8,236,34,14.25,37,1,2,0,0.0,47.44,42,5,Rojo,1,1,0,0.0,37,0
2024-02-11,2024,7,Loreto,Maynas,Iquitos,Selva,165000,Validacion retrospectiva,0.52,29.2,95.2,90.3,474,66,13.93,65,3,5,0,0.0,39.39,57,8,Rojo,1,1,0,0.0,65,0
2024-02-11,2024,7,Piura,Piura,Castilla,Costa,145000,Validacion retrospectiva,0.52,30.5,34.4,86.3,430,43,9.95,55,3,5,0,0.0,37.93,72,17,Rojo,1,1,0,0.0,55,0
2024-02-11,2024,7,Piura,Piura,Catacaos,Costa,72000,Validacion retrospectiva,0.52,28.9,22.4,82.2,121,12,9.77,37,1,2,1,2.7,51.39,42,5,Rojo,1,1,0,0.0,37,0
2024-02-11,2024,7,Piura,Piura,Piura,Costa,215000,Validacion retrospectiva,0.52,29.9,28.6,77.6,445,42,9.39,101,4,12,0,0.0,46.98,84,17,Rojo,1,1,0,0.0,101,0
2024-02-11,2024,7,Piura,Sullana,Sullana,Costa,180000,Validacion retrospectiva,0.52,29.5,27.5,82.8,317,28,8.96,107,1,4,0,0.0,59.44,66,41,Rojo,1,1,0,0.0,107,0
2024-02-11,2024,7,Ucayali,Coronel P.,Calleria,Selva,200000,Validacion retrospectiva,0.52,27.4,99.2,91.0,469,65,13.81,95,3,6,0,0.0,47.5,62,33,Rojo,1,1,0,0.0,95,0
2024-02-11,2024,7,Ucayali,Coronel P.,Yarinacocha,Selva,105000,Validacion retrospectiva,0.52,27.8,85.4,88.6,239,35,14.78,45,5,7,0,0.0,42.86,43,2,Rojo,1,1,0,0.0,45,0
2024-02-18,2024,8,La Libertad,Trujillo,El Porvenir,Costa,195000,Validacion retrospectiva,0.49,29.4,21.2,78.8,627,64,10.25,76,3,7,0,0.0,38.97,76,0,Rojo,1,1,0,0.0,76,0
2024-02-18,2024,8,La Libertad,Trujillo,La Esperanza,Costa,190000,Validacion retrospectiva,0.49,30.1,25.8,79.5,860,78,9.05,64,3,6,0,0.0,33.68,46,18,Rojo,1,1,0,0.0,64,0
2024-02-18,2024,8,La Libertad,Trujillo,Trujillo,Costa,320000,Validacion retrospectiva,0.49,28.2,35.9,80.0,1018,102,9.99,110,5,6,0,0.0,34.38,127,17,Rojo,1,1,0,0.0,110,0
2024-02-18,2024,8,Lambayeque,Chiclayo,Chiclayo,Costa,290000,Validacion retrospectiva,0.49,30.4,28.8,83.4,718,67,9.26,90,2,3,1,1.11,31.03,89,1,Rojo,1,1,0,0.0,90,0
2024-02-18,2024,8,Lambayeque,Chiclayo,Jose Leonardo Ortiz,Costa,195000,Validacion retrospectiva,0.49,29.5,30.7,80.3,375,38,10.07,67,4,11,0,0.0,34.36,76,9,Rojo,1,1,0,0.0,67,0
2024-02-18,2024,8,Lima,Lima,Comas,Costa,525000,Validacion retrospectiva,0.49,28.9,29.7,79.1,1842,163,8.87,45,2,3,0,0.0,8.57,44,1,Amarillo,0,0,0,0.0,45,0
2024-02-18,2024,8,Lima,Lima,San Juan de Lurigancho,Costa,1120000,Validacion retrospectiva,0.49,29.0,33.0,81.8,1325,127,9.56,95,3,10,0,0.0,8.48,94,1,Amarillo,0,0,0,0.0,95,0
2024-02-18,2024,8,Lima,Lima,Villa El Salvador,Costa,395000,Validacion retrospectiva,0.49,29.3,22.3,81.3,1019,97,9.49,31,0,1,0,0.0,7.85,34,3,Amarillo,0,0,0,0.0,31,0
2024-02-18,2024,8,Loreto,Maynas,Belen,Selva,78000,Validacion retrospectiva,0.49,29.6,112.6,90.4,291,43,14.81,34,3,5,0,0.0,43.59,41,7,Rojo,1,1,0,0.0,34,0
2024-02-18,2024,8,Loreto,Maynas,Iquitos,Selva,165000,Validacion retrospectiva,0.49,28.7,106.9,87.3,206,28,13.72,47,0,3,0,0.0,28.48,64,17,Rojo,1,1,0,0.0,47,0
2024-02-18,2024,8,Piura,Piura,Castilla,Costa,145000,Validacion retrospectiva,0.49,30.2,27.5,78.5,395,39,9.78,67,2,4,0,0.0,46.21,49,18,Rojo,1,1,0,0.0,67,0
2024-02-18,2024,8,Piura,Piura,Catacaos,Costa,72000,Validacion retrospectiva,0.49,29.5,28.2,80.3,209,22,10.59,47,0,3,0,0.0,65.28,45,2,Rojo,1,1,0,0.0,47,0
2024-02-18,2024,8,Piura,Piura,Piura,Costa,215000,Validacion retrospectiva,0.49,28.9,27.3,80.8,527,51,9.67,115,1,8,0,0.0,53.49,109,6,Rojo,1,1,0,0.0,115,0
2024-02-18,2024,8,Piura,Sullana,Sullana,Costa,180000,Validacion retrospectiva,0.49,30.6,25.8,80.6,334,32,9.45,71,2,7,0,0.0,39.44,90,19,Rojo,1,1,0,0.0,71,0
2024-02-18,2024,8,Ucayali,Coronel P.,Calleria,Selva,200000,Validacion retrospectiva,0.49,28.2,111.1,89.6,706,95,13.51,94,2,4,0,0.0,47.0,89,5,Rojo,1,1,0,0.0,94,0
2024-02-18,2024,8,Ucayali,Coronel P.,Yarinacocha,Selva,105000,Validacion retrospectiva,0.49,28.0,106.7,89.3,209,31,14.99,38,2,3,1,2.63,36.19,48,10,Rojo,1,1,0,0.0,38,0
2024-02-25,2024,9,La Libertad,Trujillo,El Porvenir,Costa,195000,Validacion retrospectiva,0.45,28.2,26.2,81.7,402,40,9.92,72,4,8,0,0.0,36.92,78,6,Rojo,1,1,0,0.0,72,0
2024-02-25,2024,9,La Libertad,Trujillo,La Esperanza,Costa,190000,Validacion retrospectiva,0.45,30.7,22.5,81.2,557,52,9.29,65,3,4,0,0.0,34.21,59,6,Rojo,1,1,0,0.0,65,0
2024-02-25,2024,9,La Libertad,Trujillo,Trujillo,Costa,320000,Validacion retrospectiva,0.45,28.9,26.3,79.9,653,63,9.69,92,0,1,0,0.0,28.75,84,8,Rojo,1,1,0,0.0,92,0
2024-02-25,2024,9,Lambayeque,Chiclayo,Chiclayo,Costa,290000,Validacion retrospectiva,0.45,29.0,22.9,81.7,1040,96,9.22,102,2,7,0,0.0,35.17,80,22,Rojo,1,1,0,0.0,102,0
2024-02-25,2024,9,Lambayeque,Chiclayo,Jose Leonardo Ortiz,Costa,195000,Validacion retrospectiva,0.45,29.3,24.9,79.9,487,52,10.66,79,3,7,0,0.0,40.51,91,12,Rojo,1,1,0,0.0,79,0
2024-02-25,2024,9,Lima,Lima,Comas,Costa,525000,Validacion retrospectiva,0.45,30.7,36.7,84.2,1349,129,9.54,45,2,4,0,0.0,8.57,57,12,Amarillo,0,0,0,0.0,45,0
2024-02-25,2024,9,Lima,Lima,San Juan de Lurigancho,Costa,1120000,Validacion retrospectiva,0.45,29.2,28.4,77.9,3519,335,9.53,100,4,9,0,0.0,8.93,98,2,Amarillo,0,0,0,0.0,100,0
2024-02-25,2024,9,Lima,Lima,Villa El Salvador,Costa,395000,Validacion retrospectiva,0.45,28.7,21.0,80.8,1214,109,9.02,45,0,0,0,0.0,11.39,34,11,Amarillo,0,0,0,0.0,45,0
2024-02-25,2024,9,Loreto,Maynas,Belen,Selva,78000,Validacion retrospectiva,0.45,29.0,101.2,91.0,174,27,15.56,45,2,4,0,0.0,57.69,39,6,Rojo,1,1,0,0.0,45,0
2024-02-25,2024,9,Loreto,Maynas,Iquitos,Selva,165000,Validacion retrospectiva,0.45,28.8,101.1,89.1,390,57,14.69,48,0,0,0,0.0,29.09,56,8,Rojo,1,1,0,0.0,48,0
2024-02-25,2024,9,Piura,Piura,Castilla,Costa,145000,Validacion retrospectiva,0.45,29.8,23.3,76.5,450,45,9.99,62,2,3,0,0.0,42.76,60,2,Rojo,1,1,0,0.0,62,0
2024-02-25,2024,9,Piura,Piura,Catacaos,Costa,72000,Validacion retrospectiva,0.45,29.5,19.3,77.2,219,25,11.33,35,1,2,0,0.0,48.61,39,4,Rojo,1,1,0,0.0,35,0
2024-02-25,2024,9,Piura,Piura,Piura,Costa,215000,Validacion retrospectiva,0.45,28.6,25.8,82.4,752,80,10.67,113,2,3,0,0.0,52.56,121,8,Rojo,1,1,0,0.0,113,0
2024-02-25,2024,9,Piura,Sullana,Sullana,Costa,180000,Validacion retrospectiva,0.45,29.4,23.3,77.3,379,36,9.48,96,2,7,0,0.0,53.33,58,38,Rojo,1,1,0,0.0,96,0
2024-02-25,2024,9,Ucayali,Coronel P.,Calleria,Selva,200000,Validacion retrospectiva,0.45,26.9,100.6,89.1,455,62,13.55,89,5,7,0,0.0,44.5,64,25,Rojo,1,1,0,0.0,89,0
2024-02-25,2024,9,Ucayali,Coronel P.,Yarinacocha,Selva,105000,Validacion retrospectiva,0.45,28.8,84.6,87.4,226,33,14.39,49,0,3,0,0.0,46.67,34,15,Rojo,1,1,0,0.0,49,0
2024-03-03,2024,10,La Libertad,Trujillo,El Porvenir,Costa,195000,Validacion retrospectiva,0.41,29.4,25.4,82.3,290,29,10.09,75,0,3,0,0.0,38.46,75,0,Rojo,1,1,0,0.0,75,0
2024-03-03,2024,10,La Libertad,Trujillo,La Esperanza,Costa,190000,Validacion retrospectiva,0.41,28.1,30.2,80.1,447,39,8.81,58,0,3,0,0.0,30.53,52,6,Rojo,1,1,0,0.0,58,0
2024-03-03,2024,10,La Libertad,Trujillo,Trujillo,Costa,320000,Validacion retrospectiva,0.41,28.5,29.4,78.8,958,94,9.78,95,4,8,1,1.05,29.69,94,1,Rojo,1,1,0,0.0,95,0
2024-03-03,2024,10,Lambayeque,Chiclayo,Chiclayo,Costa,290000,Validacion retrospectiva,0.41,29.2,23.0,82.0,941,92,9.76,88,0,3,0,0.0,30.34,91,3,Rojo,1,1,0,0.0,88,0
2024-03-03,2024,10,Lambayeque,Chiclayo,Jose Leonardo Ortiz,Costa,195000,Validacion retrospectiva,0.41,28.6,23.3,82.1,524,52,9.89,79,1,4,0,0.0,40.51,60,19,Rojo,1,1,0,0.0,79,0
2024-03-03,2024,10,Lima,Lima,Comas,Costa,525000,Validacion retrospectiva,0.41,29.1,20.8,81.2,1831,170,9.28,36,3,3,0,0.0,6.86,58,22,Amarillo,0,0,0,0.0,36,0
2024-03-03,2024,10,Lima,Lima,San Juan de Lurigancho,Costa,1120000,Validacion retrospectiva,0.41,29.4,22.0,79.2,3660,330,9.03,138,0,4,0,0.0,12.32,97,41,Amarillo,0,1,0,0.0,138,0
2024-03-03,2024,10,Lima,Lima,Villa El Salvador,Costa,395000,Validacion retrospectiva,0.41,29.6,24.4,79.0,977,93,9.54,35,1,1,0,0.0,8.86,37,2,Amarillo,0,0,0,0.0,35,0
2024-03-03,2024,10,Loreto,Maynas,Belen,Selva,78000,Validacion retrospectiva,0.41,27.6,101.0,87.8,237,35,14.74,40,2,5,0,0.0,51.28,41,1,Rojo,1,1,0,0.0,40,0
2024-03-03,2024,10,Loreto,Maynas,Iquitos,Selva,165000,Validacion retrospectiva,0.41,29.4,114.9,86.2,216,31,14.48,49,1,5,0,0.0,29.7,34,15,Rojo,1,1,0,0.0,49,0
2024-03-03,2024,10,Piura,Piura,Castilla,Costa,145000,Validacion retrospectiva,0.41,29.4,19.8,82.8,391,41,10.43,67,1,2,0,0.0,46.21,62,5,Rojo,1,1,0,0.0,67,0
2024-03-03,2024,10,Piura,Piura,Catacaos,Costa,72000,Validacion retrospectiva,0.41,28.7,18.2,80.3,198,20,10.0,30,2,3,0,0.0,41.67,39,9,Rojo,1,1,0,0.0,30,0
2024-03-03,2024,10,Piura,Piura,Piura,Costa,215000,Validacion retrospectiva,0.41,29.3,18.7,82.3,639,63,9.89,103,3,6,0,0.0,47.91,120,17,Rojo,1,1,0,0.0,103,0
2024-03-03,2024,10,Piura,Sullana,Sullana,Costa,180000,Validacion retrospectiva,0.41,28.9,27.6,77.5,347,34,9.75,88,3,10,0,0.0,48.89,81,7,Rojo,1,1,0,0.0,88,0
2024-03-03,2024,10,Ucayali,Coronel P.,Calleria,Selva,200000,Validacion retrospectiva,0.41,28.2,84.6,81.6,656,90,13.68,69,0,5,0,0.0,34.5,64,5,Rojo,1,1,0,0.0,69,0
2024-03-03,2024,10,Ucayali,Coronel P.,Yarinacocha,Selva,105000,Validacion retrospectiva,0.41,28.1,64.4,89.6,366,55,14.9,39,2,2,0,0.0,37.14,38,1,Rojo,1,1,0,0.0,39,0
2024-03-10,2024,11,La Libertad,Trujillo,El Porvenir,Costa,195000,Validacion retrospectiva,0.38,29.3,15.2,77.8,317,35,11.09,65,1,2,0,0.0,33.33,75,10,Rojo,1,1,0,0.0,65,0
2024-03-10,2024,11,La Libertad,Trujillo,La Esperanza,Costa,190000,Validacion retrospectiva,0.38,28.3,17.2,81.8,542,49,9.12,60,0,1,0,0.0,31.58,68,8,Rojo,1,1,0,0.0,60,0
2024-03-10,2024,11,La Libertad,Trujillo,Trujillo,Costa,320000,Validacion retrospectiva,0.38,29.0,24.1,81.8,703,61,8.7,111,4,5,0,0.0,34.69,112,1,Rojo,1,1,0,0.0,111,0
2024-03-10,2024,11,Lambayeque,Chiclayo,Chiclayo,Costa,290000,Validacion retrospectiva,0.38,27.3,25.0,78.5,892,89,9.92,109,3,9,0,0.0,37.59,95,14,Rojo,1,1,0,0.0,109,0
2024-03-10,2024,11,Lambayeque,Chiclayo,Jose Leonardo Ortiz,Costa,195000,Validacion retrospectiva,0.38,28.1,22.7,81.6,428,40,9.45,81,1,4,0,0.0,41.54,81,0,Rojo,1,1,0,0.0,81,0
2024-03-10,2024,11,Lima,Lima,Comas,Costa,525000,Validacion retrospectiva,0.38,28.7,15.9,75.8,475,44,9.19,46,1,2,0,0.0,8.76,30,16,Amarillo,0,0,0,0.0,46,0
2024-03-10,2024,11,Lima,Lima,San Juan de Lurigancho,Costa,1120000,Validacion retrospectiva,0.38,28.2,28.4,81.7,2553,219,8.56,91,3,8,0,0.0,8.12,97,6,Amarillo,0,0,0,0.0,91,0
2024-03-10,2024,11,Lima,Lima,Villa El Salvador,Costa,395000,Validacion retrospectiva,0.38,28.0,21.4,79.6,1243,121,9.7,34,2,3,0,0.0,8.61,39,5,Amarillo,0,0,0,0.0,34,0
2024-03-10,2024,11,Loreto,Maynas,Belen,Selva,78000,Validacion retrospectiva,0.38,28.6,71.9,91.8,200,29,14.56,47,2,3,1,2.13,60.26,45,2,Rojo,1,1,0,0.0,47,0
2024-03-10,2024,11,Loreto,Maynas,Iquitos,Selva,165000,Validacion retrospectiva,0.38,27.7,97.7,89.0,356,51,14.42,58,1,4,0,0.0,35.15,58,0,Rojo,1,1,0,0.0,58,0
2024-03-10,2024,11,Piura,Piura,Castilla,Costa,145000,Validacion retrospectiva,0.38,29.7,21.8,80.6,395,41,10.43,71,5,7,0,0.0,48.97,67,4,Rojo,1,1,0,0.0,71,0
2024-03-10,2024,11,Piura,Piura,Catacaos,Costa,72000,Validacion retrospectiva,0.38,28.5,25.4,78.5,152,15,9.94,36,0,1,0,0.0,50.0,25,11,Rojo,1,1,0,0.0,36,0
2024-03-10,2024,11,Piura,Piura,Piura,Costa,215000,Validacion retrospectiva,0.38,29.2,20.3,77.8,561,50,8.85,111,1,8,0,0.0,51.63,103,8,Rojo,1,1,0,0.0,111,0
2024-03-10,2024,11,Piura,Sullana,Sullana,Costa,180000,Validacion retrospectiva,0.38,28.3,16.7,77.1,218,23,10.46,89,5,8,1,1.12,49.44,79,10,Rojo,1,1,0,0.0,89,0
2024-03-10,2024,11,Ucayali,Coronel P.,Calleria,Selva,200000,Validacion retrospectiva,0.38,28.5,75.0,88.7,592,81,13.69,98,3,11,1,1.02,49.0,79,19,Rojo,1,1,0,0.0,98,0
2024-03-10,2024,11,Ucayali,Coronel P.,Yarinacocha,Selva,105000,Validacion retrospectiva,0.38,28.5,86.3,87.5,363,52,14.24,28,1,2,0,0.0,26.67,44,16,Rojo,1,1,0,0.0,28,0
2024-03-17,2024,12,La Libertad,Trujillo,El Porvenir,Costa,195000,Validacion retrospectiva,0.34,27.0,18.9,78.3,563,57,10.21,61,3,6,0,0.0,31.28,71,10,Rojo,1,1,0,0.0,61,0
2024-03-17,2024,12,La Libertad,Trujillo,La Esperanza,Costa,190000,Validacion retrospectiva,0.34,26.9,20.3,82.4,379,37,9.7,59,0,3,0,0.0,31.05,67,8,Rojo,1,1,0,0.0,59,0
2024-03-17,2024,12,La Libertad,Trujillo,Trujillo,Costa,320000,Validacion retrospectiva,0.34,27.5,18.9,76.3,557,49,8.84,68,3,4,0,0.0,21.25,61,7,Rojo,1,1,0,0.0,68,0
2024-03-17,2024,12,Lambayeque,Chiclayo,Chiclayo,Costa,290000,Validacion retrospectiva,0.34,28.0,23.5,78.6,760,78,10.28,128,5,12,0,0.0,44.14,96,32,Rojo,1,1,0,0.0,128,0
2024-03-17,2024,12,Lambayeque,Chiclayo,Jose Leonardo Ortiz,Costa,195000,Validacion retrospectiva,0.34,26.7,26.0,78.5,307,28,8.98,70,1,4,0,0.0,35.9,66,4,Rojo,1,1,0,0.0,70,0
2024-03-17,2024,12,Lima,Lima,Comas,Costa,525000,Validacion retrospectiva,0.34,28.9,15.7,76.1,598,53,8.93,32,1,4,0,0.0,6.1,44,12,Amarillo,0,0,0,0.0,32,0
2024-03-17,2024,12,Lima,Lima,San Juan de Lurigancho,Costa,1120000,Validacion retrospectiva,0.34,28.5,16.0,81.0,2230,204,9.17,99,3,4,0,0.0,8.84,100,1,Amarillo,0,0,0,0.0,99,0
2024-03-17,2024,12,Lima,Lima,Villa El Salvador,Costa,395000,Validacion retrospectiva,0.34,28.7,19.1,77.2,1131,96,8.46,25,1,1,0,0.0,6.33,26,1,Amarillo,0,0,0,0.0,25,0
2024-03-17,2024,12,Loreto,Maynas,Belen,Selva,78000,Validacion retrospectiva,0.34,27.2,94.2,88.0,245,37,15.06,49,4,5,0,0.0,62.82,38,11,Rojo,1,1,0,0.0,49,0
2024-03-17,2024,12,Loreto,Maynas,Iquitos,Selva,165000,Validacion retrospectiva,0.34,28.4,93.0,84.5,437,66,15.0,49,1,5,0,0.0,29.7,42,7,Rojo,1,1,0,0.0,49,0
2024-03-17,2024,12,Piura,Piura,Castilla,Costa,145000,Validacion retrospectiva,0.34,28.5,20.0,77.0,404,43,10.59,59,1,6,0,0.0,40.69,57,2,Rojo,1,1,0,0.0,59,0
2024-03-17,2024,12,Piura,Piura,Catacaos,Costa,72000,Validacion retrospectiva,0.34,28.9,17.1,75.9,233,23,10.07,37,1,3,0,0.0,51.39,36,1,Rojo,1,1,0,0.0,37,0
2024-03-17,2024,12,Piura,Piura,Piura,Costa,215000,Validacion retrospectiva,0.34,28.0,20.7,76.7,654,62,9.55,111,1,10,0,0.0,51.63,111,0,Rojo,1,1,0,0.0,111,0
2024-03-17,2024,12,Piura,Sullana,Sullana,Costa,180000,Validacion retrospectiva,0.34,29.2,19.7,80.1,531,51,9.55,90,2,6,0,0.0,50.0,82,8,Rojo,1,1,0,0.0,90,0
2024-03-17,2024,12,Ucayali,Coronel P.,Calleria,Selva,200000,Validacion retrospectiva,0.34,28.5,75.0,87.8,315,42,13.37,67,3,6,0,0.0,33.5,66,1,Rojo,1,1,0,0.0,67,0
2024-03-17,2024,12,Ucayali,Coronel P.,Yarinacocha,Selva,105000,Validacion retrospectiva,0.34,28.1,108.8,89.7,306,46,14.97,49,3,8,1,2.04,46.67,39,10,Rojo,1,1,0,0.0,49,0
2024-03-24,2024,13,La Libertad,Trujillo,El Porvenir,Costa,195000,Validacion retrospectiva,0.31,26.6,19.7,78.2,336,31,9.25,68,3,9,0,0.0,34.87,55,13,Rojo,1,1,0,0.0,68,0
2024-03-24,2024,13,La Libertad,Trujillo,La Esperanza,Costa,190000,Validacion retrospectiva,0.31,27.5,14.0,80.1,544,55,10.06,44,0,3,0,0.0,23.16,60,16,Rojo,1,1,0,0.0,44,0
2024-03-24,2024,13,La Libertad,Trujillo,Trujillo,Costa,320000,Validacion retrospectiva,0.31,26.9,19.3,76.4,1180,101,8.6,69,2,4,0,0.0,21.56,70,1,Rojo,1,1,0,0.0,69,0
2024-03-24,2024,13,Lambayeque,Chiclayo,Chiclayo,Costa,290000,Validacion retrospectiva,0.31,27.3,13.4,77.8,720,68,9.51,80,3,6,0,0.0,27.59,87,7,Rojo,1,1,0,0.0,80,0
2024-03-24,2024,13,Lambayeque,Chiclayo,Jose Leonardo Ortiz,Costa,195000,Validacion retrospectiva,0.31,26.7,22.6,78.0,321,27,8.47,69,3,4,0,0.0,35.38,68,1,Rojo,1,1,0,0.0,69,0
2024-03-24,2024,13,Lima,Lima,Comas,Costa,525000,Validacion retrospectiva,0.31,27.1,15.8,79.5,1255,105,8.36,33,0,1,0,0.0,6.29,54,21,Amarillo,0,0,0,0.0,33,0
2024-03-24,2024,13,Lima,Lima,San Juan de Lurigancho,Costa,1120000,Validacion retrospectiva,0.31,27.1,25.2,79.8,4868,404,8.3,111,4,9,0,0.0,9.91,70,41,Amarillo,0,0,0,0.0,111,0
2024-03-24,2024,13,Lima,Lima,Villa El Salvador,Costa,395000,Validacion retrospectiva,0.31,26.1,10.2,80.1,1050,86,8.17,33,3,3,0,0.0,8.35,27,6,Amarillo,0,0,0,0.0,33,0
2024-03-24,2024,13,Loreto,Maynas,Belen,Selva,78000,Validacion retrospectiva,0.31,27.3,87.8,87.2,154,22,14.14,40,3,5,0,0.0,51.28,37,3,Rojo,1,1,0,0.0,40,0
2024-03-24,2024,13,Loreto,Maynas,Iquitos,Selva,165000,Validacion retrospectiva,0.31,28.4,79.7,84.8,407,59,14.62,54,2,7,0,0.0,32.73,61,7,Rojo,1,1,0,0.0,54,0
2024-03-24,2024,13,Piura,Piura,Castilla,Costa,145000,Validacion retrospectiva,0.31,28.0,14.5,75.1,332,35,10.59,50,2,3,0,0.0,34.48,65,15,Rojo,1,1,0,0.0,50,0
2024-03-24,2024,13,Piura,Piura,Catacaos,Costa,72000,Validacion retrospectiva,0.31,26.2,17.7,83.9,339,33,9.62,42,2,3,0,0.0,58.33,33,9,Rojo,1,1,0,0.0,42,0
2024-03-24,2024,13,Piura,Piura,Piura,Costa,215000,Validacion retrospectiva,0.31,28.6,16.8,80.9,553,52,9.32,72,4,4,0,0.0,33.49,110,38,Rojo,1,1,0,0.0,72,0
2024-03-24,2024,13,Piura,Sullana,Sullana,Costa,180000,Validacion retrospectiva,0.31,27.1,14.4,78.4,447,40,8.88,74,5,9,0,0.0,41.11,67,7,Rojo,1,1,0,0.0,74,0
2024-03-24,2024,13,Ucayali,Coronel P.,Calleria,Selva,200000,Validacion retrospectiva,0.31,27.8,61.3,88.9,719,99,13.81,64,2,4,0,0.0,32.0,64,0,Rojo,1,1,0,0.0,64,0
2024-03-24,2024,13,Ucayali,Coronel P.,Yarinacocha,Selva,105000,Validacion retrospectiva,0.31,27.6,78.9,86.9,359,51,14.07,40,3,5,0,0.0,38.1,44,4,Rojo,1,1,0,0.0,40,0
2024-03-31,2024,14,La Libertad,Trujillo,El Porvenir,Costa,195000,Validacion retrospectiva,0.27,27.9,17.3,78.1,345,31,9.02,60,1,3,0,0.0,30.77,62,2,Rojo,1,1,0,0.0,60,0
2024-03-31,2024,14,La Libertad,Trujillo,La Esperanza,Costa,190000,Validacion retrospectiva,0.27,28.0,21.7,76.5,577,54,9.42,60,3,6,0,0.0,31.58,41,19,Rojo,1,1,0,0.0,60,0
2024-03-31,2024,14,La Libertad,Trujillo,Trujillo,Costa,320000,Validacion retrospectiva,0.27,25.3,25.7,79.4,820,71,8.6,77,2,2,0,0.0,24.06,85,8,Rojo,1,1,0,0.0,77,0
2024-03-31,2024,14,Lambayeque,Chiclayo,Chiclayo,Costa,290000,Validacion retrospectiva,0.27,27.6,12.5,79.4,737,60,8.09,80,4,7,1,1.25,27.59,86,6,Rojo,1,1,0,0.0,80,0
2024-03-31,2024,14,Lambayeque,Chiclayo,Jose Leonardo Ortiz,Costa,195000,Validacion retrospectiva,0.27,26.6,21.9,77.5,539,48,8.81,52,3,4,0,0.0,26.67,62,10,Rojo,1,1,0,0.0,52,0
2024-03-31,2024,14,Lima,Lima,Comas,Costa,525000,Validacion retrospectiva,0.27,27.9,18.6,74.3,1619,152,9.39,51,3,4,0,0.0,9.71,35,16,Amarillo,0,0,0,0.0,51,0
2024-03-31,2024,14,Lima,Lima,San Juan de Lurigancho,Costa,1120000,Validacion retrospectiva,0.27,26.7,8.5,77.8,2922,237,8.11,84,3,7,0,0.0,7.5,80,4,Amarillo,0,0,0,0.0,84,0
2024-03-31,2024,14,Lima,Lima,Villa El Salvador,Costa,395000,Validacion retrospectiva,0.27,27.9,15.3,80.2,1011,80,7.96,27,3,3,0,0.0,6.84,23,4,Amarillo,0,0,0,0.0,27,0
2024-03-31,2024,14,Loreto,Maynas,Belen,Selva,78000,Validacion retrospectiva,0.27,27.5,78.0,89.7,258,38,14.59,22,0,0,0,0.0,28.21,38,16,Rojo,1,1,0,0.0,22,0
2024-03-31,2024,14,Loreto,Maynas,Iquitos,Selva,165000,Validacion retrospectiva,0.27,27.7,68.8,87.1,482,67,13.95,44,0,2,0,0.0,26.67,37,7,Rojo,1,1,0,0.0,44,0
2024-03-31,2024,14,Piura,Piura,Castilla,Costa,145000,Validacion retrospectiva,0.27,28.2,12.9,74.7,392,36,9.26,59,2,2,0,0.0,40.69,51,8,Rojo,1,1,0,0.0,59,0
2024-03-31,2024,14,Piura,Piura,Catacaos,Costa,72000,Validacion retrospectiva,0.27,27.2,11.3,80.9,247,23,9.4,36,2,4,0,0.0,50.0,31,5,Rojo,1,1,0,0.0,36,0
2024-03-31,2024,14,Piura,Piura,Piura,Costa,215000,Validacion retrospectiva,0.27,26.9,13.2,76.7,726,64,8.83,86,2,9,0,0.0,40.0,105,19,Rojo,1,1,0,0.0,86,0
2024-03-31,2024,14,Piura,Sullana,Sullana,Costa,180000,Validacion retrospectiva,0.27,27.8,12.8,76.9,669,59,8.77,71,3,7,0,0.0,39.44,73,2,Rojo,1,1,0,0.0,71,0
2024-03-31,2024,14,Ucayali,Coronel P.,Calleria,Selva,200000,Validacion retrospectiva,0.27,28.3,88.2,85.4,377,53,13.97,60,4,6,0,0.0,30.0,66,6,Rojo,1,1,0,0.0,60,0
2024-03-31,2024,14,Ucayali,Coronel P.,Yarinacocha,Selva,105000,Validacion retrospectiva,0.27,27.8,85.5,86.8,322,44,13.71,30,1,1,0,0.0,28.57,41,11,Rojo,1,1,0,0.0,30,0
2024-04-07,2024,15,La Libertad,Trujillo,El Porvenir,Costa,195000,Validacion retrospectiva,0.24,25.9,7.1,76.8,166,15,8.8,50,0,3,0,0.0,25.64,55,5,Rojo,1,1,0,0.0,50,0
2024-04-07,2024,15,La Libertad,Trujillo,La Esperanza,Costa,190000,Validacion retrospectiva,0.24,26.5,7.3,75.7,247,20,8.03,43,2,4,0,0.0,22.63,37,6,Rojo,1,1,0,0.0,43,0
2024-04-07,2024,15,La Libertad,Trujillo,Trujillo,Costa,320000,Validacion retrospectiva,0.24,26.9,8.6,77.2,922,74,8.03,66,2,4,0,0.0,20.62,66,0,Rojo,1,1,0,0.0,66,0
2024-04-07,2024,15,Lambayeque,Chiclayo,Chiclayo,Costa,290000,Validacion retrospectiva,0.24,27.6,22.2,74.4,450,33,7.34,61,2,5,0,0.0,21.03,82,21,Rojo,1,1,0,0.0,61,0
2024-04-07,2024,15,Lambayeque,Chiclayo,Jose Leonardo Ortiz,Costa,195000,Validacion retrospectiva,0.24,26.6,12.4,76.3,654,53,8.05,54,2,3,1,1.85,27.69,49,5,Rojo,1,1,0,0.0,54,0
2024-04-07,2024,15,Lima,Lima,Comas,Costa,525000,Validacion retrospectiva,0.24,26.1,12.6,74.9,2130,178,8.36,37,1,2,0,0.0,7.05,40,3,Amarillo,0,0,0,0.0,37,0
2024-04-07,2024,15,Lima,Lima,San Juan de Lurigancho,Costa,1120000,Validacion retrospectiva,0.24,27.5,7.7,76.6,3407,306,8.97,69,1,4,0,0.0,6.16,89,20,Amarillo,0,0,0,0.0,69,0
2024-04-07,2024,15,Lima,Lima,Villa El Salvador,Costa,395000,Validacion retrospectiva,0.24,28.0,14.1,77.0,1165,91,7.77,25,0,2,0,0.0,6.33,25,0,Amarillo,0,0,0,0.0,25,0
2024-04-07,2024,15,Loreto,Maynas,Belen,Selva,78000,Validacion retrospectiva,0.24,27.4,46.1,88.8,192,25,13.0,33,1,2,0,0.0,42.31,36,3,Rojo,1,1,0,0.0,33,0
2024-04-07,2024,15,Loreto,Maynas,Iquitos,Selva,165000,Validacion retrospectiva,0.24,26.0,90.8,89.5,565,77,13.68,38,2,5,0,0.0,23.03,39,1,Rojo,1,1,0,0.0,38,0
2024-04-07,2024,15,Piura,Piura,Castilla,Costa,145000,Validacion retrospectiva,0.24,26.7,22.0,74.7,364,33,9.17,63,4,8,0,0.0,43.45,60,3,Rojo,1,1,0,0.0,63,0
2024-04-07,2024,15,Piura,Piura,Catacaos,Costa,72000,Validacion retrospectiva,0.24,26.9,27.5,79.1,173,15,8.82,25,1,1,0,0.0,34.72,27,2,Rojo,1,1,0,0.0,25,0
2024-04-07,2024,15,Piura,Piura,Piura,Costa,215000,Validacion retrospectiva,0.24,26.5,21.3,81.9,552,50,9.07,82,3,5,0,0.0,38.14,86,4,Rojo,1,1,0,0.0,82,0
2024-04-07,2024,15,Piura,Sullana,Sullana,Costa,180000,Validacion retrospectiva,0.24,26.7,11.7,77.3,556,48,8.71,53,0,6,0,0.0,29.44,53,0,Rojo,1,1,0,0.0,53,0
2024-04-07,2024,15,Ucayali,Coronel P.,Calleria,Selva,200000,Validacion retrospectiva,0.24,27.1,81.0,87.7,541,71,13.14,48,1,3,0,0.0,24.0,73,25,Rojo,1,1,0,0.0,48,0
2024-04-07,2024,15,Ucayali,Coronel P.,Yarinacocha,Selva,105000,Validacion retrospectiva,0.24,27.9,84.3,86.0,307,39,12.85,27,1,1,0,0.0,25.71,34,7,Rojo,1,1,0,0.0,27,0
2024-04-14,2024,16,La Libertad,Trujillo,El Porvenir,Costa,195000,Validacion retrospectiva,0.22,25.6,13.3,73.0,461,37,7.92,49,0,1,0,0.0,25.13,36,13,Rojo,1,1,0,0.0,49,0
2024-04-14,2024,16,La Libertad,Trujillo,La Esperanza,Costa,190000,Validacion retrospectiva,0.22,26.7,14.0,76.5,665,54,8.11,34,0,3,0,0.0,17.89,50,16,Rojo,1,1,0,0.0,34,0
2024-04-14,2024,16,La Libertad,Trujillo,Trujillo,Costa,320000,Validacion retrospectiva,0.22,26.1,10.0,78.5,847,65,7.67,54,3,6,0,0.0,16.88,45,9,Rojo,1,1,0,0.0,54,0
2024-04-14,2024,16,Lambayeque,Chiclayo,Chiclayo,Costa,290000,Validacion retrospectiva,0.22,25.5,13.8,77.4,845,69,8.12,72,1,4,0,0.0,24.83,68,4,Rojo,1,1,0,0.0,72,0
2024-04-14,2024,16,Lambayeque,Chiclayo,Jose Leonardo Ortiz,Costa,195000,Validacion retrospectiva,0.22,26.6,5.8,74.4,355,26,7.2,46,1,3,0,0.0,23.59,45,1,Rojo,1,1,0,0.0,46,0
2024-04-14,2024,16,Lima,Lima,Comas,Costa,525000,Validacion retrospectiva,0.22,25.3,18.3,75.6,907,73,8.09,33,4,7,0,0.0,6.29,29,4,Amarillo,0,0,0,0.0,33,0
2024-04-14,2024,16,Lima,Lima,San Juan de Lurigancho,Costa,1120000,Validacion retrospectiva,0.22,25.2,8.4,77.1,2014,179,8.88,66,4,7,0,0.0,5.89,79,13,Amarillo,0,0,0,0.0,66,0
2024-04-14,2024,16,Lima,Lima,Villa El Salvador,Costa,395000,Validacion retrospectiva,0.22,26.1,5.2,75.8,705,49,6.99,20,1,1,0,0.0,5.06,21,1,Amarillo,0,0,0,0.0,20,0
2024-04-14,2024,16,Loreto,Maynas,Belen,Selva,78000,Validacion retrospectiva,0.22,27.7,70.1,86.7,219,28,12.62,25,0,0,0,0.0,32.05,29,4,Rojo,1,1,0,0.0,25,0
2024-04-14,2024,16,Loreto,Maynas,Iquitos,Selva,165000,Validacion retrospectiva,0.22,27.7,50.2,84.1,295,39,13.25,47,6,9,0,0.0,28.48,55,8,Rojo,1,1,0,0.0,47,0
2024-04-14,2024,16,Piura,Piura,Castilla,Costa,145000,Validacion retrospectiva,0.22,25.7,20.2,74.2,403,35,8.7,41,2,3,0,0.0,28.28,46,5,Rojo,1,1,0,0.0,41,0
2024-04-14,2024,16,Piura,Piura,Catacaos,Costa,72000,Validacion retrospectiva,0.22,26.1,9.4,77.9,172,14,8.02,26,1,2,0,0.0,36.11,26,0,Rojo,1,1,0,0.0,26,0
2024-04-14,2024,16,Piura,Piura,Piura,Costa,215000,Validacion retrospectiva,0.22,26.7,12.8,76.9,431,34,7.87,71,0,3,0,0.0,33.02,64,7,Rojo,1,1,0,0.0,71,0
2024-04-14,2024,16,Piura,Sullana,Sullana,Costa,180000,Validacion retrospectiva,0.22,25.4,9.5,73.6,474,39,8.32,59,2,4,0,0.0,32.78,64,5,Rojo,1,1,0,0.0,59,0
2024-04-14,2024,16,Ucayali,Coronel P.,Calleria,Selva,200000,Validacion retrospectiva,0.22,27.7,74.9,85.4,364,49,13.37,59,2,2,0,0.0,29.5,62,3,Rojo,1,1,0,0.0,59,0
2024-04-14,2024,16,Ucayali,Coronel P.,Yarinacocha,Selva,105000,Validacion retrospectiva,0.22,27.2,79.8,86.0,331,44,13.25,45,3,5,0,0.0,42.86,28,17,Rojo,1,1,0,0.0,45,0
2024-04-21,2024,17,La Libertad,Trujillo,El Porvenir,Costa,195000,Validacion retrospectiva,0.19,25.9,9.8,76.7,435,34,7.86,37,1,1,0,0.0,18.97,45,8,Rojo,1,1,0,0.0,37,0
2024-04-21,2024,17,La Libertad,Trujillo,La Esperanza,Costa,190000,Validacion retrospectiva,0.19,26.2,7.9,78.5,449,32,7.15,43,1,1,0,0.0,22.63,30,13,Rojo,1,1,0,0.0,43,0
2024-04-21,2024,17,La Libertad,Trujillo,Trujillo,Costa,320000,Validacion retrospectiva,0.19,25.7,10.7,72.9,795,59,7.48,44,0,2,0,0.0,13.75,53,9,Rojo,1,1,0,0.0,44,0
2024-04-21,2024,17,Lambayeque,Chiclayo,Chiclayo,Costa,290000,Validacion retrospectiva,0.19,23.9,11.3,76.4,339,28,8.22,52,2,3,0,0.0,17.93,73,21,Rojo,1,1,0,0.0,52,0
2024-04-21,2024,17,Lambayeque,Chiclayo,Jose Leonardo Ortiz,Costa,195000,Validacion retrospectiva,0.19,25.5,1.3,73.7,733,55,7.56,30,1,2,0,0.0,15.38,50,20,Rojo,1,1,0,0.0,30,0
2024-04-21,2024,17,Lima,Lima,Comas,Costa,525000,Validacion retrospectiva,0.19,25.4,12.1,72.2,1324,94,7.06,19,0,0,0,0.0,3.62,24,5,Verde,0,0,0,0.0,19,0
2024-04-21,2024,17,Lima,Lima,San Juan de Lurigancho,Costa,1120000,Validacion retrospectiva,0.19,25.3,10.6,76.4,2829,219,7.73,57,2,3,0,0.0,5.09,58,1,Amarillo,0,0,0,0.0,57,0
2024-04-21,2024,17,Lima,Lima,Villa El Salvador,Costa,395000,Validacion retrospectiva,0.19,24.5,3.7,74.5,755,49,6.55,18,2,2,0,0.0,4.56,18,0,Verde,0,0,0,0.0,18,0
2024-04-21,2024,17,Loreto,Maynas,Belen,Selva,78000,Validacion retrospectiva,0.19,28.7,81.0,85.3,205,26,12.64,37,3,4,0,0.0,47.44,28,9,Rojo,1,1,0,0.0,37,0
2024-04-21,2024,17,Loreto,Maynas,Iquitos,Selva,165000,Validacion retrospectiva,0.19,27.4,64.1,87.6,461,61,13.3,30,2,5,0,0.0,18.18,29,1,Rojo,1,1,0,0.0,30,0
2024-04-21,2024,17,Piura,Piura,Castilla,Costa,145000,Validacion retrospectiva,0.19,24.8,12.7,75.3,339,26,7.73,45,3,6,0,0.0,31.03,53,8,Rojo,1,1,0,0.0,45,0
2024-04-21,2024,17,Piura,Piura,Catacaos,Costa,72000,Validacion retrospectiva,0.19,25.3,7.6,77.0,146,10,7.15,14,1,2,0,0.0,19.44,23,9,Rojo,1,1,0,0.0,14,0
2024-04-21,2024,17,Piura,Piura,Piura,Costa,215000,Validacion retrospectiva,0.19,25.8,11.4,74.8,371,28,7.68,43,3,6,0,0.0,20.0,66,23,Rojo,1,1,0,0.0,43,0
2024-04-21,2024,17,Piura,Sullana,Sullana,Costa,180000,Validacion retrospectiva,0.19,25.5,19.6,73.5,423,37,8.69,63,1,4,0,0.0,35.0,48,15,Rojo,1,1,0,0.0,63,0
2024-04-21,2024,17,Ucayali,Coronel P.,Calleria,Selva,200000,Validacion retrospectiva,0.19,27.3,62.4,85.2,553,69,12.4,46,3,4,0,0.0,23.0,46,0,Rojo,1,1,0,0.0,46,0
2024-04-21,2024,17,Ucayali,Coronel P.,Yarinacocha,Selva,105000,Validacion retrospectiva,0.19,27.5,61.1,87.0,215,26,12.1,33,6,9,0,0.0,31.43,32,1,Rojo,1,1,0,0.0,33,0
2024-04-28,2024,18,La Libertad,Trujillo,El Porvenir,Costa,195000,Validacion retrospectiva,0.17,25.7,10.7,75.7,321,21,6.57,42,1,1,0,0.0,21.54,31,11,Rojo,1,1,0,0.0,42,0
2024-04-28,2024,18,La Libertad,Trujillo,La Esperanza,Costa,190000,Validacion retrospectiva,0.17,25.6,9.4,73.1,569,40,7.08,31,0,2,0,0.0,16.32,39,8,Rojo,1,1,0,0.0,31,0
2024-04-28,2024,18,La Libertad,Trujillo,Trujillo,Costa,320000,Validacion retrospectiva,0.17,24.9,8.4,73.4,1079,78,7.28,53,2,4,0,0.0,16.56,42,11,Rojo,1,1,0,0.0,53,0
2024-04-28,2024,18,Lambayeque,Chiclayo,Chiclayo,Costa,290000,Validacion retrospectiva,0.17,25.8,0.0,73.5,996,76,7.64,50,2,3,0,0.0,17.24,52,2,Rojo,1,1,0,0.0,50,0
2024-04-28,2024,18,Lambayeque,Chiclayo,Jose Leonardo Ortiz,Costa,195000,Validacion retrospectiva,0.17,24.7,9.8,73.9,480,36,7.41,44,1,3,0,0.0,22.56,43,1,Rojo,1,1,0,0.0,44,0
2024-04-28,2024,18,Lima,Lima,Comas,Costa,525000,Validacion retrospectiva,0.17,25.7,2.4,77.5,1185,64,5.44,21,2,4,0,0.0,4.0,21,0,Verde,0,0,0,0.0,21,0
2024-04-28,2024,18,Lima,Lima,San Juan de Lurigancho,Costa,1120000,Validacion retrospectiva,0.17,24.9,8.9,71.9,2488,170,6.82,53,1,3,0,0.0,4.73,46,7,Verde,0,0,0,0.0,53,0
2024-04-28,2024,18,Lima,Lima,Villa El Salvador,Costa,395000,Validacion retrospectiva,0.17,24.8,9.0,71.9,1121,71,6.32,16,0,2,0,0.0,4.05,17,1,Verde,0,0,0,0.0,16,0
2024-04-28,2024,18,Loreto,Maynas,Belen,Selva,78000,Validacion retrospectiva,0.17,27.8,60.2,87.8,186,24,12.81,24,1,1,0,0.0,30.77,26,2,Rojo,1,1,0,0.0,24,0
2024-04-28,2024,18,Loreto,Maynas,Iquitos,Selva,165000,Validacion retrospectiva,0.17,27.0,64.2,84.4,529,66,12.56,20,1,1,0,0.0,12.12,40,20,Rojo,1,1,0,0.0,20,0
2024-04-28,2024,18,Piura,Piura,Castilla,Costa,145000,Validacion retrospectiva,0.17,25.7,6.9,73.8,436,35,8.0,34,0,1,0,0.0,23.45,26,8,Rojo,1,1,0,0.0,34,0
2024-04-28,2024,18,Piura,Piura,Catacaos,Costa,72000,Validacion retrospectiva,0.17,24.2,0.0,74.5,167,13,8.07,20,0,1,0,0.0,27.78,22,2,Rojo,1,1,0,0.0,20,0
2024-04-28,2024,18,Piura,Piura,Piura,Costa,215000,Validacion retrospectiva,0.17,25.4,0.0,73.1,333,25,7.39,46,0,3,0,0.0,21.4,56,10,Rojo,1,1,0,0.0,46,0
2024-04-28,2024,18,Piura,Sullana,Sullana,Costa,180000,Validacion retrospectiva,0.17,25.2,0.1,77.9,383,27,6.98,42,2,2,0,0.0,23.33,55,13,Rojo,1,1,0,0.0,42,0
2024-04-28,2024,18,Ucayali,Coronel P.,Calleria,Selva,200000,Validacion retrospectiva,0.17,26.5,65.5,86.1,560,71,12.65,53,1,4,0,0.0,26.5,60,7,Rojo,1,1,0,0.0,53,0
2024-04-28,2024,18,Ucayali,Coronel P.,Yarinacocha,Selva,105000,Validacion retrospectiva,0.17,27.3,57.5,86.0,205,26,12.66,29,1,4,0,0.0,27.62,27,2,Rojo,1,1,0,0.0,29,0
2024-05-05,2024,19,La Libertad,Trujillo,El Porvenir,Costa,195000,Validacion retrospectiva,0.15,23.9,6.7,74.8,574,35,6.11,28,0,4,0,0.0,14.36,28,0,Rojo,1,1,0,0.0,28,0
2024-05-05,2024,19,La Libertad,Trujillo,La Esperanza,Costa,190000,Validacion retrospectiva,0.15,25.9,13.7,70.2,535,36,6.77,27,2,2,0,0.0,14.21,21,6,Amarillo,0,1,0,0.0,27,0
2024-05-05,2024,19,La Libertad,Trujillo,Trujillo,Costa,320000,Validacion retrospectiva,0.15,24.5,3.6,77.2,860,63,7.33,32,1,5,0,0.0,10.0,30,2,Amarillo,0,0,0,0.0,32,0
2024-05-05,2024,19,Lambayeque,Chiclayo,Chiclayo,Costa,290000,Validacion retrospectiva,0.15,24.6,6.1,71.2,766,54,7.02,48,4,4,0,0.0,16.55,43,5,Rojo,1,1,0,0.0,48,0
2024-05-05,2024,19,Lambayeque,Chiclayo,Jose Leonardo Ortiz,Costa,195000,Validacion retrospectiva,0.15,25.0,1.8,74.0,756,52,6.87,27,0,1,0,0.0,13.85,33,6,Rojo,1,1,0,0.0,27,0
2024-05-05,2024,19,Lima,Lima,Comas,Costa,525000,Validacion retrospectiva,0.15,25.2,5.8,74.8,1487,81,5.47,17,1,1,0,0.0,3.24,15,2,Verde,0,0,0,0.0,17,0
2024-05-05,2024,19,Lima,Lima,San Juan de Lurigancho,Costa,1120000,Validacion retrospectiva,0.15,23.3,1.7,75.3,2653,156,5.88,40,0,1,0,0.0,3.57,57,17,Amarillo,0,0,0,0.0,40,0
2024-05-05,2024,19,Lima,Lima,Villa El Salvador,Costa,395000,Validacion retrospectiva,0.15,24.6,7.1,75.3,1017,60,5.93,20,0,0,0,0.0,5.06,13,7,Verde,0,0,0,0.0,20,0
2024-05-05,2024,19,Loreto,Maynas,Belen,Selva,78000,Validacion retrospectiva,0.15,27.4,58.9,88.1,183,23,12.34,24,2,2,0,0.0,30.77,19,5,Rojo,1,1,0,0.0,24,0
2024-05-05,2024,19,Loreto,Maynas,Iquitos,Selva,165000,Validacion retrospectiva,0.15,26.9,58.0,84.9,299,38,12.62,22,0,1,0,0.0,13.33,28,6,Rojo,1,1,0,0.0,22,0
2024-05-05,2024,19,Piura,Piura,Castilla,Costa,145000,Validacion retrospectiva,0.15,23.6,1.3,73.5,381,26,6.81,27,1,1,0,0.0,18.62,26,1,Rojo,1,1,0,0.0,27,0
2024-05-05,2024,19,Piura,Piura,Catacaos,Costa,72000,Validacion retrospectiva,0.15,24.1,3.1,69.4,141,11,8.05,13,0,0,0,0.0,18.06,15,2,Rojo,1,1,0,0.0,13,0
2024-05-05,2024,19,Piura,Piura,Piura,Costa,215000,Validacion retrospectiva,0.15,24.5,4.9,75.1,865,61,7.06,57,2,5,0,0.0,26.51,55,2,Rojo,1,1,0,0.0,57,0
2024-05-05,2024,19,Piura,Sullana,Sullana,Costa,180000,Validacion retrospectiva,0.15,24.4,7.1,74.2,400,26,6.61,41,2,5,0,0.0,22.78,40,1,Rojo,1,1,0,0.0,41,0
2024-05-05,2024,19,Ucayali,Coronel P.,Calleria,Selva,200000,Validacion retrospectiva,0.15,26.8,45.1,84.5,418,50,11.9,55,5,8,1,1.82,27.5,43,12,Rojo,1,1,0,0.0,55,0
2024-05-05,2024,19,Ucayali,Coronel P.,Yarinacocha,Selva,105000,Validacion retrospectiva,0.15,26.7,44.2,84.6,167,21,12.46,27,0,1,0,0.0,25.71,26,1,Rojo,1,1,0,0.0,27,0
2024-05-12,2024,20,La Libertad,Trujillo,El Porvenir,Costa,195000,Validacion retrospectiva,0.14,23.7,1.6,74.0,830,50,5.97,21,0,1,0,0.0,10.77,30,9,Rojo,1,0,0,0.0,21,0
2024-05-12,2024,20,La Libertad,Trujillo,La Esperanza,Costa,190000,Validacion retrospectiva,0.14,22.9,1.4,70.8,443,25,5.73,24,1,3,0,0.0,12.63,28,4,Rojo,1,1,0,0.0,24,0
2024-05-12,2024,20,La Libertad,Trujillo,Trujillo,Costa,320000,Validacion retrospectiva,0.14,24.3,8.8,71.5,820,53,6.49,39,1,3,0,0.0,12.19,30,9,Amarillo,0,1,0,0.0,39,0
2024-05-12,2024,20,Lambayeque,Chiclayo,Chiclayo,Costa,290000,Validacion retrospectiva,0.14,23.0,10.1,71.1,644,42,6.6,33,0,2,0,0.0,11.38,41,8,Rojo,1,0,0,0.0,33,0
2024-05-12,2024,20,Lambayeque,Chiclayo,Jose Leonardo Ortiz,Costa,195000,Validacion retrospectiva,0.14,23.3,9.2,70.2,601,35,5.91,22,0,0,0,0.0,11.28,30,8,Rojo,1,0,0,0.0,22,0
2024-05-12,2024,20,Lima,Lima,Comas,Costa,525000,Validacion retrospectiva,0.14,24.2,4.8,73.6,730,32,4.4,20,1,2,0,0.0,3.81,17,3,Verde,0,0,0,0.0,20,0
2024-05-12,2024,20,Lima,Lima,San Juan de Lurigancho,Costa,1120000,Validacion retrospectiva,0.14,23.5,7.1,73.8,2919,163,5.57,38,0,1,0,0.0,3.39,34,4,Verde,0,0,0,0.0,38,0
2024-05-12,2024,20,Lima,Lima,Villa El Salvador,Costa,395000,Validacion retrospectiva,0.14,24.4,9.8,72.2,1316,51,3.86,10,0,0,0,0.0,2.53,14,4,Verde,0,0,0,0.0,10,0
2024-05-12,2024,20,Loreto,Maynas,Belen,Selva,78000,Validacion retrospectiva,0.14,27.4,73.7,86.8,159,18,11.45,9,0,1,0,0.0,11.54,27,18,Rojo,1,0,0,0.0,9,0
2024-05-12,2024,20,Loreto,Maynas,Iquitos,Selva,165000,Validacion retrospectiva,0.14,27.1,39.4,87.8,293,33,11.1,27,2,2,0,0.0,16.36,29,2,Rojo,1,1,0,0.0,27,0
2024-05-12,2024,20,Piura,Piura,Castilla,Costa,145000,Validacion retrospectiva,0.14,23.6,6.0,68.9,356,22,6.28,18,0,1,0,0.0,12.41,22,4,Rojo,1,1,0,0.0,18,0
2024-05-12,2024,20,Piura,Piura,Catacaos,Costa,72000,Validacion retrospectiva,0.14,24.6,6.4,69.7,219,14,6.51,14,0,0,0,0.0,19.44,9,5,Rojo,1,1,0,0.0,14,0
2024-05-12,2024,20,Piura,Piura,Piura,Costa,215000,Validacion retrospectiva,0.14,24.2,2.0,67.9,730,45,6.2,32,1,3,0,0.0,14.88,34,2,Rojo,1,1,0,0.0,32,0
2024-05-12,2024,20,Piura,Sullana,Sullana,Costa,180000,Validacion retrospectiva,0.14,24.2,0.9,75.6,461,30,6.55,28,2,3,0,0.0,15.56,31,3,Rojo,1,1,0,0.0,28,0
2024-05-12,2024,20,Ucayali,Coronel P.,Calleria,Selva,200000,Validacion retrospectiva,0.14,26.1,46.9,84.9,536,61,11.37,38,0,0,0,0.0,19.0,41,3,Rojo,1,1,0,0.0,38,0
2024-05-12,2024,20,Ucayali,Coronel P.,Yarinacocha,Selva,105000,Validacion retrospectiva,0.14,27.9,78.5,85.5,445,53,11.94,25,2,3,1,4.0,23.81,26,1,Rojo,1,1,0,0.0,25,0
2024-05-19,2024,21,La Libertad,Trujillo,El Porvenir,Costa,195000,Validacion retrospectiva,0.13,24.0,6.6,70.0,588,31,5.19,21,1,1,0,0.0,10.77,18,3,Amarillo,0,0,0,0.0,21,0
2024-05-19,2024,21,La Libertad,Trujillo,La Esperanza,Costa,190000,Validacion retrospectiva,0.13,23.3,1.5,69.1,516,31,6.04,10,1,1,0,0.0,5.26,26,16,Rojo,1,0,0,0.0,10,0
2024-05-19,2024,21,La Libertad,Trujillo,Trujillo,Costa,320000,Validacion retrospectiva,0.13,22.7,12.0,75.2,1289,75,5.82,29,1,1,0,0.0,9.06,31,2,Amarillo,0,0,0,0.0,29,0
2024-05-19,2024,21,Lambayeque,Chiclayo,Chiclayo,Costa,290000,Validacion retrospectiva,0.13,22.9,1.7,74.2,634,32,5.08,32,1,3,0,0.0,11.03,25,7,Amarillo,0,0,0,0.0,32,0
2024-05-19,2024,21,Lambayeque,Chiclayo,Jose Leonardo Ortiz,Costa,195000,Validacion retrospectiva,0.13,22.6,5.3,74.3,459,22,4.8,29,1,2,0,0.0,14.87,25,4,Rojo,1,1,0,0.0,29,0
2024-05-19,2024,21,Lima,Lima,Comas,Costa,525000,Validacion retrospectiva,0.13,23.7,3.3,72.0,1944,78,4.02,16,0,4,0,0.0,3.05,15,1,Verde,0,0,0,0.0,16,0
2024-05-19,2024,21,Lima,Lima,San Juan de Lurigancho,Costa,1120000,Validacion retrospectiva,0.13,23.1,3.9,67.8,5043,254,5.03,25,0,1,0,0.0,2.23,27,2,Verde,0,0,0,0.0,25,0
2024-05-19,2024,21,Lima,Lima,Villa El Salvador,Costa,395000,Validacion retrospectiva,0.13,22.3,10.7,70.5,503,20,3.91,9,0,0,0,0.0,2.28,10,1,Verde,0,0,0,0.0,9,0
2024-05-19,2024,21,Loreto,Maynas,Belen,Selva,78000,Validacion retrospectiva,0.13,26.8,42.6,85.3,242,27,11.34,24,1,2,0,0.0,30.77,19,5,Rojo,1,1,0,0.0,24,0
2024-05-19,2024,21,Loreto,Maynas,Iquitos,Selva,165000,Validacion retrospectiva,0.13,26.6,62.2,87.6,370,40,10.86,22,0,2,0,0.0,13.33,23,1,Rojo,1,1,0,0.0,22,0
2024-05-19,2024,21,Piura,Piura,Castilla,Costa,145000,Validacion retrospectiva,0.13,23.3,0.0,69.0,318,17,5.29,14,0,0,0,0.0,9.66,22,8,Rojo,1,0,0,0.0,14,0
2024-05-19,2024,21,Piura,Piura,Catacaos,Costa,72000,Validacion retrospectiva,0.13,22.1,6.7,71.2,289,18,6.19,8,1,1,0,0.0,11.11,10,2,Rojo,1,0,0,0.0,8,0
2024-05-19,2024,21,Piura,Piura,Piura,Costa,215000,Validacion retrospectiva,0.13,23.8,2.6,71.6,609,37,6.12,27,1,3,0,0.0,12.56,40,13,Rojo,1,1,0,0.0,27,0
2024-05-19,2024,21,Piura,Sullana,Sullana,Costa,180000,Validacion retrospectiva,0.13,22.7,8.3,71.4,608,33,5.49,25,1,4,0,0.0,13.89,28,3,Rojo,1,1,0,0.0,25,0
2024-05-19,2024,21,Ucayali,Coronel P.,Calleria,Selva,200000,Validacion retrospectiva,0.13,26.0,56.4,84.3,490,59,11.98,46,3,4,0,0.0,23.0,38,8,Rojo,1,1,0,0.0,46,0
2024-05-19,2024,21,Ucayali,Coronel P.,Yarinacocha,Selva,105000,Validacion retrospectiva,0.13,26.8,43.6,85.0,337,42,12.55,20,3,3,0,0.0,19.05,22,2,Rojo,1,1,0,0.0,20,0
2024-05-26,2024,22,La Libertad,Trujillo,El Porvenir,Costa,195000,Validacion retrospectiva,0.12,22.2,0.0,68.6,746,38,5.03,23,5,7,0,0.0,11.79,16,7,Amarillo,0,0,0,0.0,23,0
2024-05-26,2024,22,La Libertad,Trujillo,La Esperanza,Costa,190000,Validacion retrospectiva,0.12,22.7,9.0,70.9,431,23,5.25,15,0,1,0,0.0,7.89,14,1,Amarillo,0,0,0,0.0,15,0
2024-05-26,2024,22,La Libertad,Trujillo,Trujillo,Costa,320000,Validacion retrospectiva,0.12,22.5,0.0,70.3,781,36,4.57,26,0,2,0,0.0,8.12,28,2,Amarillo,0,0,0,0.0,26,0
2024-05-26,2024,22,Lambayeque,Chiclayo,Chiclayo,Costa,290000,Validacion retrospectiva,0.12,24.2,0.0,69.2,862,39,4.57,22,0,0,0,0.0,7.59,29,7,Amarillo,0,0,0,0.0,22,0
2024-05-26,2024,22,Lambayeque,Chiclayo,Jose Leonardo Ortiz,Costa,195000,Validacion retrospectiva,0.12,22.1,5.8,69.9,592,28,4.71,14,1,1,0,0.0,7.18,20,6,Amarillo,0,0,0,0.0,14,0
2024-05-26,2024,22,Lima,Lima,Comas,Costa,525000,Validacion retrospectiva,0.12,23.2,6.1,67.5,1305,49,3.77,14,2,3,0,0.0,2.67,11,3,Verde,0,0,0,0.0,14,0
2024-05-26,2024,22,Lima,Lima,San Juan de Lurigancho,Costa,1120000,Validacion retrospectiva,0.12,21.9,2.7,69.9,2974,129,4.35,17,0,0,0,0.0,1.52,19,2,Verde,0,0,0,0.0,17,0
2024-05-26,2024,22,Lima,Lima,Villa El Salvador,Costa,395000,Validacion retrospectiva,0.12,24.6,5.2,67.9,534,18,3.45,5,0,1,0,0.0,1.27,8,3,Verde,0,0,0,0.0,5,0
2024-05-26,2024,22,Loreto,Maynas,Belen,Selva,78000,Validacion retrospectiva,0.12,26.6,71.0,83.7,220,24,11.0,23,2,4,0,0.0,29.49,23,0,Rojo,1,1,0,0.0,23,0
2024-05-26,2024,22,Loreto,Maynas,Iquitos,Selva,165000,Validacion retrospectiva,0.12,26.7,60.5,83.3,428,46,10.66,32,0,0,0,0.0,19.39,28,4,Rojo,1,1,0,0.0,32,0
2024-05-26,2024,22,Piura,Piura,Castilla,Costa,145000,Validacion retrospectiva,0.12,23.0,0.0,71.1,406,19,4.64,17,0,0,0,0.0,11.72,14,3,Amarillo,0,0,0,0.0,17,0
2024-05-26,2024,22,Piura,Piura,Catacaos,Costa,72000,Validacion retrospectiva,0.12,22.9,4.5,68.1,120,6,5.15,10,0,0,0,0.0,13.89,7,3,Amarillo,0,1,0,0.0,10,0
2024-05-26,2024,22,Piura,Piura,Piura,Costa,215000,Validacion retrospectiva,0.12,22.6,1.9,67.4,696,43,6.19,18,1,1,0,0.0,8.37,25,7,Amarillo,0,0,0,0.0,18,0
2024-05-26,2024,22,Piura,Sullana,Sullana,Costa,180000,Validacion retrospectiva,0.12,22.2,0.0,70.4,409,21,5.24,23,0,1,0,0.0,12.78,22,1,Rojo,1,1,0,0.0,23,0
2024-05-26,2024,22,Ucayali,Coronel P.,Calleria,Selva,200000,Validacion retrospectiva,0.12,27.0,51.3,85.9,517,60,11.69,35,4,5,0,0.0,17.5,41,6,Rojo,1,1,0,0.0,35,0
2024-05-26,2024,22,Ucayali,Coronel P.,Yarinacocha,Selva,105000,Validacion retrospectiva,0.12,26.2,60.8,85.3,287,32,11.15,19,1,1,0,0.0,18.1,23,4,Rojo,1,1,0,0.0,19,0
2024-06-02,2024,23,La Libertad,Trujillo,El Porvenir,Costa,195000,Validacion retrospectiva,0.11,22.0,0.5,66.8,433,20,4.52,11,1,1,0,0.0,5.64,13,2,Amarillo,0,0,0,0.0,11,0
2024-06-02,2024,23,La Libertad,Trujillo,La Esperanza,Costa,190000,Validacion retrospectiva,0.11,23.4,2.5,70.1,686,24,3.53,13,0,0,0,0.0,6.84,11,2,Amarillo,0,0,0,0.0,13,0
2024-06-02,2024,23,La Libertad,Trujillo,Trujillo,Costa,320000,Validacion retrospectiva,0.11,21.6,2.8,74.0,567,23,3.98,13,1,2,0,0.0,4.06,22,9,Amarillo,0,0,0,0.0,13,0
2024-06-02,2024,23,Lambayeque,Chiclayo,Chiclayo,Costa,290000,Validacion retrospectiva,0.11,23.4,0.0,70.6,739,28,3.81,30,0,2,0,0.0,10.34,24,6,Amarillo,0,0,0,0.0,30,0
2024-06-02,2024,23,Lambayeque,Chiclayo,Jose Leonardo Ortiz,Costa,195000,Validacion retrospectiva,0.11,21.8,3.6,72.6,737,29,3.88,22,1,1,0,0.0,11.28,15,7,Amarillo,0,0,0,0.0,22,0
2024-06-02,2024,23,Lima,Lima,Comas,Costa,525000,Validacion retrospectiva,0.11,20.8,0.0,72.6,1515,62,4.11,11,1,1,0,0.0,2.1,7,4,Verde,0,0,0,0.0,11,0
2024-06-02,2024,23,Lima,Lima,San Juan de Lurigancho,Costa,1120000,Validacion retrospectiva,0.11,21.4,2.8,71.0,3127,83,2.67,12,0,3,0,0.0,1.07,22,10,Verde,0,0,0,0.0,12,0
2024-06-02,2024,23,Lima,Lima,Villa El Salvador,Costa,395000,Validacion retrospectiva,0.11,21.2,0.0,65.8,989,28,2.8,6,0,1,0,0.0,1.52,5,1,Verde,0,0,0,0.0,6,0
2024-06-02,2024,23,Loreto,Maynas,Belen,Selva,78000,Validacion retrospectiva,0.11,25.9,20.1,79.6,182,21,11.63,21,1,1,0,0.0,26.92,17,4,Rojo,1,1,0,0.0,21,0
2024-06-02,2024,23,Loreto,Maynas,Iquitos,Selva,165000,Validacion retrospectiva,0.11,26.0,61.6,85.2,351,37,10.55,16,2,5,0,0.0,9.7,22,6,Rojo,1,0,0,0.0,16,0
2024-06-02,2024,23,Piura,Piura,Castilla,Costa,145000,Validacion retrospectiva,0.11,22.0,7.7,69.6,482,17,3.56,15,0,0,0,0.0,10.34,16,1,Amarillo,0,0,0,0.0,15,0
2024-06-02,2024,23,Piura,Piura,Catacaos,Costa,72000,Validacion retrospectiva,0.11,23.7,0.0,69.9,138,5,3.86,4,0,0,0,0.0,5.56,7,3,Amarillo,0,0,0,0.0,4,0
2024-06-02,2024,23,Piura,Piura,Piura,Costa,215000,Validacion retrospectiva,0.11,22.1,0.0,67.9,525,23,4.38,23,1,3,0,0.0,10.7,23,0,Amarillo,0,0,0,0.0,23,0
2024-06-02,2024,23,Piura,Sullana,Sullana,Costa,180000,Validacion retrospectiva,0.11,22.3,4.9,69.6,581,27,4.66,22,0,1,0,0.0,12.22,15,7,Amarillo,0,1,0,0.0,22,0
2024-06-02,2024,23,Ucayali,Coronel P.,Calleria,Selva,200000,Validacion retrospectiva,0.11,25.4,49.3,85.9,601,67,11.14,42,1,4,0,0.0,21.0,42,0,Rojo,1,1,0,0.0,42,0
2024-06-02,2024,23,Ucayali,Coronel P.,Yarinacocha,Selva,105000,Validacion retrospectiva,0.11,26.5,44.3,80.3,324,35,10.89,19,2,2,0,0.0,18.1,16,3,Rojo,1,1,0,0.0,19,0
2024-06-09,2024,24,La Libertad,Trujillo,El Porvenir,Costa,195000,Validacion retrospectiva,0.1,20.8,7.4,69.6,719,25,3.51,17,2,3,0,0.0,8.72,14,3,Amarillo,0,0,0,0.0,17,0
2024-06-09,2024,24,La Libertad,Trujillo,La Esperanza,Costa,190000,Validacion retrospectiva,0.1,22.1,0.1,62.9,584,16,2.79,10,0,1,0,0.0,5.26,7,3,Verde,0,0,0,0.0,10,0
2024-06-09,2024,24,La Libertad,Trujillo,Trujillo,Costa,320000,Validacion retrospectiva,0.1,21.3,4.6,67.9,1217,39,3.21,12,0,2,0,0.0,3.75,17,5,Amarillo,0,0,0,0.0,12,0
2024-06-09,2024,24,Lambayeque,Chiclayo,Chiclayo,Costa,290000,Validacion retrospectiva,0.1,22.6,4.1,71.0,953,34,3.58,17,0,0,0,0.0,5.86,17,0,Amarillo,0,0,0,0.0,17,0
2024-06-09,2024,24,Lambayeque,Chiclayo,Jose Leonardo Ortiz,Costa,195000,Validacion retrospectiva,0.1,21.4,5.8,67.0,500,16,3.12,9,2,2,0,0.0,4.62,11,2,Amarillo,0,0,0,0.0,9,0
2024-06-09,2024,24,Lima,Lima,Comas,Costa,525000,Validacion retrospectiva,0.1,21.1,3.6,67.5,1682,37,2.21,4,0,0,0,0.0,0.76,9,5,Verde,0,0,0,0.0,4,0
2024-06-09,2024,24,Lima,Lima,San Juan de Lurigancho,Costa,1120000,Validacion retrospectiva,0.1,22.9,1.9,71.3,2479,54,2.19,13,0,0,0,0.0,1.16,19,6,Verde,0,0,0,0.0,13,0
2024-06-09,2024,24,Lima,Lima,Villa El Salvador,Costa,395000,Validacion retrospectiva,0.1,21.9,0.3,71.0,1316,27,2.04,7,0,1,0,0.0,1.77,7,0,Verde,0,0,0,0.0,7,0
2024-06-09,2024,24,Loreto,Maynas,Belen,Selva,78000,Validacion retrospectiva,0.1,26.0,29.0,81.5,198,22,11.04,26,0,3,0,0.0,33.33,15,11,Rojo,1,1,0,0.0,26,0
2024-06-09,2024,24,Loreto,Maynas,Iquitos,Selva,165000,Validacion retrospectiva,0.1,26.2,32.5,85.5,502,52,10.46,20,0,0,0,0.0,12.12,21,1,Rojo,1,1,0,0.0,20,0
2024-06-09,2024,24,Piura,Piura,Castilla,Costa,145000,Validacion retrospectiva,0.1,20.6,1.3,67.7,299,11,3.8,10,0,1,0,0.0,6.9,10,0,Amarillo,0,0,0,0.0,10,0
2024-06-09,2024,24,Piura,Piura,Catacaos,Costa,72000,Validacion retrospectiva,0.1,21.2,1.1,72.3,134,5,3.88,10,1,1,0,0.0,13.89,5,5,Amarillo,0,1,0,0.0,10,0
2024-06-09,2024,24,Piura,Piura,Piura,Costa,215000,Validacion retrospectiva,0.1,22.8,0.1,67.9,376,14,3.77,20,1,2,1,5.0,9.3,19,1,Amarillo,0,0,0,0.0,20,0
2024-06-09,2024,24,Piura,Sullana,Sullana,Costa,180000,Validacion retrospectiva,0.1,22.8,6.6,69.4,692,30,4.32,15,1,1,0,0.0,8.33,19,4,Amarillo,0,0,0,0.0,15,0
2024-06-09,2024,24,Ucayali,Coronel P.,Calleria,Selva,200000,Validacion retrospectiva,0.1,26.9,51.8,85.0,646,64,9.97,40,0,2,0,0.0,20.0,28,12,Rojo,1,1,0,0.0,40,0
2024-06-09,2024,24,Ucayali,Coronel P.,Yarinacocha,Selva,105000,Validacion retrospectiva,0.1,26.6,32.9,80.7,473,50,10.56,18,1,2,0,0.0,17.14,18,0,Rojo,1,1,0,0.0,18,0
2024-06-16,2024,25,La Libertad,Trujillo,El Porvenir,Costa,195000,Validacion retrospectiva,0.1,21.4,0.0,69.6,644,23,3.61,12,0,0,0,0.0,6.15,14,2,Amarillo,0,0,0,0.0,12,0
2024-06-16,2024,25,La Libertad,Trujillo,La Esperanza,Costa,190000,Validacion retrospectiva,0.1,21.9,0.0,69.1,560,17,2.97,8,0,0,0,0.0,4.21,8,0,Verde,0,0,0,0.0,8,0
2024-06-16,2024,25,La Libertad,Trujillo,Trujillo,Costa,320000,Validacion retrospectiva,0.1,22.0,3.6,69.7,802,23,2.84,19,0,1,0,0.0,5.94,16,3,Verde,0,0,0,0.0,19,0
2024-06-16,2024,25,Lambayeque,Chiclayo,Chiclayo,Costa,290000,Validacion retrospectiva,0.1,22.0,0.0,68.8,925,31,3.35,12,0,0,0,0.0,4.14,14,2,Verde,0,0,0,0.0,12,0
2024-06-16,2024,25,Lambayeque,Chiclayo,Jose Leonardo Ortiz,Costa,195000,Validacion retrospectiva,0.1,21.9,0.5,70.1,691,26,3.76,7,0,0,0,0.0,3.59,14,7,Amarillo,0,0,0,0.0,7,0
2024-06-16,2024,25,Lima,Lima,Comas,Costa,525000,Validacion retrospectiva,0.1,20.8,4.6,68.7,1797,29,1.61,5,1,2,0,0.0,0.95,6,1,Verde,0,0,0,0.0,5,0
2024-06-16,2024,25,Lima,Lima,San Juan de Lurigancho,Costa,1120000,Validacion retrospectiva,0.1,21.4,3.9,65.5,3483,83,2.39,15,1,1,0,0.0,1.34,18,3,Verde,0,0,0,0.0,15,0
2024-06-16,2024,25,Lima,Lima,Villa El Salvador,Costa,395000,Validacion retrospectiva,0.1,20.6,0.0,65.7,825,22,2.65,4,0,0,0,0.0,1.01,7,3,Verde,0,0,0,0.0,4,0
2024-06-16,2024,25,Loreto,Maynas,Belen,Selva,78000,Validacion retrospectiva,0.1,25.6,24.4,81.6,157,16,10.38,20,1,1,0,0.0,25.64,15,5,Rojo,1,1,0,0.0,20,0
2024-06-16,2024,25,Loreto,Maynas,Iquitos,Selva,165000,Validacion retrospectiva,0.1,24.8,37.3,85.9,440,45,10.16,23,1,1,0,0.0,13.94,19,4,Amarillo,0,1,0,0.0,23,0
2024-06-16,2024,25,Piura,Piura,Castilla,Costa,145000,Validacion retrospectiva,0.1,20.7,0.0,70.6,220,7,2.99,12,0,0,0,0.0,8.28,8,4,Amarillo,0,0,0,0.0,12,0
2024-06-16,2024,25,Piura,Piura,Catacaos,Costa,72000,Validacion retrospectiva,0.1,22.7,6.9,70.3,148,5,3.5,7,1,1,0,0.0,9.72,6,1,Amarillo,0,0,0,0.0,7,0
2024-06-16,2024,25,Piura,Piura,Piura,Costa,215000,Validacion retrospectiva,0.1,21.5,0.0,69.4,604,18,2.91,11,0,1,0,0.0,5.12,19,8,Amarillo,0,0,0,0.0,11,0
2024-06-16,2024,25,Piura,Sullana,Sullana,Costa,180000,Validacion retrospectiva,0.1,21.8,0.0,67.2,320,14,4.29,18,0,0,0,0.0,10.0,13,5,Amarillo,0,0,0,0.0,18,0
2024-06-16,2024,25,Ucayali,Coronel P.,Calleria,Selva,200000,Validacion retrospectiva,0.1,25.4,35.6,82.9,577,59,10.31,23,0,0,0,0.0,11.5,32,9,Rojo,1,0,0,0.0,23,0
2024-06-16,2024,25,Ucayali,Coronel P.,Yarinacocha,Selva,105000,Validacion retrospectiva,0.1,26.3,49.1,81.0,345,33,9.66,15,0,0,0,0.0,14.29,18,3,Rojo,1,1,0,0.0,15,0
2024-06-23,2024,26,La Libertad,Trujillo,El Porvenir,Costa,195000,Validacion retrospectiva,0.09,20.6,0.0,66.5,483,17,3.45,9,0,0,0,0.0,4.62,11,2,Amarillo,0,0,0,0.0,9,0
2024-06-23,2024,26,La Libertad,Trujillo,La Esperanza,Costa,190000,Validacion retrospectiva,0.09,20.3,0.0,67.5,527,19,3.61,5,0,0,0,0.0,2.63,5,0,Verde,0,0,0,0.0,5,0
2024-06-23,2024,26,La Libertad,Trujillo,Trujillo,Costa,320000,Validacion retrospectiva,0.09,21.3,0.0,67.5,902,30,3.38,16,1,1,0,0.0,5.0,15,1,Verde,0,0,0,0.0,16,0
2024-06-23,2024,26,Lambayeque,Chiclayo,Chiclayo,Costa,290000,Validacion retrospectiva,0.09,20.9,0.0,64.9,928,33,3.57,11,0,0,0,0.0,3.79,12,1,Verde,0,0,0,0.0,11,0
2024-06-23,2024,26,Lambayeque,Chiclayo,Jose Leonardo Ortiz,Costa,195000,Validacion retrospectiva,0.09,20.7,0.5,64.1,473,15,3.22,6,0,1,0,0.0,3.08,14,8,Amarillo,0,0,0,0.0,6,0
2024-06-23,2024,26,Lima,Lima,Comas,Costa,525000,Validacion retrospectiva,0.09,21.7,3.0,63.2,1516,47,3.11,4,0,0,0,0.0,0.76,7,3,Verde,0,0,0,0.0,4,0
2024-06-23,2024,26,Lima,Lima,San Juan de Lurigancho,Costa,1120000,Validacion retrospectiva,0.09,20.4,3.5,65.4,2358,73,3.08,19,1,1,0,0.0,1.7,11,8,Verde,0,0,0,0.0,19,0
2024-06-23,2024,26,Lima,Lima,Villa El Salvador,Costa,395000,Validacion retrospectiva,0.09,20.9,0.0,65.7,911,20,2.16,7,0,2,0,0.0,1.77,4,3,Verde,0,0,0,0.0,7,0
2024-06-23,2024,26,Loreto,Maynas,Belen,Selva,78000,Validacion retrospectiva,0.09,26.5,30.1,82.0,236,23,9.66,16,0,1,0,0.0,20.51,12,4,Rojo,1,1,0,0.0,16,0
2024-06-23,2024,26,Loreto,Maynas,Iquitos,Selva,165000,Validacion retrospectiva,0.09,26.5,26.4,82.2,310,34,10.91,18,0,0,0,0.0,10.91,19,1,Amarillo,0,0,0,0.0,18,0
2024-06-23,2024,26,Piura,Piura,Castilla,Costa,145000,Validacion retrospectiva,0.09,21.1,0.0,66.7,366,9,2.4,9,0,0,0,0.0,6.21,9,0,Amarillo,0,0,0,0.0,9,0
2024-06-23,2024,26,Piura,Piura,Catacaos,Costa,72000,Validacion retrospectiva,0.09,21.4,0.0,65.2,201,9,4.36,6,0,0,0,0.0,8.33,5,1,Amarillo,0,0,0,0.0,6,0
2024-06-23,2024,26,Piura,Piura,Piura,Costa,215000,Validacion retrospectiva,0.09,21.9,0.1,67.1,480,15,3.22,17,0,0,0,0.0,7.91,11,6,Amarillo,0,0,0,0.0,17,0
2024-06-23,2024,26,Piura,Sullana,Sullana,Costa,180000,Validacion retrospectiva,0.09,20.9,3.2,64.8,374,15,4.03,9,0,1,0,0.0,5.0,9,0,Amarillo,0,0,0,0.0,9,0
2024-06-23,2024,26,Ucayali,Coronel P.,Calleria,Selva,200000,Validacion retrospectiva,0.09,25.7,23.7,79.7,688,66,9.6,26,2,3,0,0.0,13.0,23,3,Amarillo,0,1,0,0.0,26,0
2024-06-23,2024,26,Ucayali,Coronel P.,Yarinacocha,Selva,105000,Validacion retrospectiva,0.09,26.4,5.5,81.1,310,28,9.05,18,2,4,0,0.0,17.14,16,2,Rojo,1,1,0,0.0,18,0
2024-06-30,2024,27,La Libertad,Trujillo,El Porvenir,Costa,195000,Validacion retrospectiva,0.09,20.9,0.0,65.7,394,10,2.63,9,0,0,0,0.0,4.62,8,1,Verde,0,0,0,0.0,9,0
2024-06-30,2024,27,La Libertad,Trujillo,La Esperanza,Costa,190000,Validacion retrospectiva,0.09,20.5,6.8,63.6,544,19,3.52,14,1,1,0,0.0,7.37,6,8,Verde,0,0,0,0.0,14,0
2024-06-30,2024,27,La Libertad,Trujillo,Trujillo,Costa,320000,Validacion retrospectiva,0.09,20.3,0.0,68.9,830,23,2.8,11,0,0,0,0.0,3.44,13,2,Verde,0,0,0,0.0,11,0
2024-06-30,2024,27,Lambayeque,Chiclayo,Chiclayo,Costa,290000,Validacion retrospectiva,0.09,21.0,0.0,68.5,913,25,2.75,13,0,0,0,0.0,4.48,11,2,Verde,0,0,0,0.0,13,0
2024-06-30,2024,27,Lambayeque,Chiclayo,Jose Leonardo Ortiz,Costa,195000,Validacion retrospectiva,0.09,21.1,1.8,65.2,495,15,2.97,12,0,1,0,0.0,6.15,11,1,Amarillo,0,0,0,0.0,12,0
2024-06-30,2024,27,Lima,Lima,Comas,Costa,525000,Validacion retrospectiva,0.09,20.9,0.0,67.5,1695,32,1.89,6,1,1,0,0.0,1.14,4,2,Verde,0,0,0,0.0,6,0
2024-06-30,2024,27,Lima,Lima,San Juan de Lurigancho,Costa,1120000,Validacion retrospectiva,0.09,20.7,0.0,63.3,2833,62,2.18,18,0,1,0,0.0,1.61,16,2,Verde,0,0,0,0.0,18,0
2024-06-30,2024,27,Lima,Lima,Villa El Salvador,Costa,395000,Validacion retrospectiva,0.09,19.4,0.0,68.0,1041,21,2.01,2,0,0,0,0.0,0.51,4,2,Verde,0,0,0,0.0,2,0
2024-06-30,2024,27,Loreto,Maynas,Belen,Selva,78000,Validacion retrospectiva,0.09,26.6,21.0,84.2,306,27,8.66,8,0,1,0,0.0,10.26,13,5,Rojo,1,0,0,0.0,8,0
2024-06-30,2024,27,Loreto,Maynas,Iquitos,Selva,165000,Validacion retrospectiva,0.09,25.1,34.2,83.0,176,17,9.72,10,0,3,0,0.0,6.06,11,1,Amarillo,0,0,0,0.0,10,0
2024-06-30,2024,27,Piura,Piura,Castilla,Costa,145000,Validacion retrospectiva,0.09,19.1,0.0,67.9,383,11,2.94,10,0,0,0,0.0,6.9,6,4,Verde,0,0,0,0.0,10,0
2024-06-30,2024,27,Piura,Piura,Catacaos,Costa,72000,Validacion retrospectiva,0.09,20.0,4.5,65.3,120,4,3.45,6,0,0,0,0.0,8.33,4,2,Amarillo,0,0,0,0.0,6,0
2024-06-30,2024,27,Piura,Piura,Piura,Costa,215000,Validacion retrospectiva,0.09,20.8,0.0,67.3,424,11,2.69,9,0,0,0,0.0,4.19,13,4,Amarillo,0,0,0,0.0,9,0
2024-06-30,2024,27,Piura,Sullana,Sullana,Costa,180000,Validacion retrospectiva,0.09,22.5,0.3,67.8,476,16,3.35,12,1,1,1,8.33,6.67,9,3,Verde,0,0,0,0.0,12,0
2024-06-30,2024,27,Ucayali,Coronel P.,Calleria,Selva,200000,Validacion retrospectiva,0.09,26.8,35.3,85.6,649,54,8.39,26,0,5,0,0.0,13.0,25,1,Rojo,1,1,0,0.0,26,0
2024-06-30,2024,27,Ucayali,Coronel P.,Yarinacocha,Selva,105000,Validacion retrospectiva,0.09,25.2,30.0,85.0,188,17,9.01,13,1,1,0,0.0,12.38,13,0,Rojo,1,1,0,0.0,13,0
2024-07-07,2024,28,La Libertad,Trujillo,El Porvenir,Costa,195000,Validacion retrospectiva,0.09,21.0,3.2,64.8,521,13,2.51,6,0,0,0,0.0,3.08,7,1,Verde,0,0,0,0.0,6,0
2024-07-07,2024,28,La Libertad,Trujillo,La Esperanza,Costa,190000,Validacion retrospectiva,0.09,19.8,2.9,67.7,709,22,3.11,10,1,1,0,0.0,5.26,5,5,Verde,0,0,0,0.0,10,0
2024-07-07,2024,28,La Libertad,Trujillo,Trujillo,Costa,320000,Validacion retrospectiva,0.09,21.0,0.0,67.8,1032,32,3.1,10,1,3,0,0.0,3.12,11,1,Verde,0,0,0,0.0,10,0
2024-07-07,2024,28,Lambayeque,Chiclayo,Chiclayo,Costa,290000,Validacion retrospectiva,0.09,20.2,0.1,65.9,1004,25,2.48,9,1,1,0,0.0,3.1,8,1,Verde,0,0,0,0.0,9,0
2024-07-07,2024,28,Lambayeque,Chiclayo,Jose Leonardo Ortiz,Costa,195000,Validacion retrospectiva,0.09,20.7,0.0,66.1,466,16,3.36,5,0,0,0,0.0,2.56,9,4,Verde,0,0,0,0.0,5,0
2024-07-07,2024,28,Lima,Lima,Comas,Costa,525000,Validacion retrospectiva,0.09,20.3,0.0,63.5,1493,27,1.83,6,0,0,0,0.0,1.14,5,1,Verde,0,0,0,0.0,6,0
2024-07-07,2024,28,Lima,Lima,San Juan de Lurigancho,Costa,1120000,Validacion retrospectiva,0.09,21.3,1.5,67.0,1817,26,1.41,19,0,0,0,0.0,1.7,13,6,Verde,0,0,0,0.0,19,0
2024-07-07,2024,28,Lima,Lima,Villa El Salvador,Costa,395000,Validacion retrospectiva,0.09,18.9,0.0,65.1,1136,27,2.39,3,0,1,0,0.0,0.76,3,0,Verde,0,0,0,0.0,3,0
2024-07-07,2024,28,Loreto,Maynas,Belen,Selva,78000,Validacion retrospectiva,0.09,25.9,35.9,85.4,143,11,7.96,14,0,2,0,0.0,17.95,12,2,Rojo,1,1,0,0.0,14,0
2024-07-07,2024,28,Loreto,Maynas,Iquitos,Selva,165000,Validacion retrospectiva,0.09,25.4,36.9,83.9,512,48,9.34,13,2,2,0,0.0,7.88,16,3,Amarillo,0,0,0,0.0,13,0
2024-07-07,2024,28,Piura,Piura,Castilla,Costa,145000,Validacion retrospectiva,0.09,21.9,0.0,66.3,304,9,3.04,6,0,0,0,0.0,4.14,7,1,Amarillo,0,0,0,0.0,6,0
2024-07-07,2024,28,Piura,Piura,Catacaos,Costa,72000,Validacion retrospectiva,0.09,19.8,0.0,65.6,175,5,2.68,1,0,0,0,0.0,1.39,1,0,Verde,0,0,0,0.0,1,0
2024-07-07,2024,28,Piura,Piura,Piura,Costa,215000,Validacion retrospectiva,0.09,19.7,0.0,64.0,556,16,2.91,11,0,0,0,0.0,5.12,8,3,Verde,0,0,0,0.0,11,0
2024-07-07,2024,28,Piura,Sullana,Sullana,Costa,180000,Validacion retrospectiva,0.09,21.4,0.0,65.4,588,20,3.45,6,0,0,0,0.0,3.33,10,4,Amarillo,0,0,0,0.0,6,0
2024-07-07,2024,28,Ucayali,Coronel P.,Calleria,Selva,200000,Validacion retrospectiva,0.09,25.7,22.1,78.9,505,46,9.1,16,1,1,0,0.0,8.0,27,11,Rojo,1,0,0,0.0,16,0
2024-07-07,2024,28,Ucayali,Coronel P.,Yarinacocha,Selva,105000,Validacion retrospectiva,0.09,25.9,42.0,85.5,356,31,8.77,12,0,1,0,0.0,11.43,11,1,Amarillo,0,0,0,0.0,12,0
2024-07-14,2024,29,La Libertad,Trujillo,El Porvenir,Costa,195000,Validacion retrospectiva,0.08,21.7,0.0,64.1,499,17,3.33,7,1,2,0,0.0,3.59,5,2,Verde,0,0,0,0.0,7,0
2024-07-14,2024,29,La Libertad,Trujillo,La Esperanza,Costa,190000,Validacion retrospectiva,0.08,21.2,3.9,64.2,672,21,3.14,6,0,0,0,0.0,3.16,4,2,Verde,0,0,0,0.0,6,0
2024-07-14,2024,29,La Libertad,Trujillo,Trujillo,Costa,320000,Validacion retrospectiva,0.08,19.5,1.5,61.6,709,20,2.83,8,0,1,0,0.0,2.5,10,2,Verde,0,0,0,0.0,8,0
2024-07-14,2024,29,Lambayeque,Chiclayo,Chiclayo,Costa,290000,Validacion retrospectiva,0.08,20.2,0.0,68.1,501,16,3.29,11,0,1,0,0.0,3.79,7,4,Verde,0,0,0,0.0,11,0
2024-07-14,2024,29,Lambayeque,Chiclayo,Jose Leonardo Ortiz,Costa,195000,Validacion retrospectiva,0.08,20.9,0.0,66.0,535,19,3.52,5,0,0,0,0.0,2.56,8,3,Verde,0,0,0,0.0,5,0
2024-07-14,2024,29,Lima,Lima,Comas,Costa,525000,Validacion retrospectiva,0.08,21.0,0.0,69.0,1582,24,1.52,1,0,0,0,0.0,0.19,4,3,Verde,0,0,0,0.0,1,0
2024-07-14,2024,29,Lima,Lima,San Juan de Lurigancho,Costa,1120000,Validacion retrospectiva,0.08,20.4,0.0,65.5,2980,80,2.67,12,0,0,0,0.0,1.07,13,1,Verde,0,0,0,0.0,12,0
2024-07-14,2024,29,Lima,Lima,Villa El Salvador,Costa,395000,Validacion retrospectiva,0.08,20.2,0.0,64.2,1020,23,2.25,7,0,0,0,0.0,1.77,4,3,Verde,0,0,0,0.0,7,0
2024-07-14,2024,29,Loreto,Maynas,Belen,Selva,78000,Validacion retrospectiva,0.08,26.3,42.3,81.8,285,24,8.57,10,1,1,0,0.0,12.82,8,2,Amarillo,0,1,0,0.0,10,0
2024-07-14,2024,29,Loreto,Maynas,Iquitos,Selva,165000,Validacion retrospectiva,0.08,26.7,15.4,78.7,451,40,8.87,10,0,1,0,0.0,6.06,13,3,Amarillo,0,0,0,0.0,10,0
2024-07-14,2024,29,Piura,Piura,Castilla,Costa,145000,Validacion retrospectiva,0.08,19.3,3.6,66.5,419,16,3.79,4,0,0,0,0.0,2.76,4,0,Verde,0,0,0,0.0,4,0
2024-07-14,2024,29,Piura,Piura,Catacaos,Costa,72000,Validacion retrospectiva,0.08,19.0,0.0,66.1,164,5,3.15,3,0,0,0,0.0,4.17,2,1,Verde,0,0,0,0.0,3,0
2024-07-14,2024,29,Piura,Piura,Piura,Costa,215000,Validacion retrospectiva,0.08,20.3,0.3,72.1,427,13,2.98,17,1,2,0,0.0,7.91,10,7,Verde,0,0,0,0.0,17,0
2024-07-14,2024,29,Piura,Sullana,Sullana,Costa,180000,Validacion retrospectiva,0.08,20.1,0.0,63.7,612,17,2.79,9,0,0,0,0.0,5.0,8,1,Verde,0,0,0,0.0,9,0
2024-07-14,2024,29,Ucayali,Coronel P.,Calleria,Selva,200000,Validacion retrospectiva,0.08,25.2,13.7,81.1,438,39,8.92,20,0,1,0,0.0,10.0,15,5,Amarillo,0,0,0,0.0,20,0
2024-07-14,2024,29,Ucayali,Coronel P.,Yarinacocha,Selva,105000,Validacion retrospectiva,0.08,26.0,60.5,84.5,340,32,9.3,10,1,2,0,0.0,9.52,11,1,Amarillo,0,0,0,0.0,10,0
2024-07-21,2024,30,La Libertad,Trujillo,El Porvenir,Costa,195000,Validacion retrospectiva,0.08,20.7,0.8,67.1,401,10,2.4,10,0,1,0,0.0,5.13,2,8,Verde,0,0,0,0.0,10,0
2024-07-21,2024,30,La Libertad,Trujillo,La Esperanza,Costa,190000,Validacion retrospectiva,0.08,19.9,1.1,66.8,492,13,2.65,7,1,1,0,0.0,3.68,4,3,Verde,0,0,0,0.0,7,0
2024-07-21,2024,30,La Libertad,Trujillo,Trujillo,Costa,320000,Validacion retrospectiva,0.08,20.3,3.6,67.6,621,21,3.4,8,0,0,0,0.0,2.5,6,2,Verde,0,0,0,0.0,8,0
2024-07-21,2024,30,Lambayeque,Chiclayo,Chiclayo,Costa,290000,Validacion retrospectiva,0.08,20.9,0.0,64.8,967,30,3.13,4,0,0,0,0.0,1.38,8,4,Verde,0,0,0,0.0,4,0
2024-07-21,2024,30,Lambayeque,Chiclayo,Jose Leonardo Ortiz,Costa,195000,Validacion retrospectiva,0.08,19.9,4.5,67.9,468,16,3.49,5,0,0,0,0.0,2.56,8,3,Verde,0,0,0,0.0,5,0
2024-07-21,2024,30,Lima,Lima,Comas,Costa,525000,Validacion retrospectiva,0.08,22.2,0.0,65.0,1836,26,1.42,7,0,0,0,0.0,1.33,3,4,Verde,0,0,0,0.0,7,0
2024-07-21,2024,30,Lima,Lima,San Juan de Lurigancho,Costa,1120000,Validacion retrospectiva,0.08,20.0,0.0,62.1,2295,51,2.22,3,0,0,0,0.0,0.27,7,4,Verde,0,0,0,0.0,3,0
2024-07-21,2024,30,Lima,Lima,Villa El Salvador,Costa,395000,Validacion retrospectiva,0.08,19.7,0.0,70.6,1074,22,2.03,3,0,1,0,0.0,0.76,3,0,Verde,0,0,0,0.0,3,0
2024-07-21,2024,30,Loreto,Maynas,Belen,Selva,78000,Validacion retrospectiva,0.08,25.6,23.9,82.9,201,17,8.62,4,0,0,0,0.0,5.13,10,6,Rojo,1,0,0,0.0,4,0
2024-07-21,2024,30,Loreto,Maynas,Iquitos,Selva,165000,Validacion retrospectiva,0.08,26.0,14.7,82.2,450,36,8.1,11,0,0,0,0.0,6.67,16,5,Amarillo,0,0,0,0.0,11,0
2024-07-21,2024,30,Piura,Piura,Castilla,Costa,145000,Validacion retrospectiva,0.08,20.1,2.0,67.0,465,19,4.02,5,0,0,0,0.0,3.45,4,1,Verde,0,0,0,0.0,5,0
2024-07-21,2024,30,Piura,Piura,Catacaos,Costa,72000,Validacion retrospectiva,0.08,20.3,0.9,67.1,148,5,3.07,4,0,0,0,0.0,5.56,0,4,Verde,0,0,0,0.0,4,0
2024-07-21,2024,30,Piura,Piura,Piura,Costa,215000,Validacion retrospectiva,0.08,19.7,0.0,65.0,722,22,3.01,5,0,0,0,0.0,2.33,7,2,Verde,0,0,0,0.0,5,0
2024-07-21,2024,30,Piura,Sullana,Sullana,Costa,180000,Validacion retrospectiva,0.08,20.5,0.0,66.8,484,13,2.65,1,0,0,0,0.0,0.56,6,5,Verde,0,0,0,0.0,1,0
2024-07-21,2024,30,Ucayali,Coronel P.,Calleria,Selva,200000,Validacion retrospectiva,0.08,24.7,20.5,81.0,291,24,8.19,23,0,0,0,0.0,11.5,17,6,Amarillo,0,0,0,0.0,23,0
2024-07-21,2024,30,Ucayali,Coronel P.,Yarinacocha,Selva,105000,Validacion retrospectiva,0.08,24.5,33.7,82.6,281,23,8.27,8,0,0,0,0.0,7.62,9,1,Amarillo,0,0,0,0.0,8,0
2024-07-28,2024,31,La Libertad,Trujillo,El Porvenir,Costa,195000,Validacion retrospectiva,0.08,19.7,0.0,64.3,492,19,3.78,3,1,1,0,0.0,1.54,6,3,Verde,0,0,0,0.0,3,0
2024-07-28,2024,31,La Libertad,Trujillo,La Esperanza,Costa,190000,Validacion retrospectiva,0.08,20.2,2.3,62.5,312,9,2.9,6,0,0,0,0.0,3.16,5,1,Verde,0,0,0,0.0,6,0
2024-07-28,2024,31,La Libertad,Trujillo,Trujillo,Costa,320000,Validacion retrospectiva,0.08,20.3,0.0,64.0,421,11,2.71,9,0,1,0,0.0,2.81,8,1,Verde,0,0,0,0.0,9,0
2024-07-28,2024,31,Lambayeque,Chiclayo,Chiclayo,Costa,290000,Validacion retrospectiva,0.08,20.7,0.0,66.0,434,15,3.42,10,0,0,0,0.0,3.45,9,1,Verde,0,0,0,0.0,10,0
2024-07-28,2024,31,Lambayeque,Chiclayo,Jose Leonardo Ortiz,Costa,195000,Validacion retrospectiva,0.08,20.4,3.5,68.4,614,21,3.34,4,0,1,0,0.0,2.05,3,1,Verde,0,0,0,0.0,4,0
2024-07-28,2024,31,Lima,Lima,Comas,Costa,525000,Validacion retrospectiva,0.08,19.4,0.0,67.4,1446,23,1.56,1,0,0,0,0.0,0.19,2,1,Verde,0,0,0,0.0,1,0
2024-07-28,2024,31,Lima,Lima,San Juan de Lurigancho,Costa,1120000,Validacion retrospectiva,0.08,20.6,0.0,62.5,3622,103,2.85,4,0,0,0,0.0,0.36,7,3,Verde,0,0,0,0.0,4,0
2024-07-28,2024,31,Lima,Lima,Villa El Salvador,Costa,395000,Validacion retrospectiva,0.08,20.2,0.0,64.4,1156,36,3.11,1,0,0,0,0.0,0.25,4,3,Verde,0,0,0,0.0,1,0
2024-07-28,2024,31,Loreto,Maynas,Belen,Selva,78000,Validacion retrospectiva,0.08,25.8,37.6,81.2,146,13,8.96,7,0,0,0,0.0,8.97,9,2,Rojo,1,0,0,0.0,7,0
2024-07-28,2024,31,Loreto,Maynas,Iquitos,Selva,165000,Validacion retrospectiva,0.08,25.3,31.3,82.3,648,55,8.53,8,0,0,0,0.0,4.85,10,2,Amarillo,0,0,0,0.0,8,0
2024-07-28,2024,31,Piura,Piura,Castilla,Costa,145000,Validacion retrospectiva,0.08,19.3,0.0,65.7,416,16,3.83,1,0,0,0,0.0,0.69,3,2,Verde,0,0,0,0.0,1,0
2024-07-28,2024,31,Piura,Piura,Catacaos,Costa,72000,Validacion retrospectiva,0.08,19.9,0.0,66.0,144,5,3.4,1,0,0,0,0.0,1.39,2,1,Verde,0,0,0,0.0,1,0
2024-07-28,2024,31,Piura,Piura,Piura,Costa,215000,Validacion retrospectiva,0.08,20.7,6.3,68.2,457,15,3.29,9,1,2,0,0.0,4.19,7,2,Verde,0,0,0,0.0,9,0
2024-07-28,2024,31,Piura,Sullana,Sullana,Costa,180000,Validacion retrospectiva,0.08,20.2,6.3,65.2,663,17,2.53,9,0,0,0,0.0,5.0,7,2,Verde,0,0,0,0.0,9,0
2024-07-28,2024,31,Ucayali,Coronel P.,Calleria,Selva,200000,Validacion retrospectiva,0.08,25.4,33.0,79.2,154,12,7.66,18,0,1,0,0.0,9.0,19,1,Amarillo,0,0,0,0.0,18,0
2024-07-28,2024,31,Ucayali,Coronel P.,Yarinacocha,Selva,105000,Validacion retrospectiva,0.08,25.0,32.3,77.3,252,21,8.15,10,0,1,0,0.0,9.52,10,0,Amarillo,0,0,0,0.0,10,0
2024-08-04,2024,32,La Libertad,Trujillo,El Porvenir,Costa,195000,Validacion retrospectiva,0.08,20.6,2.3,65.0,709,14,2.03,7,0,2,0,0.0,3.59,2,5,Verde,0,0,0,0.0,7,0
2024-08-04,2024,32,La Libertad,Trujillo,La Esperanza,Costa,190000,Validacion retrospectiva,0.08,19.6,0.8,67.8,553,15,2.8,2,0,0,0,0.0,1.05,3,1,Verde,0,0,0,0.0,2,0
2024-08-04,2024,32,La Libertad,Trujillo,Trujillo,Costa,320000,Validacion retrospectiva,0.08,20.6,0.0,65.4,676,21,3.07,2,0,0,0,0.0,0.62,5,3,Verde,0,0,0,0.0,2,0
2024-08-04,2024,32,Lambayeque,Chiclayo,Chiclayo,Costa,290000,Validacion retrospectiva,0.08,20.8,0.0,69.9,654,21,3.14,4,0,0,0,0.0,1.38,6,2,Verde,0,0,0,0.0,4,0
2024-08-04,2024,32,Lambayeque,Chiclayo,Jose Leonardo Ortiz,Costa,195000,Validacion retrospectiva,0.08,20.9,0.0,68.1,440,13,2.91,2,0,0,0,0.0,1.03,5,3,Verde,0,0,0,0.0,2,0
2024-08-04,2024,32,Lima,Lima,Comas,Costa,525000,Validacion retrospectiva,0.08,20.1,0.0,61.1,1528,24,1.55,3,0,0,0,0.0,0.57,1,2,Verde,0,0,0,0.0,3,0
2024-08-04,2024,32,Lima,Lima,San Juan de Lurigancho,Costa,1120000,Validacion retrospectiva,0.08,19.1,3.5,68.2,3091,103,3.33,9,0,0,0,0.0,0.8,8,1,Verde,0,0,0,0.0,9,0
2024-08-04,2024,32,Lima,Lima,Villa El Salvador,Costa,395000,Validacion retrospectiva,0.08,18.5,0.0,67.7,826,22,2.7,4,0,1,0,0.0,1.01,2,2,Verde,0,0,0,0.0,4,0
2024-08-04,2024,32,Loreto,Maynas,Belen,Selva,78000,Validacion retrospectiva,0.08,24.4,46.2,79.8,176,14,8.11,5,0,1,0,0.0,6.41,9,4,Amarillo,0,0,0,0.0,5,0
2024-08-04,2024,32,Loreto,Maynas,Iquitos,Selva,165000,Validacion retrospectiva,0.08,25.7,28.1,82.5,441,35,7.96,16,2,2,0,0.0,9.7,10,6,Amarillo,0,0,0,0.0,16,0
2024-08-04,2024,32,Piura,Piura,Castilla,Costa,145000,Validacion retrospectiva,0.08,20.7,4.6,63.9,419,14,3.38,4,0,1,0,0.0,2.76,3,1,Verde,0,0,0,0.0,4,0
2024-08-04,2024,32,Piura,Piura,Catacaos,Costa,72000,Validacion retrospectiva,0.08,20.6,7.6,63.7,120,3,2.73,3,0,0,0,0.0,4.17,3,0,Verde,0,0,0,0.0,3,0
2024-08-04,2024,32,Piura,Piura,Piura,Costa,215000,Validacion retrospectiva,0.08,20.1,3.2,69.2,354,12,3.46,6,1,2,0,0.0,2.79,4,2,Verde,0,0,0,0.0,6,0
2024-08-04,2024,32,Piura,Sullana,Sullana,Costa,180000,Validacion retrospectiva,0.08,20.0,0.7,68.3,439,15,3.44,3,0,0,0,0.0,1.67,3,0,Verde,0,0,0,0.0,3,0
2024-08-04,2024,32,Ucayali,Coronel P.,Calleria,Selva,200000,Validacion retrospectiva,0.08,25.8,33.9,78.2,361,26,7.27,16,0,1,0,0.0,8.0,17,1,Amarillo,0,0,0,0.0,16,0
2024-08-04,2024,32,Ucayali,Coronel P.,Yarinacocha,Selva,105000,Validacion retrospectiva,0.08,25.8,23.6,83.1,128,10,8.15,9,0,0,0,0.0,8.57,10,1,Amarillo,0,0,0,0.0,9,0
2024-08-11,2024,33,La Libertad,Trujillo,El Porvenir,Costa,195000,Validacion retrospectiva,0.08,20.3,0.0,67.0,531,15,2.75,3,0,0,0,0.0,1.54,2,1,Verde,0,0,0,0.0,3,0
2024-08-11,2024,33,La Libertad,Trujillo,La Esperanza,Costa,190000,Validacion retrospectiva,0.08,21.2,0.0,64.9,595,21,3.57,3,0,0,0,0.0,1.58,4,1,Verde,0,0,0,0.0,3,0
2024-08-11,2024,33,La Libertad,Trujillo,Trujillo,Costa,320000,Validacion retrospectiva,0.08,19.5,0.0,66.0,564,14,2.43,6,1,2,0,0.0,1.87,5,1,Verde,0,0,0,0.0,6,0
2024-08-11,2024,33,Lambayeque,Chiclayo,Chiclayo,Costa,290000,Validacion retrospectiva,0.08,20.1,0.0,62.9,683,20,2.95,8,0,1,0,0.0,2.76,5,3,Verde,0,0,0,0.0,8,0
2024-08-11,2024,33,Lambayeque,Chiclayo,Jose Leonardo Ortiz,Costa,195000,Validacion retrospectiva,0.08,20.1,0.0,67.2,355,9,2.4,9,1,1,0,0.0,4.62,5,4,Verde,0,0,0,0.0,9,0
2024-08-11,2024,33,Lima,Lima,Comas,Costa,525000,Validacion retrospectiva,0.08,19.6,0.5,67.4,1246,26,2.11,2,0,0,0,0.0,0.38,3,1,Verde,0,0,0,0.0,2,0
2024-08-11,2024,33,Lima,Lima,San Juan de Lurigancho,Costa,1120000,Validacion retrospectiva,0.08,20.3,0.0,65.7,2402,54,2.27,10,0,0,0,0.0,0.89,7,3,Verde,0,0,0,0.0,10,0
2024-08-11,2024,33,Lima,Lima,Villa El Salvador,Costa,395000,Validacion retrospectiva,0.08,19.8,0.1,68.1,1059,33,3.12,2,0,0,0,0.0,0.51,2,0,Verde,0,0,0,0.0,2,0
2024-08-11,2024,33,Loreto,Maynas,Belen,Selva,78000,Validacion retrospectiva,0.08,25.8,9.3,81.2,242,19,7.73,9,0,0,0,0.0,11.54,5,4,Amarillo,0,0,0,0.0,9,0
2024-08-11,2024,33,Loreto,Maynas,Iquitos,Selva,165000,Validacion retrospectiva,0.08,25.9,32.5,82.8,593,46,7.82,7,0,3,0,0.0,4.24,8,1,Verde,0,0,0,0.0,7,0
2024-08-11,2024,33,Piura,Piura,Castilla,Costa,145000,Validacion retrospectiva,0.08,20.7,0.0,67.9,380,14,3.62,5,0,0,0,0.0,3.45,3,2,Verde,0,0,0,0.0,5,0
2024-08-11,2024,33,Piura,Piura,Catacaos,Costa,72000,Validacion retrospectiva,0.08,20.3,2.5,64.6,165,6,3.66,1,0,0,0,0.0,1.39,1,0,Verde,0,0,0,0.0,1,0
2024-08-11,2024,33,Piura,Piura,Piura,Costa,215000,Validacion retrospectiva,0.08,19.4,0.0,65.6,831,24,2.92,4,0,0,0,0.0,1.86,4,0,Verde,0,0,0,0.0,4,0
2024-08-11,2024,33,Piura,Sullana,Sullana,Costa,180000,Validacion retrospectiva,0.08,19.8,0.0,67.7,549,19,3.52,0,0,0,0,0.0,0.0,2,2,Verde,0,0,0,0.0,0,0
2024-08-11,2024,33,Ucayali,Coronel P.,Calleria,Selva,200000,Validacion retrospectiva,0.08,25.9,36.0,80.8,687,44,6.37,16,2,4,0,0.0,8.0,13,3,Amarillo,0,0,0,0.0,16,0
2024-08-11,2024,33,Ucayali,Coronel P.,Yarinacocha,Selva,105000,Validacion retrospectiva,0.08,25.8,31.1,83.0,333,25,7.37,11,0,1,0,0.0,10.48,7,4,Amarillo,0,0,0,0.0,11,0
2024-08-18,2024,34,La Libertad,Trujillo,El Porvenir,Costa,195000,Validacion retrospectiva,0.08,19.8,1.5,61.8,399,10,2.47,0,0,0,0,0.0,0.0,1,1,Verde,0,0,0,0.0,0,0
2024-08-18,2024,34,La Libertad,Trujillo,La Esperanza,Costa,190000,Validacion retrospectiva,0.08,19.9,0.0,65.2,656,22,3.42,3,0,0,0,0.0,1.58,0,3,Verde,0,0,0,0.0,3,0
2024-08-18,2024,34,La Libertad,Trujillo,Trujillo,Costa,320000,Validacion retrospectiva,0.08,21.0,2.4,60.1,821,26,3.14,3,0,0,0,0.0,0.94,4,1,Verde,0,0,0,0.0,3,0
2024-08-18,2024,34,Lambayeque,Chiclayo,Chiclayo,Costa,290000,Validacion retrospectiva,0.08,20.7,0.0,65.5,721,17,2.37,5,0,1,0,0.0,1.72,4,1,Verde,0,0,0,0.0,5,0
2024-08-18,2024,34,Lambayeque,Chiclayo,Jose Leonardo Ortiz,Costa,195000,Validacion retrospectiva,0.08,19.9,0.0,64.8,450,12,2.62,1,0,0,0,0.0,0.51,3,2,Verde,0,0,0,0.0,1,0
2024-08-18,2024,34,Lima,Lima,Comas,Costa,525000,Validacion retrospectiva,0.08,20.0,0.0,65.9,1586,29,1.85,0,0,0,0,0.0,0.0,3,3,Verde,0,0,0,0.0,0,0
2024-08-18,2024,34,Lima,Lima,San Juan de Lurigancho,Costa,1120000,Validacion retrospectiva,0.08,21.0,0.0,64.6,3238,85,2.62,5,0,0,0,0.0,0.45,7,2,Verde,0,0,0,0.0,5,0
2024-08-18,2024,34,Lima,Lima,Villa El Salvador,Costa,395000,Validacion retrospectiva,0.08,20.6,0.0,65.3,1079,28,2.59,0,0,0,0,0.0,0.0,2,2,Verde,0,0,0,0.0,0,0
2024-08-18,2024,34,Loreto,Maynas,Belen,Selva,78000,Validacion retrospectiva,0.08,25.0,39.3,83.2,135,11,7.88,2,0,0,0,0.0,2.56,7,5,Amarillo,0,0,0,0.0,2,0
2024-08-18,2024,34,Loreto,Maynas,Iquitos,Selva,165000,Validacion retrospectiva,0.08,25.7,23.8,80.5,427,31,7.34,6,0,1,0,0.0,3.64,7,1,Verde,0,0,0,0.0,6,0
2024-08-18,2024,34,Piura,Piura,Castilla,Costa,145000,Validacion retrospectiva,0.08,19.2,0.0,65.9,363,13,3.52,4,0,0,0,0.0,2.76,1,3,Verde,0,0,0,0.0,4,0
2024-08-18,2024,34,Piura,Piura,Catacaos,Costa,72000,Validacion retrospectiva,0.08,21.0,0.3,65.6,302,9,3.11,0,0,0,0,0.0,0.0,2,2,Verde,0,0,0,0.0,0,0
2024-08-18,2024,34,Piura,Piura,Piura,Costa,215000,Validacion retrospectiva,0.08,20.4,0.3,65.9,617,20,3.3,2,0,0,0,0.0,0.93,2,0,Verde,0,0,0,0.0,2,0
2024-08-18,2024,34,Piura,Sullana,Sullana,Costa,180000,Validacion retrospectiva,0.08,19.3,0.0,67.3,287,9,3.22,0,0,0,0,0.0,0.0,2,2,Verde,0,0,0,0.0,0,0
2024-08-18,2024,34,Ucayali,Coronel P.,Calleria,Selva,200000,Validacion retrospectiva,0.08,25.2,35.1,81.0,696,45,6.52,20,0,1,0,0.0,10.0,14,6,Amarillo,0,0,0,0.0,20,0
2024-08-18,2024,34,Ucayali,Coronel P.,Yarinacocha,Selva,105000,Validacion retrospectiva,0.08,25.4,16.0,87.1,256,20,7.97,7,0,0,0,0.0,6.67,6,1,Amarillo,0,0,0,0.0,7,0
2024-08-25,2024,35,La Libertad,Trujillo,El Porvenir,Costa,195000,Validacion retrospectiva,0.08,21.1,2.0,64.6,565,17,3.06,2,0,0,0,0.0,1.03,2,0,Verde,0,0,0,0.0,2,0
2024-08-25,2024,35,La Libertad,Trujillo,La Esperanza,Costa,190000,Validacion retrospectiva,0.08,19.8,0.0,69.3,389,10,2.45,1,0,0,0,0.0,0.53,1,0,Verde,0,0,0,0.0,1,0
2024-08-25,2024,35,La Libertad,Trujillo,Trujillo,Costa,320000,Validacion retrospectiva,0.08,20.0,0.0,70.1,728,23,3.1,1,1,1,0,0.0,0.31,3,2,Verde,0,0,0,0.0,1,0
2024-08-25,2024,35,Lambayeque,Chiclayo,Chiclayo,Costa,290000,Validacion retrospectiva,0.08,20.2,0.0,66.7,701,21,3.03,2,0,0,0,0.0,0.69,2,0,Verde,0,0,0,0.0,2,0
2024-08-25,2024,35,Lambayeque,Chiclayo,Jose Leonardo Ortiz,Costa,195000,Validacion retrospectiva,0.08,19.8,3.5,64.0,324,8,2.41,2,0,0,0,0.0,1.03,2,0,Verde,0,0,0,0.0,2,0
2024-08-25,2024,35,Lima,Lima,Comas,Costa,525000,Validacion retrospectiva,0.08,20.0,5.9,66.0,1811,27,1.51,1,0,1,0,0.0,0.19,2,1,Verde,0,0,0,0.0,1,0
2024-08-25,2024,35,Lima,Lima,San Juan de Lurigancho,Costa,1120000,Validacion retrospectiva,0.08,19.8,1.6,71.9,3238,84,2.61,5,0,0,0,0.0,0.45,5,0,Verde,0,0,0,0.0,5,0
2024-08-25,2024,35,Lima,Lima,Villa El Salvador,Costa,395000,Validacion retrospectiva,0.08,20.5,0.0,66.4,1537,36,2.32,1,0,0,0,0.0,0.25,2,1,Verde,0,0,0,0.0,1,0
2024-08-25,2024,35,Loreto,Maynas,Belen,Selva,78000,Validacion retrospectiva,0.08,26.2,36.6,81.9,203,17,8.22,6,0,0,0,0.0,7.69,9,3,Amarillo,0,0,0,0.0,6,0
2024-08-25,2024,35,Loreto,Maynas,Iquitos,Selva,165000,Validacion retrospectiva,0.08,25.6,19.5,80.4,711,56,7.89,12,1,2,0,0.0,7.27,10,2,Amarillo,0,0,0,0.0,12,0
2024-08-25,2024,35,Piura,Piura,Castilla,Costa,145000,Validacion retrospectiva,0.08,19.9,0.0,65.0,490,12,2.55,1,0,0,0,0.0,0.69,1,0,Verde,0,0,0,0.0,1,0
2024-08-25,2024,35,Piura,Piura,Catacaos,Costa,72000,Validacion retrospectiva,0.08,21.3,4.8,64.9,120,3,2.87,0,0,0,0,0.0,0.0,0,0,Verde,0,0,0,0.0,0,0
2024-08-25,2024,35,Piura,Piura,Piura,Costa,215000,Validacion retrospectiva,0.08,20.5,0.0,65.8,528,15,2.93,4,0,0,0,0.0,1.86,2,2,Verde,0,0,0,0.0,4,0
2024-08-25,2024,35,Piura,Sullana,Sullana,Costa,180000,Validacion retrospectiva,0.08,20.1,0.1,65.4,501,17,3.33,2,0,0,0,0.0,1.11,2,0,Verde,0,0,0,0.0,2,0
2024-08-25,2024,35,Ucayali,Coronel P.,Calleria,Selva,200000,Validacion retrospectiva,0.08,25.5,33.0,84.8,543,34,6.32,10,0,0,0,0.0,5.0,11,1,Amarillo,0,0,0,0.0,10,0
2024-08-25,2024,35,Ucayali,Coronel P.,Yarinacocha,Selva,105000,Validacion retrospectiva,0.08,26.0,29.2,85.0,253,19,7.52,8,0,0,0,0.0,7.62,5,3,Verde,0,0,0,0.0,8,0
2024-09-01,2024,36,La Libertad,Trujillo,El Porvenir,Costa,195000,Validacion retrospectiva,0.08,20.7,7.1,68.5,713,27,3.72,2,0,1,0,0.0,1.03,2,0,Verde,0,0,0,0.0,2,0
2024-09-01,2024,36,La Libertad,Trujillo,La Esperanza,Costa,190000,Validacion retrospectiva,0.08,19.8,1.9,65.3,615,15,2.43,1,0,0,0,0.0,0.53,1,0,Verde,0,0,0,0.0,1,0
2024-09-01,2024,36,La Libertad,Trujillo,Trujillo,Costa,320000,Validacion retrospectiva,0.08,20.2,0.5,66.9,650,19,2.87,2,0,0,0,0.0,0.62,2,0,Verde,0,0,0,0.0,2,0
2024-09-01,2024,36,Lambayeque,Chiclayo,Chiclayo,Costa,290000,Validacion retrospectiva,0.08,22.2,0.0,65.4,904,27,3.02,0,0,0,0,0.0,0.0,1,1,Verde,0,0,0,0.0,0,0
2024-09-01,2024,36,Lambayeque,Chiclayo,Jose Leonardo Ortiz,Costa,195000,Validacion retrospectiva,0.08,20.6,1.6,64.7,371,10,2.58,1,1,1,0,0.0,0.51,3,2,Verde,0,0,0,0.0,1,0
2024-09-01,2024,36,Lima,Lima,Comas,Costa,525000,Validacion retrospectiva,0.08,20.4,0.0,66.1,1137,21,1.81,2,0,0,0,0.0,0.38,1,1,Verde,0,0,0,0.0,2,0
2024-09-01,2024,36,Lima,Lima,San Juan de Lurigancho,Costa,1120000,Validacion retrospectiva,0.08,21.2,1.2,66.9,2294,63,2.76,2,0,0,0,0.0,0.18,6,4,Verde,0,0,0,0.0,2,0
2024-09-01,2024,36,Lima,Lima,Villa El Salvador,Costa,395000,Validacion retrospectiva,0.08,20.0,5.1,66.0,1243,18,1.44,2,0,0,0,0.0,0.51,2,0,Verde,0,0,0,0.0,2,0
2024-09-01,2024,36,Loreto,Maynas,Belen,Selva,78000,Validacion retrospectiva,0.08,25.1,24.5,85.4,208,16,7.65,6,0,0,0,0.0,7.69,8,2,Amarillo,0,0,0,0.0,6,0
2024-09-01,2024,36,Loreto,Maynas,Iquitos,Selva,165000,Validacion retrospectiva,0.08,25.6,15.8,83.2,448,33,7.3,11,0,0,0,0.0,6.67,8,3,Verde,0,0,0,0.0,11,0
2024-09-01,2024,36,Piura,Piura,Castilla,Costa,145000,Validacion retrospectiva,0.08,20.3,6.9,64.6,389,13,3.24,0,0,0,0,0.0,0.0,3,3,Verde,0,0,0,0.0,0,0
2024-09-01,2024,36,Piura,Piura,Catacaos,Costa,72000,Validacion retrospectiva,0.08,19.2,0.0,69.3,120,3,2.59,0,0,0,0,0.0,0.0,0,0,Verde,0,0,0,0.0,0,0
2024-09-01,2024,36,Piura,Piura,Piura,Costa,215000,Validacion retrospectiva,0.08,21.7,3.8,67.3,382,15,3.9,2,0,0,0,0.0,0.93,0,2,Verde,0,0,0,0.0,2,0
2024-09-01,2024,36,Piura,Sullana,Sullana,Costa,180000,Validacion retrospectiva,0.08,21.4,0.0,70.9,631,21,3.3,0,0,0,0,0.0,0.0,1,1,Verde,0,0,0,0.0,0,0
2024-09-01,2024,36,Ucayali,Coronel P.,Calleria,Selva,200000,Validacion retrospectiva,0.08,23.8,15.3,81.2,734,48,6.47,11,0,0,0,0.0,5.5,12,1,Amarillo,0,0,0,0.0,11,0
2024-09-01,2024,36,Ucayali,Coronel P.,Yarinacocha,Selva,105000,Validacion retrospectiva,0.08,25.9,21.6,83.0,233,20,8.46,6,0,0,0,0.0,5.71,6,0,Amarillo,0,0,0,0.0,6,0
2024-09-08,2024,37,La Libertad,Trujillo,El Porvenir,Costa,195000,Validacion retrospectiva,0.08,21.2,0.0,65.3,623,23,3.66,3,0,0,0,0.0,1.54,1,2,Verde,0,0,0,0.0,3,0
2024-09-08,2024,37,La Libertad,Trujillo,La Esperanza,Costa,190000,Validacion retrospectiva,0.08,21.1,0.0,67.5,447,14,3.14,1,0,0,0,0.0,0.53,0,1,Verde,0,0,0,0.0,1,0
2024-09-08,2024,37,La Libertad,Trujillo,Trujillo,Costa,320000,Validacion retrospectiva,0.08,21.5,4.7,65.2,709,21,2.99,2,0,0,0,0.0,0.62,1,1,Verde,0,0,0,0.0,2,0
2024-09-08,2024,37,Lambayeque,Chiclayo,Chiclayo,Costa,290000,Validacion retrospectiva,0.08,21.3,0.0,66.3,509,14,2.74,4,0,0,0,0.0,1.38,3,1,Verde,0,0,0,0.0,4,0
2024-09-08,2024,37,Lambayeque,Chiclayo,Jose Leonardo Ortiz,Costa,195000,Validacion retrospectiva,0.08,21.2,0.6,65.9,579,18,3.18,2,0,0,0,0.0,1.03,3,1,Verde,0,0,0,0.0,2,0
2024-09-08,2024,37,Lima,Lima,Comas,Costa,525000,Validacion retrospectiva,0.08,21.8,0.0,67.0,1870,40,2.12,0,0,0,0,0.0,0.0,3,3,Verde,0,0,0,0.0,0,0
2024-09-08,2024,37,Lima,Lima,San Juan de Lurigancho,Costa,1120000,Validacion retrospectiva,0.08,20.9,0.0,66.6,3591,85,2.36,2,0,0,0,0.0,0.18,5,3,Verde,0,0,0,0.0,2,0
2024-09-08,2024,37,Lima,Lima,Villa El Salvador,Costa,395000,Validacion retrospectiva,0.08,21.5,0.0,64.2,1530,40,2.63,4,1,1,0,0.0,1.01,1,3,Verde,0,0,0,0.0,4,0
2024-09-08,2024,37,Loreto,Maynas,Belen,Selva,78000,Validacion retrospectiva,0.08,25.7,9.4,85.6,229,15,6.51,4,0,0,0,0.0,5.13,8,4,Amarillo,0,0,0,0.0,4,0
2024-09-08,2024,37,Loreto,Maynas,Iquitos,Selva,165000,Validacion retrospectiva,0.08,26.7,38.0,83.1,219,15,6.91,6,0,0,0,0.0,3.64,7,1,Verde,0,0,0,0.0,6,0
2024-09-08,2024,37,Piura,Piura,Castilla,Costa,145000,Validacion retrospectiva,0.08,21.1,0.0,66.4,578,10,1.7,0,0,0,0,0.0,0.0,2,2,Verde,0,0,0,0.0,0,0
2024-09-08,2024,37,Piura,Piura,Catacaos,Costa,72000,Validacion retrospectiva,0.08,21.1,0.9,65.7,149,5,3.2,0,0,0,0,0.0,0.0,0,0,Verde,0,0,0,0.0,0,0
2024-09-08,2024,37,Piura,Piura,Piura,Costa,215000,Validacion retrospectiva,0.08,21.1,2.8,66.4,905,35,3.9,1,1,1,0,0.0,0.47,2,1,Verde,0,0,0,0.0,1,0
2024-09-08,2024,37,Piura,Sullana,Sullana,Costa,180000,Validacion retrospectiva,0.08,21.1,0.0,65.6,464,14,3.04,1,0,0,0,0.0,0.56,1,0,Verde,0,0,0,0.0,1,0
2024-09-08,2024,37,Ucayali,Coronel P.,Calleria,Selva,200000,Validacion retrospectiva,0.08,25.4,17.8,82.2,573,40,6.92,8,0,0,0,0.0,4.0,12,4,Amarillo,0,0,0,0.0,8,0
2024-09-08,2024,37,Ucayali,Coronel P.,Yarinacocha,Selva,105000,Validacion retrospectiva,0.08,25.7,23.5,84.1,375,32,8.47,9,1,1,0,0.0,8.57,8,1,Amarillo,0,0,0,0.0,9,0
2024-09-15,2024,38,La Libertad,Trujillo,El Porvenir,Costa,195000,Validacion retrospectiva,0.08,21.2,5.2,65.5,398,14,3.45,2,0,0,0,0.0,1.03,2,0,Verde,0,0,0,0.0,2,0
2024-09-15,2024,38,La Libertad,Trujillo,La Esperanza,Costa,190000,Validacion retrospectiva,0.08,22.0,0.0,68.9,191,5,2.51,1,0,0,0,0.0,0.53,3,2,Verde,0,0,0,0.0,1,0
2024-09-15,2024,38,La Libertad,Trujillo,Trujillo,Costa,320000,Validacion retrospectiva,0.08,21.5,0.0,67.8,1073,27,2.51,1,0,0,0,0.0,0.31,0,1,Verde,0,0,0,0.0,1,0
2024-09-15,2024,38,Lambayeque,Chiclayo,Chiclayo,Costa,290000,Validacion retrospectiva,0.08,20.2,3.4,66.2,758,26,3.38,3,0,0,0,0.0,1.03,3,0,Verde,0,0,0,0.0,3,0
2024-09-15,2024,38,Lambayeque,Chiclayo,Jose Leonardo Ortiz,Costa,195000,Validacion retrospectiva,0.08,21.3,2.3,68.3,367,13,3.62,2,0,0,0,0.0,1.03,1,1,Verde,0,0,0,0.0,2,0
2024-09-15,2024,38,Lima,Lima,Comas,Costa,525000,Validacion retrospectiva,0.08,21.5,11.2,66.0,1339,27,2.02,1,0,0,0,0.0,0.19,0,1,Verde,0,0,0,0.0,1,0
2024-09-15,2024,38,Lima,Lima,San Juan de Lurigancho,Costa,1120000,Validacion retrospectiva,0.08,20.1,3.1,66.7,3000,62,2.07,6,1,1,0,0.0,0.54,3,3,Verde,0,0,0,0.0,6,0
2024-09-15,2024,38,Lima,Lima,Villa El Salvador,Costa,395000,Validacion retrospectiva,0.08,22.0,0.0,70.3,1014,18,1.77,1,0,0,0,0.0,0.25,1,0,Verde,0,0,0,0.0,1,0
2024-09-15,2024,38,Loreto,Maynas,Belen,Selva,78000,Validacion retrospectiva,0.08,25.4,33.3,80.3,164,12,7.14,7,0,0,0,0.0,8.97,4,3,Amarillo,0,0,0,0.0,7,0
2024-09-15,2024,38,Loreto,Maynas,Iquitos,Selva,165000,Validacion retrospectiva,0.08,26.3,24.3,82.7,278,17,6.24,11,1,2,0,0.0,6.67,9,2,Amarillo,0,0,0,0.0,11,0
2024-09-15,2024,38,Piura,Piura,Castilla,Costa,145000,Validacion retrospectiva,0.08,21.0,2.9,66.5,261,8,3.2,0,0,0,0,0.0,0.0,1,1,Verde,0,0,0,0.0,0,0
2024-09-15,2024,38,Piura,Piura,Catacaos,Costa,72000,Validacion retrospectiva,0.08,20.7,0.0,65.0,241,7,2.94,0,0,0,0,0.0,0.0,1,1,Verde,0,0,0,0.0,0,0
2024-09-15,2024,38,Piura,Piura,Piura,Costa,215000,Validacion retrospectiva,0.08,21.8,0.2,66.9,628,16,2.53,1,0,0,0,0.0,0.47,2,1,Verde,0,0,0,0.0,1,0
2024-09-15,2024,38,Piura,Sullana,Sullana,Costa,180000,Validacion retrospectiva,0.08,21.8,0.0,67.0,229,8,3.46,2,0,0,0,0.0,1.11,1,1,Verde,0,0,0,0.0,2,0
2024-09-15,2024,38,Ucayali,Coronel P.,Calleria,Selva,200000,Validacion retrospectiva,0.08,25.3,38.1,82.0,120,8,6.8,11,1,1,0,0.0,5.5,13,2,Amarillo,0,0,0,0.0,11,0
2024-09-15,2024,38,Ucayali,Coronel P.,Yarinacocha,Selva,105000,Validacion retrospectiva,0.08,25.4,35.3,83.8,347,27,7.84,10,0,0,0,0.0,9.52,6,4,Amarillo,0,0,0,0.0,10,0
2024-09-22,2024,39,La Libertad,Trujillo,El Porvenir,Costa,195000,Validacion retrospectiva,0.08,21.8,3.5,69.6,502,18,3.51,2,1,1,0,0.0,1.03,1,1,Verde,0,0,0,0.0,2,0
2024-09-22,2024,39,La Libertad,Trujillo,La Esperanza,Costa,190000,Validacion retrospectiva,0.08,21.4,1.8,67.9,449,14,3.22,3,0,0,0,0.0,1.58,0,3,Verde,0,0,0,0.0,3,0
2024-09-22,2024,39,La Libertad,Trujillo,Trujillo,Costa,320000,Validacion retrospectiva,0.08,22.0,11.4,69.1,642,13,2.05,2,0,0,0,0.0,0.62,1,1,Verde,0,0,0,0.0,2,0
2024-09-22,2024,39,Lambayeque,Chiclayo,Chiclayo,Costa,290000,Validacion retrospectiva,0.08,20.2,3.0,67.7,809,28,3.48,2,0,1,0,0.0,0.69,2,0,Verde,0,0,0,0.0,2,0
2024-09-22,2024,39,Lambayeque,Chiclayo,Jose Leonardo Ortiz,Costa,195000,Validacion retrospectiva,0.08,22.6,0.0,67.5,588,14,2.43,0,0,0,0,0.0,0.0,0,0,Verde,0,0,0,0.0,0,0
2024-09-22,2024,39,Lima,Lima,Comas,Costa,525000,Validacion retrospectiva,0.08,21.0,0.0,67.5,1705,40,2.36,0,0,0,0,0.0,0.0,2,2,Verde,0,0,0,0.0,0,0
2024-09-22,2024,39,Lima,Lima,San Juan de Lurigancho,Costa,1120000,Validacion retrospectiva,0.08,21.6,0.0,71.8,3895,89,2.29,4,0,0,0,0.0,0.36,2,2,Verde,0,0,0,0.0,4,0
2024-09-22,2024,39,Lima,Lima,Villa El Salvador,Costa,395000,Validacion retrospectiva,0.08,22.5,3.4,67.5,1102,30,2.71,1,0,0,0,0.0,0.25,2,1,Verde,0,0,0,0.0,1,0
2024-09-22,2024,39,Loreto,Maynas,Belen,Selva,78000,Validacion retrospectiva,0.08,26.3,36.0,83.7,144,11,7.37,4,0,0,0,0.0,5.13,6,2,Amarillo,0,0,0,0.0,4,0
2024-09-22,2024,39,Loreto,Maynas,Iquitos,Selva,165000,Validacion retrospectiva,0.08,25.2,39.2,81.3,526,39,7.35,13,3,5,0,0.0,7.88,8,5,Verde,0,0,0,0.0,13,0
2024-09-22,2024,39,Piura,Piura,Castilla,Costa,145000,Validacion retrospectiva,0.08,20.4,0.0,64.5,390,12,3.07,1,0,0,0,0.0,0.69,0,1,Verde,0,0,0,0.0,1,0
2024-09-22,2024,39,Piura,Piura,Catacaos,Costa,72000,Validacion retrospectiva,0.08,21.6,0.0,69.8,359,13,3.71,0,0,0,0,0.0,0.0,3,3,Verde,0,0,0,0.0,0,0
2024-09-22,2024,39,Piura,Piura,Piura,Costa,215000,Validacion retrospectiva,0.08,21.1,1.4,66.7,508,18,3.57,2,0,0,0,0.0,0.93,1,1,Verde,0,0,0,0.0,2,0
2024-09-22,2024,39,Piura,Sullana,Sullana,Costa,180000,Validacion retrospectiva,0.08,22.2,0.0,67.4,358,8,2.23,2,1,1,0,0.0,1.11,1,1,Verde,0,0,0,0.0,2,0
2024-09-22,2024,39,Ucayali,Coronel P.,Calleria,Selva,200000,Validacion retrospectiva,0.08,25.4,44.5,84.7,467,34,7.33,9,0,0,0,0.0,4.5,12,3,Amarillo,0,0,0,0.0,9,0
2024-09-22,2024,39,Ucayali,Coronel P.,Yarinacocha,Selva,105000,Validacion retrospectiva,0.08,25.2,50.5,84.5,214,16,7.65,8,0,0,0,0.0,7.62,7,1,Amarillo,0,0,0,0.0,8,0
2024-09-29,2024,40,La Libertad,Trujillo,El Porvenir,Costa,195000,Validacion retrospectiva,0.08,23.3,3.4,67.6,504,15,2.99,0,0,0,0,0.0,0.0,1,1,Verde,0,0,0,0.0,0,0
2024-09-29,2024,40,La Libertad,Trujillo,La Esperanza,Costa,190000,Validacion retrospectiva,0.08,21.4,8.0,65.6,455,14,3.13,3,0,0,0,0.0,1.58,0,3,Verde,0,0,0,0.0,3,0
2024-09-29,2024,40,La Libertad,Trujillo,Trujillo,Costa,320000,Validacion retrospectiva,0.08,21.4,5.7,66.8,842,21,2.45,1,0,0,0,0.0,0.31,2,1,Verde,0,0,0,0.0,1,0
2024-09-29,2024,40,Lambayeque,Chiclayo,Chiclayo,Costa,290000,Validacion retrospectiva,0.08,21.2,0.7,69.6,578,18,3.12,3,0,0,0,0.0,1.03,1,2,Verde,0,0,0,0.0,3,0
2024-09-29,2024,40,Lambayeque,Chiclayo,Jose Leonardo Ortiz,Costa,195000,Validacion retrospectiva,0.08,20.8,6.7,69.3,383,11,2.98,3,0,0,0,0.0,1.54,1,2,Verde,0,0,0,0.0,3,0
2024-09-29,2024,40,Lima,Lima,Comas,Costa,525000,Validacion retrospectiva,0.08,21.3,0.0,67.2,1401,35,2.52,2,0,0,0,0.0,0.38,1,1,Verde,0,0,0,0.0,2,0
2024-09-29,2024,40,Lima,Lima,San Juan de Lurigancho,Costa,1120000,Validacion retrospectiva,0.08,21.9,2.4,67.2,3717,75,2.03,4,0,0,0,0.0,0.36,5,1,Verde,0,0,0,0.0,4,0
2024-09-29,2024,40,Lima,Lima,Villa El Salvador,Costa,395000,Validacion retrospectiva,0.08,20.0,0.0,67.2,1041,29,2.76,0,0,0,0,0.0,0.0,1,1,Verde,0,0,0,0.0,0,0
2024-09-29,2024,40,Loreto,Maynas,Belen,Selva,78000,Validacion retrospectiva,0.08,26.6,52.1,83.0,241,19,7.75,3,1,1,0,0.0,3.85,6,3,Amarillo,0,0,0,0.0,3,0
2024-09-29,2024,40,Loreto,Maynas,Iquitos,Selva,165000,Validacion retrospectiva,0.08,27.2,47.1,84.1,477,34,7.07,11,0,0,0,0.0,6.67,9,2,Amarillo,0,0,0,0.0,11,0
2024-09-29,2024,40,Piura,Piura,Castilla,Costa,145000,Validacion retrospectiva,0.08,21.7,6.8,70.0,242,8,3.33,1,0,0,0,0.0,0.69,3,2,Verde,0,0,0,0.0,1,0
2024-09-29,2024,40,Piura,Piura,Catacaos,Costa,72000,Validacion retrospectiva,0.08,22.0,0.5,71.0,202,8,3.74,1,0,0,0,0.0,1.39,2,1,Verde,0,0,0,0.0,1,0
2024-09-29,2024,40,Piura,Piura,Piura,Costa,215000,Validacion retrospectiva,0.08,22.1,0.0,68.1,565,18,3.23,4,0,1,0,0.0,1.86,4,0,Verde,0,0,0,0.0,4,0
2024-09-29,2024,40,Piura,Sullana,Sullana,Costa,180000,Validacion retrospectiva,0.08,21.2,0.0,65.2,632,20,3.13,0,0,0,0,0.0,0.0,1,1,Verde,0,0,0,0.0,0,0
2024-09-29,2024,40,Ucayali,Coronel P.,Calleria,Selva,200000,Validacion retrospectiva,0.08,26.4,25.6,84.9,424,28,6.7,6,0,1,0,0.0,3.0,11,5,Amarillo,0,0,0,0.0,6,0
2024-09-29,2024,40,Ucayali,Coronel P.,Yarinacocha,Selva,105000,Validacion retrospectiva,0.08,26.2,41.8,83.2,319,24,7.39,2,0,1,0,0.0,1.9,7,5,Amarillo,0,0,0,0.0,2,0
2024-10-06,2024,41,La Libertad,Trujillo,El Porvenir,Costa,195000,Validacion retrospectiva,0.08,22.3,7.2,66.7,374,8,2.23,1,0,0,0,0.0,0.51,1,0,Verde,0,0,0,0.0,1,0
2024-10-06,2024,41,La Libertad,Trujillo,La Esperanza,Costa,190000,Validacion retrospectiva,0.08,21.8,7.0,73.4,383,11,2.85,3,0,0,0,0.0,1.58,1,2,Verde,0,0,0,0.0,3,0
2024-10-06,2024,41,La Libertad,Trujillo,Trujillo,Costa,320000,Validacion retrospectiva,0.08,22.1,12.8,69.7,660,21,3.22,6,0,0,0,0.0,1.87,3,3,Verde,0,0,0,0.0,6,0
2024-10-06,2024,41,Lambayeque,Chiclayo,Chiclayo,Costa,290000,Validacion retrospectiva,0.08,21.7,0.0,72.8,653,19,2.91,0,0,0,0,0.0,0.0,2,2,Verde,0,0,0,0.0,0,0
2024-10-06,2024,41,Lambayeque,Chiclayo,Jose Leonardo Ortiz,Costa,195000,Validacion retrospectiva,0.08,23.3,5.2,68.4,407,13,3.17,3,0,0,0,0.0,1.54,3,0,Verde,0,0,0,0.0,3,0
2024-10-06,2024,41,Lima,Lima,Comas,Costa,525000,Validacion retrospectiva,0.08,23.5,3.3,69.8,1405,28,2.01,2,0,0,0,0.0,0.38,1,1,Verde,0,0,0,0.0,2,0
2024-10-06,2024,41,Lima,Lima,San Juan de Lurigancho,Costa,1120000,Validacion retrospectiva,0.08,22.9,0.0,69.9,2775,74,2.67,2,0,0,0,0.0,0.18,6,4,Verde,0,0,0,0.0,2,0
2024-10-06,2024,41,Lima,Lima,Villa El Salvador,Costa,395000,Validacion retrospectiva,0.08,22.4,4.7,70.6,1368,28,2.06,1,0,0,0,0.0,0.25,1,0,Verde,0,0,0,0.0,1,0
2024-10-06,2024,41,Loreto,Maynas,Belen,Selva,78000,Validacion retrospectiva,0.08,25.8,40.6,84.0,211,17,7.89,9,0,0,0,0.0,11.54,6,3,Amarillo,0,0,0,0.0,9,0
2024-10-06,2024,41,Loreto,Maynas,Iquitos,Selva,165000,Validacion retrospectiva,0.08,27.1,52.9,82.3,485,34,6.97,12,1,1,0,0.0,7.27,8,4,Amarillo,0,0,0,0.0,12,0
2024-10-06,2024,41,Piura,Piura,Castilla,Costa,145000,Validacion retrospectiva,0.08,22.4,5.6,67.8,315,9,2.99,1,0,0,0,0.0,0.69,1,0,Verde,0,0,0,0.0,1,0
2024-10-06,2024,41,Piura,Piura,Catacaos,Costa,72000,Validacion retrospectiva,0.08,21.8,7.5,70.0,172,6,3.61,0,0,0,0,0.0,0.0,1,1,Verde,0,0,0,0.0,0,0
2024-10-06,2024,41,Piura,Piura,Piura,Costa,215000,Validacion retrospectiva,0.08,22.4,0.0,72.2,551,20,3.65,3,0,0,0,0.0,1.4,1,2,Verde,0,0,0,0.0,3,0
2024-10-06,2024,41,Piura,Sullana,Sullana,Costa,180000,Validacion retrospectiva,0.08,22.7,0.0,69.6,657,23,3.48,1,0,0,0,0.0,0.56,2,1,Verde,0,0,0,0.0,1,0
2024-10-06,2024,41,Ucayali,Coronel P.,Calleria,Selva,200000,Validacion retrospectiva,0.08,26.3,42.7,82.6,546,37,6.83,14,1,1,0,0.0,7.0,11,3,Amarillo,0,0,0,0.0,14,0
2024-10-06,2024,41,Ucayali,Coronel P.,Yarinacocha,Selva,105000,Validacion retrospectiva,0.08,26.5,24.7,80.9,248,19,7.55,6,1,1,0,0.0,5.71,5,1,Amarillo,0,0,0,0.0,6,0
2024-10-13,2024,42,La Libertad,Trujillo,El Porvenir,Costa,195000,Validacion retrospectiva,0.08,22.6,1.5,67.3,617,20,3.29,2,0,0,0,0.0,1.03,2,0,Verde,0,0,0,0.0,2,0
2024-10-13,2024,42,La Libertad,Trujillo,La Esperanza,Costa,190000,Validacion retrospectiva,0.08,22.3,7.1,69.2,641,18,2.76,4,1,1,0,0.0,2.11,3,1,Verde,0,0,0,0.0,4,0
2024-10-13,2024,42,La Libertad,Trujillo,Trujillo,Costa,320000,Validacion retrospectiva,0.08,22.9,0.0,70.3,452,12,2.57,2,0,0,0,0.0,0.62,5,3,Verde,0,0,0,0.0,2,0
2024-10-13,2024,42,Lambayeque,Chiclayo,Chiclayo,Costa,290000,Validacion retrospectiva,0.08,23.7,5.3,68.3,620,22,3.49,3,0,1,0,0.0,1.03,5,2,Verde,0,0,0,0.0,3,0
2024-10-13,2024,42,Lambayeque,Chiclayo,Jose Leonardo Ortiz,Costa,195000,Validacion retrospectiva,0.08,22.2,5.6,70.7,488,12,2.37,3,0,0,0,0.0,1.54,1,2,Verde,0,0,0,0.0,3,0
2024-10-13,2024,42,Lima,Lima,Comas,Costa,525000,Validacion retrospectiva,0.08,21.1,5.2,67.9,1328,17,1.3,2,0,0,0,0.0,0.38,2,0,Verde,0,0,0,0.0,2,0
2024-10-13,2024,42,Lima,Lima,San Juan de Lurigancho,Costa,1120000,Validacion retrospectiva,0.08,21.2,5.5,72.4,3838,72,1.89,8,0,0,0,0.0,0.71,8,0,Verde,0,0,0,0.0,8,0
2024-10-13,2024,42,Lima,Lima,Villa El Salvador,Costa,395000,Validacion retrospectiva,0.08,22.3,2.8,68.0,1194,20,1.71,3,0,0,0,0.0,0.76,2,1,Verde,0,0,0,0.0,3,0
2024-10-13,2024,42,Loreto,Maynas,Belen,Selva,78000,Validacion retrospectiva,0.08,26.5,55.0,84.8,145,11,7.66,12,0,1,0,0.0,15.38,7,5,Amarillo,0,1,0,0.0,12,0
2024-10-13,2024,42,Loreto,Maynas,Iquitos,Selva,165000,Validacion retrospectiva,0.08,27.0,55.6,83.5,456,34,7.52,15,0,1,0,0.0,9.09,6,9,Verde,0,0,0,0.0,15,0
2024-10-13,2024,42,Piura,Piura,Castilla,Costa,145000,Validacion retrospectiva,0.08,23.1,0.6,68.5,431,13,3.04,3,0,0,0,0.0,2.07,1,2,Verde,0,0,0,0.0,3,0
2024-10-13,2024,42,Piura,Piura,Catacaos,Costa,72000,Validacion retrospectiva,0.08,23.7,0.0,72.8,145,5,3.51,0,0,0,0,0.0,0.0,0,0,Verde,0,0,0,0.0,0,0
2024-10-13,2024,42,Piura,Piura,Piura,Costa,215000,Validacion retrospectiva,0.08,23.6,8.5,68.0,423,14,3.37,2,0,0,0,0.0,0.93,3,1,Verde,0,0,0,0.0,2,0
2024-10-13,2024,42,Piura,Sullana,Sullana,Costa,180000,Validacion retrospectiva,0.08,24.1,12.2,71.5,498,16,3.19,5,0,2,0,0.0,2.78,1,4,Verde,0,0,0,0.0,5,0
2024-10-13,2024,42,Ucayali,Coronel P.,Calleria,Selva,200000,Validacion retrospectiva,0.08,26.6,57.6,84.4,818,65,7.93,12,1,1,0,0.0,6.0,13,1,Amarillo,0,0,0,0.0,12,0
2024-10-13,2024,42,Ucayali,Coronel P.,Yarinacocha,Selva,105000,Validacion retrospectiva,0.08,26.7,49.3,84.1,310,26,8.47,5,0,1,0,0.0,4.76,6,1,Amarillo,0,0,0,0.0,5,0
2024-10-20,2024,43,La Libertad,Trujillo,El Porvenir,Costa,195000,Validacion retrospectiva,0.08,22.3,8.3,71.7,424,15,3.47,2,0,0,0,0.0,1.03,1,1,Verde,0,0,0,0.0,2,0
2024-10-20,2024,43,La Libertad,Trujillo,La Esperanza,Costa,190000,Validacion retrospectiva,0.08,23.7,1.9,69.5,365,9,2.45,3,2,2,0,0.0,1.58,3,0,Verde,0,0,0,0.0,3,0
2024-10-20,2024,43,La Libertad,Trujillo,Trujillo,Costa,320000,Validacion retrospectiva,0.08,23.1,0.8,73.0,820,25,3.0,4,0,0,0,0.0,1.25,4,0,Verde,0,0,0,0.0,4,0
2024-10-20,2024,43,Lambayeque,Chiclayo,Chiclayo,Costa,290000,Validacion retrospectiva,0.08,22.3,4.7,68.1,969,30,3.05,2,0,0,0,0.0,0.69,5,3,Verde,0,0,0,0.0,2,0
2024-10-20,2024,43,Lambayeque,Chiclayo,Jose Leonardo Ortiz,Costa,195000,Validacion retrospectiva,0.08,23.1,2.4,72.5,791,23,2.95,2,1,1,0,0.0,1.03,2,0,Verde,0,0,0,0.0,2,0
2024-10-20,2024,43,Lima,Lima,Comas,Costa,525000,Validacion retrospectiva,0.08,23.1,1.0,70.4,1282,31,2.44,1,0,0,0,0.0,0.19,3,2,Verde,0,0,0,0.0,1,0
2024-10-20,2024,43,Lima,Lima,San Juan de Lurigancho,Costa,1120000,Validacion retrospectiva,0.08,22.8,6.5,70.0,4189,87,2.09,3,0,0,0,0.0,0.27,8,5,Verde,0,0,0,0.0,3,0
2024-10-20,2024,43,Lima,Lima,Villa El Salvador,Costa,395000,Validacion retrospectiva,0.08,23.6,3.0,71.2,941,17,1.83,2,0,0,0,0.0,0.51,0,2,Verde,0,0,0,0.0,2,0
2024-10-20,2024,43,Loreto,Maynas,Belen,Selva,78000,Validacion retrospectiva,0.08,27.6,54.4,84.6,194,15,7.6,6,0,1,0,0.0,7.69,6,0,Amarillo,0,0,0,0.0,6,0
2024-10-20,2024,43,Loreto,Maynas,Iquitos,Selva,165000,Validacion retrospectiva,0.08,25.8,46.4,88.2,566,47,8.28,6,0,0,0,0.0,3.64,10,4,Amarillo,0,0,0,0.0,6,0
2024-10-20,2024,43,Piura,Piura,Castilla,Costa,145000,Validacion retrospectiva,0.08,21.8,3.5,72.9,295,11,3.7,2,0,1,0,0.0,1.38,2,0,Verde,0,0,0,0.0,2,0
2024-10-20,2024,43,Piura,Piura,Catacaos,Costa,72000,Validacion retrospectiva,0.08,23.3,1.0,71.9,188,8,4.28,2,0,0,0,0.0,2.78,0,2,Verde,0,0,0,0.0,2,0
2024-10-20,2024,43,Piura,Piura,Piura,Costa,215000,Validacion retrospectiva,0.08,24.3,1.3,73.9,644,21,3.27,4,0,2,0,0.0,1.86,3,1,Verde,0,0,0,0.0,4,0
2024-10-20,2024,43,Piura,Sullana,Sullana,Costa,180000,Validacion retrospectiva,0.08,23.4,0.0,72.5,425,14,3.19,1,0,0,0,0.0,0.56,1,0,Verde,0,0,0,0.0,1,0
2024-10-20,2024,43,Ucayali,Coronel P.,Calleria,Selva,200000,Validacion retrospectiva,0.08,26.8,50.1,86.7,516,40,7.66,10,0,0,0,0.0,5.0,11,1,Amarillo,0,0,0,0.0,10,0
2024-10-20,2024,43,Ucayali,Coronel P.,Yarinacocha,Selva,105000,Validacion retrospectiva,0.08,26.8,43.9,85.9,120,9,7.81,5,1,1,1,20.0,4.76,7,2,Amarillo,0,0,0,0.0,5,0
2024-10-27,2024,44,La Libertad,Trujillo,El Porvenir,Costa,195000,Validacion retrospectiva,0.08,23.4,7.6,72.7,713,20,2.75,1,0,0,0,0.0,0.51,4,3,Verde,0,0,0,0.0,1,0
2024-10-27,2024,44,La Libertad,Trujillo,La Esperanza,Costa,190000,Validacion retrospectiva,0.08,23.2,13.0,70.7,447,14,3.24,0,0,0,0,0.0,0.0,2,2,Verde,0,0,0,0.0,0,0
2024-10-27,2024,44,La Libertad,Trujillo,Trujillo,Costa,320000,Validacion retrospectiva,0.08,24.3,6.0,74.0,849,29,3.43,5,0,0,0,0.0,1.56,5,0,Verde,0,0,0,0.0,5,0
2024-10-27,2024,44,Lambayeque,Chiclayo,Chiclayo,Costa,290000,Validacion retrospectiva,0.08,24.5,5.5,70.8,717,20,2.86,2,0,0,0,0.0,0.69,6,4,Verde,0,0,0,0.0,2,0
2024-10-27,2024,44,Lambayeque,Chiclayo,Jose Leonardo Ortiz,Costa,195000,Validacion retrospectiva,0.08,24.9,2.4,71.0,440,10,2.36,3,0,0,0,0.0,1.54,4,1,Verde,0,0,0,0.0,3,0
2024-10-27,2024,44,Lima,Lima,Comas,Costa,525000,Validacion retrospectiva,0.08,23.5,5.0,71.6,1264,27,2.1,5,0,0,0,0.0,0.95,3,2,Verde,0,0,0,0.0,5,0
2024-10-27,2024,44,Lima,Lima,San Juan de Lurigancho,Costa,1120000,Validacion retrospectiva,0.08,21.5,4.0,71.3,3720,72,1.93,6,0,0,0,0.0,0.54,8,2,Verde,0,0,0,0.0,6,0
2024-10-27,2024,44,Lima,Lima,Villa El Salvador,Costa,395000,Validacion retrospectiva,0.08,23.3,2.4,74.0,923,24,2.59,4,0,0,0,0.0,1.01,1,3,Verde,0,0,0,0.0,4,0
2024-10-27,2024,44,Loreto,Maynas,Belen,Selva,78000,Validacion retrospectiva,0.08,26.4,60.9,84.4,155,13,8.39,12,0,2,0,0.0,15.38,9,3,Amarillo,0,1,0,0.0,12,0
2024-10-27,2024,44,Loreto,Maynas,Iquitos,Selva,165000,Validacion retrospectiva,0.08,26.4,63.1,85.3,288,23,8.11,5,0,0,0,0.0,3.03,11,6,Amarillo,0,0,0,0.0,5,0
2024-10-27,2024,44,Piura,Piura,Castilla,Costa,145000,Validacion retrospectiva,0.08,23.0,0.0,71.0,311,9,2.97,2,1,1,0,0.0,1.38,2,0,Verde,0,0,0,0.0,2,0
2024-10-27,2024,44,Piura,Piura,Catacaos,Costa,72000,Validacion retrospectiva,0.08,23.0,9.0,70.0,149,6,4.07,0,0,0,0,0.0,0.0,0,0,Verde,0,0,0,0.0,0,0
2024-10-27,2024,44,Piura,Piura,Piura,Costa,215000,Validacion retrospectiva,0.08,22.8,3.0,73.1,297,9,3.17,2,0,0,0,0.0,0.93,3,1,Verde,0,0,0,0.0,2,0
2024-10-27,2024,44,Piura,Sullana,Sullana,Costa,180000,Validacion retrospectiva,0.08,23.3,10.4,73.5,458,12,2.63,6,0,1,0,0.0,3.33,3,3,Verde,0,0,0,0.0,6,0
2024-10-27,2024,44,Ucayali,Coronel P.,Calleria,Selva,200000,Validacion retrospectiva,0.08,26.0,63.3,85.9,478,39,8.24,11,1,1,0,0.0,5.5,14,3,Amarillo,0,0,0,0.0,11,0
2024-10-27,2024,44,Ucayali,Coronel P.,Yarinacocha,Selva,105000,Validacion retrospectiva,0.08,26.9,58.3,82.8,271,24,8.72,6,0,0,0,0.0,5.71,6,0,Amarillo,0,0,0,0.0,6,0
2024-11-03,2024,45,La Libertad,Trujillo,El Porvenir,Costa,195000,Validacion retrospectiva,0.08,24.1,6.3,70.6,492,13,2.6,2,0,0,0,0.0,1.03,6,4,Verde,0,0,0,0.0,2,0
2024-11-03,2024,45,La Libertad,Trujillo,La Esperanza,Costa,190000,Validacion retrospectiva,0.08,23.5,3.9,72.7,351,10,2.96,6,0,1,0,0.0,3.16,2,4,Verde,0,0,0,0.0,6,0
2024-11-03,2024,45,La Libertad,Trujillo,Trujillo,Costa,320000,Validacion retrospectiva,0.08,23.6,3.4,73.3,367,9,2.47,5,0,0,0,0.0,1.56,3,2,Verde,0,0,0,0.0,5,0
2024-11-03,2024,45,Lambayeque,Chiclayo,Chiclayo,Costa,290000,Validacion retrospectiva,0.08,23.6,0.0,74.2,733,19,2.57,8,0,1,0,0.0,2.76,4,4,Verde,0,0,0,0.0,8,0
2024-11-03,2024,45,Lambayeque,Chiclayo,Jose Leonardo Ortiz,Costa,195000,Validacion retrospectiva,0.08,24.7,4.8,70.7,348,9,2.51,6,0,1,0,0.0,3.08,5,1,Verde,0,0,0,0.0,6,0
2024-11-03,2024,45,Lima,Lima,Comas,Costa,525000,Validacion retrospectiva,0.08,25.4,0.0,72.6,775,20,2.62,2,0,0,0,0.0,0.38,3,1,Verde,0,0,0,0.0,2,0
2024-11-03,2024,45,Lima,Lima,San Juan de Lurigancho,Costa,1120000,Validacion retrospectiva,0.08,24.0,5.9,73.7,2400,32,1.33,10,0,1,0,0.0,0.89,8,2,Verde,0,0,0,0.0,10,0
2024-11-03,2024,45,Lima,Lima,Villa El Salvador,Costa,395000,Validacion retrospectiva,0.08,23.9,2.4,74.0,896,13,1.45,1,0,0,0,0.0,0.25,2,1,Verde,0,0,0,0.0,1,0
2024-11-03,2024,45,Loreto,Maynas,Belen,Selva,78000,Validacion retrospectiva,0.08,27.4,59.2,84.9,167,15,8.69,8,0,0,0,0.0,10.26,9,1,Amarillo,0,0,0,0.0,8,0
2024-11-03,2024,45,Loreto,Maynas,Iquitos,Selva,165000,Validacion retrospectiva,0.08,26.5,49.7,83.9,473,43,9.11,13,0,0,0,0.0,7.88,13,0,Amarillo,0,0,0,0.0,13,0
2024-11-03,2024,45,Piura,Piura,Castilla,Costa,145000,Validacion retrospectiva,0.08,25.0,1.9,74.2,350,8,2.15,2,0,0,0,0.0,1.38,2,0,Verde,0,0,0,0.0,2,0
2024-11-03,2024,45,Piura,Piura,Catacaos,Costa,72000,Validacion retrospectiva,0.08,24.4,7.5,76.1,175,6,3.21,2,0,0,0,0.0,2.78,1,1,Verde,0,0,0,0.0,2,0
2024-11-03,2024,45,Piura,Piura,Piura,Costa,215000,Validacion retrospectiva,0.08,24.6,9.3,73.3,278,9,3.15,2,0,0,0,0.0,0.93,5,3,Verde,0,0,0,0.0,2,0
2024-11-03,2024,45,Piura,Sullana,Sullana,Costa,180000,Validacion retrospectiva,0.08,24.1,0.0,72.7,356,10,2.9,2,0,0,0,0.0,1.11,4,2,Verde,0,0,0,0.0,2,0
2024-11-03,2024,45,Ucayali,Coronel P.,Calleria,Selva,200000,Validacion retrospectiva,0.08,27.8,41.8,85.1,492,42,8.62,12,1,1,0,0.0,6.0,19,7,Amarillo,0,0,0,0.0,12,0
2024-11-03,2024,45,Ucayali,Coronel P.,Yarinacocha,Selva,105000,Validacion retrospectiva,0.08,27.3,53.0,84.1,224,20,9.07,6,0,0,0,0.0,5.71,9,3,Amarillo,0,0,0,0.0,6,0
2024-11-10,2024,46,La Libertad,Trujillo,El Porvenir,Costa,195000,Validacion retrospectiva,0.08,25.0,0.0,70.7,516,15,2.81,4,0,0,0,0.0,2.05,6,2,Verde,0,0,0,0.0,4,0
2024-11-10,2024,46,La Libertad,Trujillo,La Esperanza,Costa,190000,Validacion retrospectiva,0.08,24.0,13.7,74.6,562,15,2.63,1,0,0,0,0.0,0.53,5,4,Verde,0,0,0,0.0,1,0
2024-11-10,2024,46,La Libertad,Trujillo,Trujillo,Costa,320000,Validacion retrospectiva,0.08,23.4,17.0,72.1,1171,38,3.21,4,0,0,0,0.0,1.25,8,4,Verde,0,0,0,0.0,4,0
2024-11-10,2024,46,Lambayeque,Chiclayo,Chiclayo,Costa,290000,Validacion retrospectiva,0.08,25.1,6.4,74.5,297,8,2.84,8,1,1,0,0.0,2.76,6,2,Verde,0,0,0,0.0,8,0
2024-11-10,2024,46,Lambayeque,Chiclayo,Jose Leonardo Ortiz,Costa,195000,Validacion retrospectiva,0.08,24.2,4.7,75.1,355,12,3.48,9,0,0,0,0.0,4.62,4,5,Verde,0,0,0,0.0,9,0
2024-11-10,2024,46,Lima,Lima,Comas,Costa,525000,Validacion retrospectiva,0.08,24.5,8.0,69.0,1103,33,2.97,3,0,0,0,0.0,0.57,3,0,Verde,0,0,0,0.0,3,0
2024-11-10,2024,46,Lima,Lima,San Juan de Lurigancho,Costa,1120000,Validacion retrospectiva,0.08,25.5,11.4,75.0,2895,87,3.02,7,1,2,0,0.0,0.62,7,0,Verde,0,0,0,0.0,7,0
2024-11-10,2024,46,Lima,Lima,Villa El Salvador,Costa,395000,Validacion retrospectiva,0.08,25.7,4.6,70.8,1630,34,2.08,2,0,0,0,0.0,0.51,2,0,Verde,0,0,0,0.0,2,0
2024-11-10,2024,46,Loreto,Maynas,Belen,Selva,78000,Validacion retrospectiva,0.08,26.9,55.0,84.1,282,26,9.22,2,0,0,0,0.0,2.56,10,8,Rojo,1,0,0,0.0,2,0
2024-11-10,2024,46,Loreto,Maynas,Iquitos,Selva,165000,Validacion retrospectiva,0.08,26.7,54.2,85.5,378,34,8.92,14,2,3,0,0.0,8.48,11,3,Amarillo,0,0,0,0.0,14,0
2024-11-10,2024,46,Piura,Piura,Castilla,Costa,145000,Validacion retrospectiva,0.08,24.4,7.2,74.7,355,10,2.83,3,0,0,0,0.0,2.07,4,1,Verde,0,0,0,0.0,3,0
2024-11-10,2024,46,Piura,Piura,Catacaos,Costa,72000,Validacion retrospectiva,0.08,25.9,4.2,74.4,205,7,3.56,2,0,0,0,0.0,2.78,0,2,Verde,0,0,0,0.0,2,0
2024-11-10,2024,46,Piura,Piura,Piura,Costa,215000,Validacion retrospectiva,0.08,25.2,8.9,73.5,558,23,4.07,6,0,0,0,0.0,2.79,6,0,Verde,0,0,0,0.0,6,0
2024-11-10,2024,46,Piura,Sullana,Sullana,Costa,180000,Validacion retrospectiva,0.08,24.2,2.2,74.9,415,13,3.21,2,0,0,0,0.0,1.11,4,2,Verde,0,0,0,0.0,2,0
2024-11-10,2024,46,Ucayali,Coronel P.,Calleria,Selva,200000,Validacion retrospectiva,0.08,26.7,75.1,84.8,379,33,8.68,23,1,3,0,0.0,11.5,20,3,Amarillo,0,0,0,0.0,23,0
2024-11-10,2024,46,Ucayali,Coronel P.,Yarinacocha,Selva,105000,Validacion retrospectiva,0.08,26.8,48.4,82.2,355,34,9.67,9,0,0,0,0.0,8.57,10,1,Amarillo,0,0,0,0.0,9,0
2024-11-17,2024,47,La Libertad,Trujillo,El Porvenir,Costa,195000,Validacion retrospectiva,0.08,24.4,3.9,75.4,565,16,2.84,6,0,1,0,0.0,3.08,4,2,Verde,0,0,0,0.0,6,0
2024-11-17,2024,47,La Libertad,Trujillo,La Esperanza,Costa,190000,Validacion retrospectiva,0.08,25.7,4.5,74.3,352,13,3.66,5,0,0,0,0.0,2.63,4,1,Verde,0,0,0,0.0,5,0
2024-11-17,2024,47,La Libertad,Trujillo,Trujillo,Costa,320000,Validacion retrospectiva,0.08,26.0,3.7,70.9,830,22,2.63,13,0,0,0,0.0,4.06,5,8,Verde,0,0,0,0.0,13,0
2024-11-17,2024,47,Lambayeque,Chiclayo,Chiclayo,Costa,290000,Validacion retrospectiva,0.08,25.9,6.7,74.5,593,16,2.78,3,0,0,0,0.0,1.03,8,5,Verde,0,0,0,0.0,3,0
2024-11-17,2024,47,Lambayeque,Chiclayo,Jose Leonardo Ortiz,Costa,195000,Validacion retrospectiva,0.08,25.3,7.4,74.0,499,18,3.52,5,0,0,0,0.0,2.56,6,1,Verde,0,0,0,0.0,5,0
2024-11-17,2024,47,Lima,Lima,Comas,Costa,525000,Validacion retrospectiva,0.08,24.3,9.3,75.7,1790,38,2.13,3,0,0,0,0.0,0.57,4,1,Verde,0,0,0,0.0,3,0
2024-11-17,2024,47,Lima,Lima,San Juan de Lurigancho,Costa,1120000,Validacion retrospectiva,0.08,24.9,9.8,73.4,1175,32,2.76,12,0,1,0,0.0,1.07,11,1,Verde,0,0,0,0.0,12,0
2024-11-17,2024,47,Lima,Lima,Villa El Salvador,Costa,395000,Validacion retrospectiva,0.08,24.5,0.0,77.5,901,23,2.52,4,0,0,0,0.0,1.01,4,0,Verde,0,0,0,0.0,4,0
2024-11-17,2024,47,Loreto,Maynas,Belen,Selva,78000,Validacion retrospectiva,0.08,26.5,43.7,84.8,217,21,9.82,8,0,2,0,0.0,10.26,12,4,Rojo,1,0,0,0.0,8,0
2024-11-17,2024,47,Loreto,Maynas,Iquitos,Selva,165000,Validacion retrospectiva,0.08,26.9,67.8,87.4,607,53,8.74,16,0,0,0,0.0,9.7,13,3,Amarillo,0,0,0,0.0,16,0
2024-11-17,2024,47,Piura,Piura,Castilla,Costa,145000,Validacion retrospectiva,0.08,25.3,8.4,71.3,394,11,2.79,9,2,3,1,11.11,6.21,5,4,Verde,0,0,0,0.0,9,0
2024-11-17,2024,47,Piura,Piura,Catacaos,Costa,72000,Validacion retrospectiva,0.08,25.5,7.4,74.2,167,6,3.67,6,0,1,0,0.0,8.33,3,3,Verde,0,0,0,0.0,6,0
2024-11-17,2024,47,Piura,Piura,Piura,Costa,215000,Validacion retrospectiva,0.08,25.9,12.1,75.3,525,19,3.6,5,1,1,0,0.0,2.33,7,2,Verde,0,0,0,0.0,5,0
2024-11-17,2024,47,Piura,Sullana,Sullana,Costa,180000,Validacion retrospectiva,0.08,25.0,2.9,76.4,699,25,3.53,4,0,0,0,0.0,2.22,4,0,Verde,0,0,0,0.0,4,0
2024-11-17,2024,47,Ucayali,Coronel P.,Calleria,Selva,200000,Validacion retrospectiva,0.08,27.4,47.3,84.0,237,20,8.57,13,0,0,0,0.0,6.5,23,10,Amarillo,0,0,0,0.0,13,0
2024-11-17,2024,47,Ucayali,Coronel P.,Yarinacocha,Selva,105000,Validacion retrospectiva,0.08,27.6,51.5,88.4,307,30,9.69,10,1,1,0,0.0,9.52,11,1,Amarillo,0,0,0,0.0,10,0
2024-11-24,2024,48,La Libertad,Trujillo,El Porvenir,Costa,195000,Validacion retrospectiva,0.08,27.1,6.2,72.0,306,9,3.04,5,1,1,0,0.0,2.56,6,1,Verde,0,0,0,0.0,5,0
2024-11-24,2024,48,La Libertad,Trujillo,La Esperanza,Costa,190000,Validacion retrospectiva,0.08,25.5,0.6,71.7,527,18,3.46,9,1,2,0,0.0,4.74,7,2,Verde,0,0,0,0.0,9,0
2024-11-24,2024,48,La Libertad,Trujillo,Trujillo,Costa,320000,Validacion retrospectiva,0.08,26.2,12.7,75.2,980,32,3.29,7,0,1,0,0.0,2.19,9,2,Verde,0,0,0,0.0,7,0
2024-11-24,2024,48,Lambayeque,Chiclayo,Chiclayo,Costa,290000,Validacion retrospectiva,0.08,26.0,4.6,77.3,580,20,3.47,5,0,0,0,0.0,1.72,8,3,Verde,0,0,0,0.0,5,0
2024-11-24,2024,48,Lambayeque,Chiclayo,Jose Leonardo Ortiz,Costa,195000,Validacion retrospectiva,0.08,24.9,2.1,72.7,407,15,3.72,7,0,1,0,0.0,3.59,9,2,Verde,0,0,0,0.0,7,0
2024-11-24,2024,48,Lima,Lima,Comas,Costa,525000,Validacion retrospectiva,0.08,25.0,8.1,76.1,1532,47,3.07,4,0,0,0,0.0,0.76,5,1,Verde,0,0,0,0.0,4,0
2024-11-24,2024,48,Lima,Lima,San Juan de Lurigancho,Costa,1120000,Validacion retrospectiva,0.08,25.8,6.0,73.4,3040,92,3.03,14,1,1,0,0.0,1.25,13,1,Verde,0,0,0,0.0,14,0
2024-11-24,2024,48,Lima,Lima,Villa El Salvador,Costa,395000,Validacion retrospectiva,0.08,26.1,4.4,74.7,653,14,2.08,5,1,1,0,0.0,1.27,3,2,Verde,0,0,0,0.0,5,0
2024-11-24,2024,48,Loreto,Maynas,Belen,Selva,78000,Validacion retrospectiva,0.08,27.8,79.8,86.4,209,19,9.02,17,1,2,1,5.88,21.79,13,4,Rojo,1,1,0,0.0,17,0
2024-11-24,2024,48,Loreto,Maynas,Iquitos,Selva,165000,Validacion retrospectiva,0.08,27.5,77.2,86.8,352,32,8.98,13,1,2,0,0.0,7.88,17,4,Amarillo,0,0,0,0.0,13,0
2024-11-24,2024,48,Piura,Piura,Castilla,Costa,145000,Validacion retrospectiva,0.08,25.1,1.4,77.4,293,10,3.32,4,0,0,0,0.0,2.76,6,2,Verde,0,0,0,0.0,4,0
2024-11-24,2024,48,Piura,Piura,Catacaos,Costa,72000,Validacion retrospectiva,0.08,26.0,4.0,71.8,162,7,4.25,3,0,0,0,0.0,4.17,2,1,Verde,0,0,0,0.0,3,0
2024-11-24,2024,48,Piura,Piura,Piura,Costa,215000,Validacion retrospectiva,0.08,26.2,2.5,72.0,449,18,4.04,11,1,1,0,0.0,5.12,10,1,Verde,0,0,0,0.0,11,0
2024-11-24,2024,48,Piura,Sullana,Sullana,Costa,180000,Validacion retrospectiva,0.08,26.1,1.6,75.3,581,20,3.37,8,0,0,0,0.0,4.44,5,3,Verde,0,0,0,0.0,8,0
2024-11-24,2024,48,Ucayali,Coronel P.,Calleria,Selva,200000,Validacion retrospectiva,0.08,27.8,46.3,86.3,374,37,9.96,28,2,3,0,0.0,14.0,23,5,Amarillo,0,1,0,0.0,28,0
2024-11-24,2024,48,Ucayali,Coronel P.,Yarinacocha,Selva,105000,Validacion retrospectiva,0.08,27.3,72.2,86.2,435,46,10.69,12,0,1,0,0.0,11.43,12,0,Amarillo,0,0,0,0.0,12,0
2024-12-01,2024,49,La Libertad,Trujillo,El Porvenir,Costa,195000,Validacion retrospectiva,0.08,26.0,11.2,73.8,641,24,3.74,4,0,0,0,0.0,2.05,9,5,Verde,0,0,0,0.0,4,0
2024-12-01,2024,49,La Libertad,Trujillo,La Esperanza,Costa,190000,Validacion retrospectiva,0.08,26.4,7.1,74.3,413,13,3.26,9,0,0,0,0.0,4.74,7,2,Verde,0,0,0,0.0,9,0
2024-12-01,2024,49,La Libertad,Trujillo,Trujillo,Costa,320000,Validacion retrospectiva,0.08,24.7,4.9,76.8,1301,32,2.46,14,0,2,0,0.0,4.38,9,5,Verde,0,0,0,0.0,14,0
2024-12-01,2024,49,Lambayeque,Chiclayo,Chiclayo,Costa,290000,Validacion retrospectiva,0.08,26.4,6.5,76.3,587,25,4.17,10,0,0,0,0.0,3.45,10,0,Verde,0,0,0,0.0,10,0
2024-12-01,2024,49,Lambayeque,Chiclayo,Jose Leonardo Ortiz,Costa,195000,Validacion retrospectiva,0.08,26.6,13.8,79.2,514,20,3.94,11,0,1,0,0.0,5.64,8,3,Verde,0,0,0,0.0,11,0
2024-12-01,2024,49,Lima,Lima,Comas,Costa,525000,Validacion retrospectiva,0.08,26.2,0.6,75.0,1444,37,2.57,6,2,2,0,0.0,1.14,4,2,Verde,0,0,0,0.0,6,0
2024-12-01,2024,49,Lima,Lima,San Juan de Lurigancho,Costa,1120000,Validacion retrospectiva,0.08,25.2,0.0,74.4,3540,118,3.32,12,0,3,0,0.0,1.07,13,1,Verde,0,0,0,0.0,12,0
2024-12-01,2024,49,Lima,Lima,Villa El Salvador,Costa,395000,Validacion retrospectiva,0.08,26.4,5.4,76.2,706,18,2.57,6,1,1,0,0.0,1.52,4,2,Verde,0,0,0,0.0,6,0
2024-12-01,2024,49,Loreto,Maynas,Belen,Selva,78000,Validacion retrospectiva,0.08,27.0,70.0,88.6,199,19,9.57,12,0,1,0,0.0,15.38,10,2,Rojo,1,1,0,0.0,12,0
2024-12-01,2024,49,Loreto,Maynas,Iquitos,Selva,165000,Validacion retrospectiva,0.08,27.8,88.5,87.3,570,56,9.82,21,0,3,0,0.0,12.73,15,6,Amarillo,0,1,0,0.0,21,0
2024-12-01,2024,49,Piura,Piura,Castilla,Costa,145000,Validacion retrospectiva,0.08,25.5,14.4,78.9,353,11,3.11,7,1,2,0,0.0,4.83,5,2,Verde,0,0,0,0.0,7,0
2024-12-01,2024,49,Piura,Piura,Catacaos,Costa,72000,Validacion retrospectiva,0.08,25.6,6.9,75.0,227,10,4.22,3,0,0,0,0.0,4.17,4,1,Amarillo,0,0,0,0.0,3,0
2024-12-01,2024,49,Piura,Piura,Piura,Costa,215000,Validacion retrospectiva,0.08,24.9,13.5,75.0,509,19,3.72,11,1,1,0,0.0,5.12,8,3,Verde,0,0,0,0.0,11,0
2024-12-01,2024,49,Piura,Sullana,Sullana,Costa,180000,Validacion retrospectiva,0.08,24.9,0.9,76.0,478,17,3.54,8,0,0,0,0.0,4.44,8,0,Verde,0,0,0,0.0,8,0
2024-12-01,2024,49,Ucayali,Coronel P.,Calleria,Selva,200000,Validacion retrospectiva,0.08,26.8,52.8,85.9,484,47,9.68,24,2,2,1,4.17,12.0,24,0,Rojo,1,1,0,0.0,24,0
2024-12-01,2024,49,Ucayali,Coronel P.,Yarinacocha,Selva,105000,Validacion retrospectiva,0.08,27.8,52.2,87.9,254,28,10.87,20,0,1,0,0.0,19.05,15,5,Rojo,1,1,0,0.0,20,0
2024-12-08,2024,50,La Libertad,Trujillo,El Porvenir,Costa,195000,Validacion retrospectiva,0.08,26.3,11.8,75.1,563,25,4.49,8,0,2,0,0.0,4.1,7,1,Verde,0,0,0,0.0,8,0
2024-12-08,2024,50,La Libertad,Trujillo,La Esperanza,Costa,190000,Validacion retrospectiva,0.08,25.7,13.5,77.2,538,20,3.81,9,0,0,0,0.0,4.74,9,0,Verde,0,0,0,0.0,9,0
2024-12-08,2024,50,La Libertad,Trujillo,Trujillo,Costa,320000,Validacion retrospectiva,0.08,27.5,10.2,76.5,690,27,3.88,14,0,3,0,0.0,4.38,8,6,Verde,0,0,0,0.0,14,0
2024-12-08,2024,50,Lambayeque,Chiclayo,Chiclayo,Costa,290000,Validacion retrospectiva,0.08,26.4,0.0,74.8,559,29,5.12,10,0,0,0,0.0,3.45,15,5,Amarillo,0,0,0,0.0,10,0
2024-12-08,2024,50,Lambayeque,Chiclayo,Jose Leonardo Ortiz,Costa,195000,Validacion retrospectiva,0.08,26.6,7.2,78.0,534,24,4.42,8,0,0,0,0.0,4.1,8,0,Verde,0,0,0,0.0,8,0
2024-12-08,2024,50,Lima,Lima,Comas,Costa,525000,Validacion retrospectiva,0.08,27.0,13.1,74.1,1483,39,2.62,4,0,0,0,0.0,0.76,7,3,Verde,0,0,0,0.0,4,0
2024-12-08,2024,50,Lima,Lima,San Juan de Lurigancho,Costa,1120000,Validacion retrospectiva,0.08,26.8,15.3,75.6,4027,166,4.11,18,0,0,0,0.0,1.61,14,4,Verde,0,0,0,0.0,18,0
2024-12-08,2024,50,Lima,Lima,Villa El Salvador,Costa,395000,Validacion retrospectiva,0.08,27.1,8.0,77.6,736,29,3.89,4,0,0,0,0.0,1.01,4,0,Verde,0,0,0,0.0,4,0
2024-12-08,2024,50,Loreto,Maynas,Belen,Selva,78000,Validacion retrospectiva,0.08,26.9,58.4,86.0,142,16,11.06,8,0,0,0,0.0,10.26,13,5,Rojo,1,0,0,0.0,8,0
2024-12-08,2024,50,Loreto,Maynas,Iquitos,Selva,165000,Validacion retrospectiva,0.08,27.5,75.2,88.0,606,62,10.26,17,2,3,0,0.0,10.3,15,2,Amarillo,0,0,0,0.0,17,0
2024-12-08,2024,50,Piura,Piura,Castilla,Costa,145000,Validacion retrospectiva,0.08,26.5,14.6,76.6,309,12,4.04,6,0,1,0,0.0,4.14,9,3,Amarillo,0,0,0,0.0,6,0
2024-12-08,2024,50,Piura,Piura,Catacaos,Costa,72000,Validacion retrospectiva,0.08,27.7,7.8,74.5,123,6,5.07,7,1,2,0,0.0,9.72,3,4,Verde,0,0,0,0.0,7,0
2024-12-08,2024,50,Piura,Piura,Piura,Costa,215000,Validacion retrospectiva,0.08,26.9,8.5,78.6,558,27,4.89,16,0,0,0,0.0,7.44,11,5,Verde,0,0,0,0.0,16,0
2024-12-08,2024,50,Piura,Sullana,Sullana,Costa,180000,Validacion retrospectiva,0.08,27.3,8.5,77.4,404,18,4.52,11,0,1,0,0.0,6.11,10,1,Amarillo,0,0,0,0.0,11,0
2024-12-08,2024,50,Ucayali,Coronel P.,Calleria,Selva,200000,Validacion retrospectiva,0.08,26.9,72.2,87.4,481,50,10.45,20,0,2,0,0.0,10.0,28,8,Rojo,1,0,0,0.0,20,0
2024-12-08,2024,50,Ucayali,Coronel P.,Yarinacocha,Selva,105000,Validacion retrospectiva,0.08,28.4,56.7,88.6,130,14,10.92,12,0,1,0,0.0,11.43,15,3,Rojo,1,0,0,0.0,12,0
2024-12-15,2024,51,La Libertad,Trujillo,El Porvenir,Costa,195000,Validacion retrospectiva,0.08,26.6,13.5,74.5,698,33,4.78,8,0,0,0,0.0,4.1,13,5,Amarillo,0,0,0,0.0,8,0
2024-12-15,2024,51,La Libertad,Trujillo,La Esperanza,Costa,190000,Validacion retrospectiva,0.08,27.2,10.8,74.8,635,29,4.59,6,0,0,0,0.0,3.16,9,3,Verde,0,0,0,0.0,6,0
2024-12-15,2024,51,La Libertad,Trujillo,Trujillo,Costa,320000,Validacion retrospectiva,0.08,27.1,8.8,79.7,783,29,3.69,11,0,0,0,0.0,3.44,12,1,Verde,0,0,0,0.0,11,0
2024-12-15,2024,51,Lambayeque,Chiclayo,Chiclayo,Costa,290000,Validacion retrospectiva,0.08,25.5,6.1,74.6,935,45,4.86,16,0,0,0,0.0,5.52,18,2,Amarillo,0,0,0,0.0,16,0
2024-12-15,2024,51,Lambayeque,Chiclayo,Jose Leonardo Ortiz,Costa,195000,Validacion retrospectiva,0.08,27.5,10.4,77.8,280,12,4.19,14,0,0,0,0.0,7.18,11,3,Amarillo,0,0,0,0.0,14,0
2024-12-15,2024,51,Lima,Lima,Comas,Costa,525000,Validacion retrospectiva,0.08,26.9,10.5,78.9,1327,41,3.06,0,0,0,0,0.0,0.0,7,7,Verde,0,0,0,0.0,0,0
2024-12-15,2024,51,Lima,Lima,San Juan de Lurigancho,Costa,1120000,Validacion retrospectiva,0.08,28.1,4.1,76.9,2297,93,4.05,15,0,0,0,0.0,1.34,17,2,Verde,0,0,0,0.0,15,0
2024-12-15,2024,51,Lima,Lima,Villa El Salvador,Costa,395000,Validacion retrospectiva,0.08,26.8,10.2,79.5,1293,46,3.58,5,0,0,0,0.0,1.27,7,2,Verde,0,0,0,0.0,5,0
2024-12-15,2024,51,Loreto,Maynas,Belen,Selva,78000,Validacion retrospectiva,0.08,28.2,74.4,86.6,133,15,10.94,14,0,4,0,0.0,17.95,14,0,Rojo,1,1,0,0.0,14,0
2024-12-15,2024,51,Loreto,Maynas,Iquitos,Selva,165000,Validacion retrospectiva,0.08,27.7,72.9,88.9,299,34,11.31,15,1,1,0,0.0,9.09,19,4,Amarillo,0,0,0,0.0,15,0
2024-12-15,2024,51,Piura,Piura,Castilla,Costa,145000,Validacion retrospectiva,0.08,26.2,10.1,78.4,300,12,4.15,8,1,1,0,0.0,5.52,7,1,Verde,0,0,0,0.0,8,0
2024-12-15,2024,51,Piura,Piura,Catacaos,Costa,72000,Validacion retrospectiva,0.08,27.4,3.1,76.1,150,7,4.96,7,0,0,0,0.0,9.72,4,3,Amarillo,0,0,0,0.0,7,0
2024-12-15,2024,51,Piura,Piura,Piura,Costa,215000,Validacion retrospectiva,0.08,26.7,10.9,73.0,522,27,5.23,14,0,0,0,0.0,6.51,18,4,Amarillo,0,0,0,0.0,14,0
2024-12-15,2024,51,Piura,Sullana,Sullana,Costa,180000,Validacion retrospectiva,0.08,26.4,11.3,77.3,462,25,5.46,16,0,0,0,0.0,8.89,13,3,Amarillo,0,0,0,0.0,16,0
2024-12-15,2024,51,Ucayali,Coronel P.,Calleria,Selva,200000,Validacion retrospectiva,0.08,28.5,57.6,87.0,612,65,10.55,31,0,3,0,0.0,15.5,23,8,Amarillo,0,1,0,0.0,31,0
2024-12-15,2024,51,Ucayali,Coronel P.,Yarinacocha,Selva,105000,Validacion retrospectiva,0.08,27.8,88.0,88.0,309,34,11.06,13,1,1,0,0.0,12.38,15,2,Rojo,1,1,0,0.0,13,0
2024-12-22,2024,52,La Libertad,Trujillo,El Porvenir,Costa,195000,Validacion retrospectiva,0.08,28.1,15.0,78.1,679,30,4.37,10,0,0,0,0.0,5.13,15,5,Amarillo,0,0,0,0.0,10,0
2024-12-22,2024,52,La Libertad,Trujillo,La Esperanza,Costa,190000,Validacion retrospectiva,0.08,27.1,12.8,78.4,486,25,5.23,16,2,2,1,6.25,8.42,12,4,Amarillo,0,0,0,0.0,16,0
2024-12-22,2024,52,La Libertad,Trujillo,Trujillo,Costa,320000,Validacion retrospectiva,0.08,27.3,14.6,79.6,1393,68,4.92,21,1,2,0,0.0,6.56,12,9,Verde,0,0,0,0.0,21,0
2024-12-22,2024,52,Lambayeque,Chiclayo,Chiclayo,Costa,290000,Validacion retrospectiva,0.08,27.1,11.1,72.2,839,48,5.67,27,1,1,0,0.0,9.31,24,3,Amarillo,0,0,0,0.0,27,0
2024-12-22,2024,52,Lambayeque,Chiclayo,Jose Leonardo Ortiz,Costa,195000,Validacion retrospectiva,0.08,26.2,11.1,78.3,526,22,4.19,12,0,0,0,0.0,6.15,15,3,Amarillo,0,0,0,0.0,12,0
2024-12-22,2024,52,Lima,Lima,Comas,Costa,525000,Validacion retrospectiva,0.08,28.2,10.7,77.3,1359,53,3.86,9,0,2,0,0.0,1.71,4,5,Verde,0,0,0,0.0,9,0
2024-12-22,2024,52,Lima,Lima,San Juan de Lurigancho,Costa,1120000,Validacion retrospectiva,0.08,27.4,18.3,78.2,4888,176,3.61,18,0,1,0,0.0,1.61,22,4,Verde,0,0,0,0.0,18,0
2024-12-22,2024,52,Lima,Lima,Villa El Salvador,Costa,395000,Validacion retrospectiva,0.08,27.8,15.4,74.9,1189,51,4.25,6,0,0,0,0.0,1.52,7,1,Verde,0,0,0,0.0,6,0
2024-12-22,2024,52,Loreto,Maynas,Belen,Selva,78000,Validacion retrospectiva,0.08,27.7,84.2,89.8,166,16,9.74,13,1,1,0,0.0,16.67,17,4,Rojo,1,1,0,0.0,13,0
2024-12-22,2024,52,Loreto,Maynas,Iquitos,Selva,165000,Validacion retrospectiva,0.08,27.7,63.9,87.7,537,61,11.35,24,2,2,0,0.0,14.55,17,7,Amarillo,0,1,0,0.0,24,0
2024-12-22,2024,52,Piura,Piura,Castilla,Costa,145000,Validacion retrospectiva,0.08,27.6,11.3,77.0,407,20,5.01,11,2,3,0,0.0,7.59,14,3,Amarillo,0,0,0,0.0,11,0
2024-12-22,2024,52,Piura,Piura,Catacaos,Costa,72000,Validacion retrospectiva,0.08,27.1,13.3,73.8,125,7,5.47,4,0,0,0,0.0,5.56,9,5,Rojo,1,0,0,0.0,4,0
2024-12-22,2024,52,Piura,Piura,Piura,Costa,215000,Validacion retrospectiva,0.08,28.1,4.1,74.6,406,25,6.17,14,0,0,0,0.0,6.51,22,8,Amarillo,0,0,0,0.0,14,0
2024-12-22,2024,52,Piura,Sullana,Sullana,Costa,180000,Validacion retrospectiva,0.08,27.1,10.3,76.7,472,22,4.66,11,0,0,0,0.0,6.11,19,8,Amarillo,0,0,0,0.0,11,0
2024-12-22,2024,52,Ucayali,Coronel P.,Calleria,Selva,200000,Validacion retrospectiva,0.08,27.5,80.2,86.8,619,68,10.95,30,0,3,0,0.0,15.0,27,3,Rojo,1,1,0,0.0,30,0
2024-12-22,2024,52,Ucayali,Coronel P.,Yarinacocha,Selva,105000,Validacion retrospectiva,0.08,27.1,54.1,86.4,307,36,11.6,19,1,2,0,0.0,18.1,18,1,Rojo,1,1,0,0.0,19,0
2024-12-29,2025,1,La Libertad,Trujillo,El Porvenir,Costa,195000,Despliegue del modelo,0.13,28.0,15.5,77.6,323,16,5.01,14,0,1,0,0.0,7.18,20,6,Amarillo,0,0,0,0.0,18,4
2024-12-29,2025,1,La Libertad,Trujillo,La Esperanza,Costa,190000,Despliegue del modelo,0.13,27.3,10.0,76.6,466,20,4.3,17,0,1,0,0.0,8.95,15,2,Amarillo,0,0,0,0.0,15,0
2024-12-29,2025,1,La Libertad,Trujillo,Trujillo,Costa,320000,Despliegue del modelo,0.13,28.0,5.9,78.9,1066,64,6.04,25,3,3,0,0.0,7.81,27,2,Amarillo,0,0,0,0.0,26,1
2024-12-29,2025,1,Lambayeque,Chiclayo,Chiclayo,Costa,290000,Despliegue del modelo,0.13,28.5,17.4,76.2,819,47,5.69,31,0,2,0,0.0,10.69,24,7,Amarillo,0,0,0,0.0,25,0
2024-12-29,2025,1,Lambayeque,Chiclayo,Jose Leonardo Ortiz,Costa,195000,Despliegue del modelo,0.13,27.3,6.9,75.6,415,26,6.27,15,0,1,0,0.0,7.69,18,3,Amarillo,0,0,0,0.0,21,6
2024-12-29,2025,1,Lima,Lima,Comas,Costa,525000,Despliegue del modelo,0.13,28.0,12.5,78.7,1550,67,4.32,8,1,1,0,0.0,1.52,12,4,Verde,0,0,0,0.0,12,4
2024-12-29,2025,1,Lima,Lima,San Juan de Lurigancho,Costa,1120000,Despliegue del modelo,0.13,28.5,18.7,80.0,3315,158,4.76,42,1,2,0,0.0,3.75,25,17,Verde,0,0,0,0.0,29,0
2024-12-29,2025,1,Lima,Lima,Villa El Salvador,Costa,395000,Despliegue del modelo,0.13,28.2,10.5,78.9,1000,39,3.91,8,0,0,0,0.0,2.03,11,3,Verde,0,0,0,0.0,9,1
2024-12-29,2025,1,Loreto,Maynas,Belen,Selva,78000,Despliegue del modelo,0.13,28.0,80.3,89.8,481,51,10.53,22,0,2,0,0.0,28.21,17,5,Rojo,1,1,1,74.8,18,0
2024-12-29,2025,1,Loreto,Maynas,Iquitos,Selva,165000,Despliegue del modelo,0.13,27.7,74.5,87.6,1148,122,10.6,22,1,2,0,0.0,13.33,33,11,Rojo,1,1,1,68.9,26,4
2024-12-29,2025,1,Piura,Piura,Castilla,Costa,145000,Despliegue del modelo,0.13,28.6,8.9,74.1,461,24,5.25,6,0,0,0,0.0,4.14,13,7,Amarillo,0,0,0,0.0,16,10
2024-12-29,2025,1,Piura,Piura,Catacaos,Costa,72000,Despliegue del modelo,0.13,28.2,9.2,78.2,344,18,5.27,5,0,1,0,0.0,6.94,9,4,Rojo,1,0,1,50.2,9,4
2024-12-29,2025,1,Piura,Piura,Piura,Costa,215000,Despliegue del modelo,0.13,27.9,9.9,77.5,1809,97,5.35,23,1,2,0,0.0,10.7,26,3,Rojo,1,0,1,73.1,26,3
2024-12-29,2025,1,Piura,Sullana,Sullana,Costa,180000,Despliegue del modelo,0.13,28.9,16.8,76.9,1403,80,5.69,19,0,0,0,0.0,10.56,22,3,Rojo,1,0,1,86.3,21,2
2024-12-29,2025,1,Ucayali,Coronel P.,Calleria,Selva,200000,Despliegue del modelo,0.13,28.3,95.4,87.1,715,77,10.7,34,1,4,0,0.0,17.0,23,11,Amarillo,0,1,0,0.0,37,3
2024-12-29,2025,1,Ucayali,Coronel P.,Yarinacocha,Selva,105000,Despliegue del modelo,0.13,28.2,84.6,88.0,649,68,10.41,18,1,3,0,0.0,17.14,18,0,Rojo,1,1,1,64.0,21,3
2025-01-05,2025,2,La Libertad,Trujillo,El Porvenir,Costa,195000,Despliegue del modelo,0.14,26.8,6.3,81.2,746,38,5.08,24,2,2,0,0.0,12.31,23,1,Amarillo,0,1,0,0.0,23,0
2025-01-05,2025,2,La Libertad,Trujillo,La Esperanza,Costa,190000,Despliegue del modelo,0.14,28.0,13.7,74.2,436,22,5.02,16,1,2,0,0.0,8.42,15,1,Amarillo,0,0,0,0.0,18,2
2025-01-05,2025,2,La Libertad,Trujillo,Trujillo,Costa,320000,Despliegue del modelo,0.14,27.6,8.1,79.8,962,64,6.61,34,1,2,0,0.0,10.62,26,8,Amarillo,0,0,0,0.0,32,0
2025-01-05,2025,2,Lambayeque,Chiclayo,Chiclayo,Costa,290000,Despliegue del modelo,0.14,27.4,14.3,82.2,1003,50,5.0,28,2,4,0,0.0,9.66,34,6,Amarillo,0,0,0,0.0,29,1
2025-01-05,2025,2,Lambayeque,Chiclayo,Jose Leonardo Ortiz,Costa,195000,Despliegue del modelo,0.14,28.9,18.6,78.2,1351,81,6.01,22,1,2,0,0.0,11.28,25,3,Rojo,1,0,1,86.1,26,4
2025-01-05,2025,2,Lima,Lima,Comas,Costa,525000,Despliegue del modelo,0.14,27.3,18.5,79.2,2097,88,4.2,18,1,2,0,0.0,3.43,13,5,Verde,0,0,0,0.0,15,0
2025-01-05,2025,2,Lima,Lima,San Juan de Lurigancho,Costa,1120000,Despliegue del modelo,0.14,27.3,10.2,77.6,3052,159,5.22,28,0,0,0,0.0,2.5,46,18,Verde,0,0,0,0.0,36,8
2025-01-05,2025,2,Lima,Lima,Villa El Salvador,Costa,395000,Despliegue del modelo,0.14,28.6,13.4,79.9,777,35,4.56,10,2,2,0,0.0,2.53,12,2,Verde,0,0,0,0.0,11,1
2025-01-05,2025,2,Loreto,Maynas,Belen,Selva,78000,Despliegue del modelo,0.14,29.1,66.0,88.8,593,57,9.54,11,0,0,0,0.0,14.1,21,10,Rojo,1,1,1,65.1,20,9
2025-01-05,2025,2,Loreto,Maynas,Iquitos,Selva,165000,Despliegue del modelo,0.14,27.8,83.5,87.2,1042,96,9.2,26,1,1,0,0.0,15.76,27,1,Rojo,1,1,1,63.7,29,3
2025-01-05,2025,2,Piura,Piura,Castilla,Costa,145000,Despliegue del modelo,0.14,27.7,18.5,81.3,1098,56,5.07,18,0,2,0,0.0,12.41,21,3,Rojo,1,1,1,80.6,20,2
2025-01-05,2025,2,Piura,Piura,Catacaos,Costa,72000,Despliegue del modelo,0.14,29.0,13.9,80.4,618,24,3.96,7,0,0,0,0.0,9.72,15,8,Rojo,1,0,1,61.5,12,5
2025-01-05,2025,2,Piura,Piura,Piura,Costa,215000,Despliegue del modelo,0.14,28.9,9.1,79.2,1156,56,4.85,33,0,1,0,0.0,15.35,34,1,Rojo,1,1,1,66.4,33,0
2025-01-05,2025,2,Piura,Sullana,Sullana,Costa,180000,Despliegue del modelo,0.14,27.4,12.8,77.7,942,55,5.81,26,0,0,0,0.0,14.44,26,0,Rojo,1,1,1,61.6,26,0
2025-01-05,2025,2,Ucayali,Coronel P.,Calleria,Selva,200000,Despliegue del modelo,0.14,27.7,97.1,86.4,1212,115,9.46,40,0,1,0,0.0,20.0,41,1,Rojo,1,1,1,75.6,41,1
2025-01-05,2025,2,Ucayali,Coronel P.,Yarinacocha,Selva,105000,Despliegue del modelo,0.14,29.5,81.5,88.1,729,66,9.02,15,0,0,0,0.0,14.29,23,8,Rojo,1,1,1,75.4,23,8
2025-01-12,2025,3,La Libertad,Trujillo,El Porvenir,Costa,195000,Despliegue del modelo,0.14,27.8,15.3,78.3,496,29,5.95,19,1,1,0,0.0,9.74,21,2,Amarillo,0,0,0,0.0,28,9
2025-01-12,2025,3,La Libertad,Trujillo,La Esperanza,Costa,190000,Despliegue del modelo,0.14,27.2,6.6,78.5,1235,68,5.5,23,0,1,0,0.0,12.11,24,1,Rojo,1,1,1,73.4,22,0
2025-01-12,2025,3,La Libertad,Trujillo,Trujillo,Costa,320000,Despliegue del modelo,0.14,28.9,15.6,84.2,2303,136,5.92,30,0,2,0,0.0,9.38,39,9,Rojo,1,0,1,68.6,40,10
2025-01-12,2025,3,Lambayeque,Chiclayo,Chiclayo,Costa,290000,Despliegue del modelo,0.14,28.4,6.8,79.2,1806,95,5.25,33,2,2,0,0.0,11.38,36,3,Rojo,1,0,1,63.0,34,1
2025-01-12,2025,3,Lambayeque,Chiclayo,Jose Leonardo Ortiz,Costa,195000,Despliegue del modelo,0.14,27.8,10.0,77.5,1126,68,6.03,32,3,5,0,0.0,16.41,30,2,Rojo,1,1,1,89.4,30,0
2025-01-12,2025,3,Lima,Lima,Comas,Costa,525000,Despliegue del modelo,0.14,28.0,9.9,77.2,1197,71,5.9,16,1,1,0,0.0,3.05,19,3,Verde,0,0,0,0.0,18,2
2025-01-12,2025,3,Lima,Lima,San Juan de Lurigancho,Costa,1120000,Despliegue del modelo,0.14,27.5,16.9,77.3,2287,125,5.46,41,0,1,0,0.0,3.66,40,1,Verde,0,0,0,0.0,45,4
2025-01-12,2025,3,Lima,Lima,Villa El Salvador,Costa,395000,Despliegue del modelo,0.14,28.5,13.3,78.4,963,51,5.29,15,2,4,0,0.0,3.8,12,3,Verde,0,0,0,0.0,14,0
2025-01-12,2025,3,Loreto,Maynas,Belen,Selva,78000,Despliegue del modelo,0.14,28.7,93.0,89.7,379,33,8.72,9,0,0,0,0.0,11.54,20,11,Rojo,1,0,1,65.4,22,13
2025-01-12,2025,3,Loreto,Maynas,Iquitos,Selva,165000,Despliegue del modelo,0.14,27.1,88.3,90.3,1207,101,8.33,15,3,3,0,0.0,9.09,33,18,Rojo,1,0,1,68.2,32,17
2025-01-12,2025,3,Piura,Piura,Castilla,Costa,145000,Despliegue del modelo,0.14,29.8,14.1,79.8,996,59,5.92,26,0,5,0,0.0,17.93,23,3,Rojo,1,1,1,65.0,24,0
2025-01-12,2025,3,Piura,Piura,Catacaos,Costa,72000,Despliegue del modelo,0.14,27.8,19.0,75.6,614,23,3.78,5,0,0,0,0.0,6.94,15,10,Rojo,1,0,1,67.3,14,9
2025-01-12,2025,3,Piura,Piura,Piura,Costa,215000,Despliegue del modelo,0.14,28.4,11.6,77.1,1851,81,4.37,17,0,0,0,0.0,7.91,40,23,Rojo,1,0,1,70.9,41,24
2025-01-12,2025,3,Piura,Sullana,Sullana,Costa,180000,Despliegue del modelo,0.14,28.8,13.5,76.0,1195,55,4.57,17,0,0,0,0.0,9.44,33,16,Rojo,1,0,1,86.3,33,16
2025-01-12,2025,3,Ucayali,Coronel P.,Calleria,Selva,200000,Despliegue del modelo,0.14,28.1,83.2,89.8,1429,124,8.7,29,2,2,0,0.0,14.5,41,12,Rojo,1,1,1,69.8,45,16
2025-01-12,2025,3,Ucayali,Coronel P.,Yarinacocha,Selva,105000,Despliegue del modelo,0.14,27.4,103.6,88.4,968,80,8.21,15,1,1,1,6.67,14.29,23,8,Rojo,1,1,1,72.3,26,11
2025-01-19,2025,4,La Libertad,Trujillo,El Porvenir,Costa,195000,Despliegue del modelo,0.14,28.1,19.6,77.2,1188,82,6.93,21,1,3,0,0.0,10.77,35,14,Rojo,1,0,1,73.4,32,11
2025-01-19,2025,4,La Libertad,Trujillo,La Esperanza,Costa,190000,Despliegue del modelo,0.14,28.1,16.9,76.0,1566,71,4.5,21,0,0,0,0.0,11.05,25,4,Rojo,1,0,1,76.5,25,4
2025-01-19,2025,4,La Libertad,Trujillo,Trujillo,Costa,320000,Despliegue del modelo,0.14,29.1,7.7,79.1,1695,91,5.35,20,1,3,0,0.0,6.25,52,32,Rojo,1,0,1,56.3,45,25
2025-01-19,2025,4,Lambayeque,Chiclayo,Chiclayo,Costa,290000,Despliegue del modelo,0.14,28.8,14.7,79.6,2078,107,5.16,34,0,5,0,0.0,11.72,45,11,Rojo,1,0,1,83.5,40,6
2025-01-19,2025,4,Lambayeque,Chiclayo,Jose Leonardo Ortiz,Costa,195000,Despliegue del modelo,0.14,28.2,17.2,78.9,1403,68,4.86,19,1,1,0,0.0,9.74,35,16,Rojo,1,0,1,69.2,35,16
2025-01-19,2025,4,Lima,Lima,Comas,Costa,525000,Despliegue del modelo,0.14,29.0,12.7,77.9,884,58,6.53,17,0,1,0,0.0,3.24,21,4,Verde,0,0,0,0.0,21,4
2025-01-19,2025,4,Lima,Lima,San Juan de Lurigancho,Costa,1120000,Despliegue del modelo,0.14,27.6,15.7,76.5,3268,200,6.11,52,2,5,0,0.0,4.64,42,10,Verde,0,0,0,0.0,51,0
2025-01-19,2025,4,Lima,Lima,Villa El Salvador,Costa,395000,Despliegue del modelo,0.14,30.5,12.2,81.4,883,56,6.31,24,0,1,0,0.0,6.08,16,8,Verde,0,0,0,0.0,16,0
2025-01-19,2025,4,Loreto,Maynas,Belen,Selva,78000,Despliegue del modelo,0.14,27.5,78.7,86.2,474,41,8.67,18,2,3,0,0.0,23.08,26,8,Rojo,1,1,1,86.3,25,7
2025-01-19,2025,4,Loreto,Maynas,Iquitos,Selva,165000,Despliegue del modelo,0.14,29.1,74.1,86.4,1240,106,8.57,18,1,1,0,0.0,10.91,28,10,Rojo,1,0,1,87.2,33,15
2025-01-19,2025,4,Piura,Piura,Castilla,Costa,145000,Despliegue del modelo,0.14,29.4,13.0,82.4,1007,51,5.08,17,0,2,0,0.0,11.72,26,9,Rojo,1,0,1,77.1,29,12
2025-01-19,2025,4,Piura,Piura,Catacaos,Costa,72000,Despliegue del modelo,0.14,28.4,18.0,79.6,386,17,4.47,12,1,2,0,0.0,16.67,14,2,Rojo,1,1,1,69.5,17,5
2025-01-19,2025,4,Piura,Piura,Piura,Costa,215000,Despliegue del modelo,0.14,28.9,16.1,80.2,1252,58,4.66,29,0,0,0,0.0,13.49,37,8,Rojo,1,1,1,65.8,48,19
2025-01-19,2025,4,Piura,Sullana,Sullana,Costa,180000,Despliegue del modelo,0.14,28.3,11.6,77.7,1327,58,4.37,21,0,2,0,0.0,11.67,35,14,Rojo,1,0,1,64.5,38,17
2025-01-19,2025,4,Ucayali,Coronel P.,Calleria,Selva,200000,Despliegue del modelo,0.14,28.5,82.8,86.7,1194,102,8.56,29,0,2,0,0.0,14.5,55,26,Rojo,1,1,1,73.2,50,21
2025-01-19,2025,4,Ucayali,Coronel P.,Yarinacocha,Selva,105000,Despliegue del modelo,0.14,28.4,80.7,89.2,805,64,7.91,16,0,1,0,0.0,15.24,23,7,Rojo,1,1,1,70.6,27,11
2025-01-26,2025,5,La Libertad,Trujillo,El Porvenir,Costa,195000,Despliegue del modelo,0.15,28.3,10.9,80.9,1179,70,5.92,17,1,2,0,0.0,8.72,47,30,Rojo,1,0,1,68.5,37,20
2025-01-26,2025,5,La Libertad,Trujillo,La Esperanza,Costa,190000,Despliegue del modelo,0.15,29.3,19.0,77.6,1631,68,4.17,21,1,2,0,0.0,11.05,25,4,Rojo,1,0,1,70.2,28,7
2025-01-26,2025,5,La Libertad,Trujillo,Trujillo,Costa,320000,Despliegue del modelo,0.15,28.3,19.4,78.7,1873,93,4.97,36,2,4,0,0.0,11.25,51,15,Rojo,1,0,1,76.9,52,16
2025-01-26,2025,5,Lambayeque,Chiclayo,Chiclayo,Costa,290000,Despliegue del modelo,0.15,28.2,9.2,77.8,1371,69,5.01,32,0,1,0,0.0,11.03,54,22,Rojo,1,0,1,84.8,48,16
2025-01-26,2025,5,Lambayeque,Chiclayo,Jose Leonardo Ortiz,Costa,195000,Despliegue del modelo,0.15,28.4,14.3,77.2,1611,71,4.38,15,0,1,0,0.0,7.69,39,24,Rojo,1,0,1,71.7,38,23
2025-01-26,2025,5,Lima,Lima,Comas,Costa,525000,Despliegue del modelo,0.15,28.5,10.8,83.3,1978,137,6.91,26,0,1,0,0.0,4.95,26,0,Verde,0,0,0,0.0,23,0
2025-01-26,2025,5,Lima,Lima,San Juan de Lurigancho,Costa,1120000,Despliegue del modelo,0.15,28.3,13.7,76.7,3642,227,6.24,57,3,6,0,0.0,5.09,51,6,Verde,0,0,0,0.0,56,0
2025-01-26,2025,5,Lima,Lima,Villa El Salvador,Costa,395000,Despliegue del modelo,0.15,28.2,10.3,79.7,1077,63,5.84,15,0,0,0,0.0,3.8,21,6,Amarillo,0,0,0,0.0,18,3
2025-01-26,2025,5,Loreto,Maynas,Belen,Selva,78000,Despliegue del modelo,0.15,26.8,97.0,90.0,554,49,8.91,11,1,2,0,0.0,14.1,21,10,Rojo,1,1,1,77.5,27,16
2025-01-26,2025,5,Loreto,Maynas,Iquitos,Selva,165000,Despliegue del modelo,0.15,28.4,68.3,90.0,1260,103,8.19,23,1,2,0,0.0,13.94,23,0,Rojo,1,1,1,83.3,34,11
2025-01-26,2025,5,Piura,Piura,Castilla,Costa,145000,Despliegue del modelo,0.15,29.6,13.8,81.9,918,54,5.83,17,4,4,0,0.0,11.72,32,15,Rojo,1,0,1,52.3,34,17
2025-01-26,2025,5,Piura,Piura,Catacaos,Costa,72000,Despliegue del modelo,0.15,30.0,11.3,78.8,500,20,4.02,12,0,0,0,0.0,16.67,23,11,Rojo,1,1,1,84.7,19,7
2025-01-26,2025,5,Piura,Piura,Piura,Costa,215000,Despliegue del modelo,0.15,29.7,13.0,81.0,1230,64,5.18,39,0,3,0,0.0,18.14,47,8,Rojo,1,1,1,85.0,55,16
2025-01-26,2025,5,Piura,Sullana,Sullana,Costa,180000,Despliegue del modelo,0.15,27.7,10.8,79.4,1120,51,4.55,19,1,1,0,0.0,10.56,45,26,Rojo,1,0,1,76.4,44,25
2025-01-26,2025,5,Ucayali,Coronel P.,Calleria,Selva,200000,Despliegue del modelo,0.15,28.5,81.2,86.2,1525,125,8.19,28,1,2,0,0.0,14.0,51,23,Rojo,1,1,1,52.2,53,25
2025-01-26,2025,5,Ucayali,Coronel P.,Yarinacocha,Selva,105000,Despliegue del modelo,0.15,28.9,78.3,86.4,733,60,8.25,18,0,1,0,0.0,17.14,25,7,Rojo,1,1,1,85.3,29,11
2025-02-02,2025,6,La Libertad,Trujillo,El Porvenir,Costa,195000,Despliegue del modelo,0.15,27.8,8.7,82.5,1471,72,4.86,22,0,0,0,0.0,11.28,36,14,Rojo,1,0,1,51.9,39,17
2025-02-02,2025,6,La Libertad,Trujillo,La Esperanza,Costa,190000,Despliegue del modelo,0.15,28.1,14.2,79.2,1504,74,4.93,16,0,1,0,0.0,8.42,33,17,Rojo,1,0,1,79.4,31,15
2025-02-02,2025,6,La Libertad,Trujillo,Trujillo,Costa,320000,Despliegue del modelo,0.15,28.3,11.2,80.5,2521,130,5.16,28,0,3,0,0.0,8.75,56,28,Rojo,1,0,1,77.4,58,30
2025-02-02,2025,6,Lambayeque,Chiclayo,Chiclayo,Costa,290000,Despliegue del modelo,0.15,28.9,18.9,80.5,2263,112,4.94,41,2,2,0,0.0,14.14,69,28,Rojo,1,1,1,67.4,57,16
2025-02-02,2025,6,Lambayeque,Chiclayo,Jose Leonardo Ortiz,Costa,195000,Despliegue del modelo,0.15,28.5,16.3,78.9,1264,67,5.26,24,2,2,0,0.0,12.31,32,8,Rojo,1,1,1,74.9,43,19
2025-02-02,2025,6,Lima,Lima,Comas,Costa,525000,Despliegue del modelo,0.15,28.8,14.8,81.4,868,63,7.29,24,0,0,0,0.0,4.57,25,1,Verde,0,0,0,0.0,25,1
2025-02-02,2025,6,Lima,Lima,San Juan de Lurigancho,Costa,1120000,Despliegue del modelo,0.15,29.3,20.0,76.6,2825,173,6.13,42,0,3,0,0.0,3.75,62,20,Amarillo,0,0,0,0.0,58,16
2025-02-02,2025,6,Lima,Lima,Villa El Salvador,Costa,395000,Despliegue del modelo,0.15,29.7,15.8,75.9,794,59,7.4,18,2,3,0,0.0,4.56,19,1,Verde,0,0,0,0.0,20,2
2025-02-02,2025,6,Loreto,Maynas,Belen,Selva,78000,Despliegue del modelo,0.15,29.0,99.2,91.0,705,64,9.11,15,1,3,0,0.0,19.23,34,19,Rojo,1,1,1,80.7,28,13
2025-02-02,2025,6,Loreto,Maynas,Iquitos,Selva,165000,Despliegue del modelo,0.15,27.9,86.9,90.6,1479,125,8.45,23,1,1,0,0.0,13.94,35,12,Rojo,1,1,1,54.1,36,13
2025-02-02,2025,6,Piura,Piura,Castilla,Costa,145000,Despliegue del modelo,0.15,28.1,14.6,76.5,950,56,5.85,24,1,1,0,0.0,16.55,36,12,Rojo,1,1,1,72.8,39,15
2025-02-02,2025,6,Piura,Piura,Catacaos,Costa,72000,Despliegue del modelo,0.15,29.2,19.8,80.8,410,17,4.16,7,0,2,0,0.0,9.72,20,13,Rojo,1,0,1,68.0,21,14
2025-02-02,2025,6,Piura,Piura,Piura,Costa,215000,Despliegue del modelo,0.15,28.2,16.8,80.2,1566,78,5.0,36,1,2,0,0.0,16.74,72,36,Rojo,1,1,1,72.3,62,26
2025-02-02,2025,6,Piura,Sullana,Sullana,Costa,180000,Despliegue del modelo,0.15,29.6,10.3,77.3,1052,55,5.24,27,0,1,0,0.0,15.0,39,12,Rojo,1,1,1,67.5,49,22
2025-02-02,2025,6,Ucayali,Coronel P.,Calleria,Selva,200000,Despliegue del modelo,0.15,28.3,69.6,87.3,1411,130,9.25,41,1,3,0,0.0,20.5,42,1,Rojo,1,1,1,70.7,58,17
2025-02-02,2025,6,Ucayali,Coronel P.,Yarinacocha,Selva,105000,Despliegue del modelo,0.15,28.1,81.5,88.7,702,64,9.15,24,3,3,1,4.17,22.86,36,12,Rojo,1,1,1,56.5,31,7
2025-02-09,2025,7,La Libertad,Trujillo,El Porvenir,Costa,195000,Despliegue del modelo,0.15,28.1,17.8,81.6,1358,63,4.65,22,1,1,0,0.0,11.28,38,16,Rojo,1,0,1,96.0,42,20
2025-02-09,2025,7,La Libertad,Trujillo,La Esperanza,Costa,190000,Despliegue del modelo,0.15,28.9,14.9,80.2,1259,66,5.28,23,2,2,0,0.0,12.11,30,7,Rojo,1,1,1,82.0,34,11
2025-02-09,2025,7,La Libertad,Trujillo,Trujillo,Costa,320000,Despliegue del modelo,0.15,28.4,21.1,78.5,2536,132,5.19,36,2,4,0,0.0,11.25,67,31,Rojo,1,0,1,73.3,62,26
2025-02-09,2025,7,Lambayeque,Chiclayo,Chiclayo,Costa,290000,Despliegue del modelo,0.15,28.0,13.0,80.2,2325,116,4.98,26,0,0,0,0.0,8.97,54,28,Rojo,1,0,1,66.7,62,36
2025-02-09,2025,7,Lambayeque,Chiclayo,Jose Leonardo Ortiz,Costa,195000,Despliegue del modelo,0.15,28.6,16.0,82.3,1155,50,4.36,33,0,1,0,0.0,16.92,47,14,Rojo,1,1,1,79.2,47,14
2025-02-09,2025,7,Lima,Lima,Comas,Costa,525000,Despliegue del modelo,0.15,28.5,14.5,82.0,1330,101,7.56,26,0,0,0,0.0,4.95,34,8,Amarillo,0,0,0,0.0,27,1
2025-02-09,2025,7,Lima,Lima,San Juan de Lurigancho,Costa,1120000,Despliegue del modelo,0.15,29.0,15.0,81.1,2402,165,6.88,50,1,4,0,0.0,4.46,51,1,Verde,0,0,0,0.0,61,11
2025-02-09,2025,7,Lima,Lima,Villa El Salvador,Costa,395000,Despliegue del modelo,0.15,29.9,22.8,79.6,1325,102,7.73,30,1,3,0,0.0,7.59,20,10,Amarillo,0,0,0,0.0,22,0
2025-02-09,2025,7,Loreto,Maynas,Belen,Selva,78000,Despliegue del modelo,0.15,28.3,84.0,90.0,635,56,8.87,15,0,1,0,0.0,19.23,26,11,Rojo,1,1,1,86.4,28,13
2025-02-09,2025,7,Loreto,Maynas,Iquitos,Selva,165000,Despliegue del modelo,0.15,28.1,95.3,87.4,1121,91,8.13,20,0,0,0,0.0,12.12,36,16,Rojo,1,1,1,66.1,38,18
2025-02-09,2025,7,Piura,Piura,Castilla,Costa,145000,Despliegue del modelo,0.15,29.8,5.4,82.9,1094,66,5.99,25,1,1,0,0.0,17.24,43,18,Rojo,1,1,1,67.4,44,19
2025-02-09,2025,7,Piura,Piura,Catacaos,Costa,72000,Despliegue del modelo,0.15,27.8,9.9,78.5,439,24,5.41,15,0,2,0,0.0,20.83,16,1,Rojo,1,1,1,77.2,24,9
2025-02-09,2025,7,Piura,Piura,Piura,Costa,215000,Despliegue del modelo,0.15,29.6,2.5,79.4,1668,89,5.32,47,1,2,0,0.0,21.86,67,20,Rojo,1,1,1,70.4,70,23
2025-02-09,2025,7,Piura,Sullana,Sullana,Costa,180000,Despliegue del modelo,0.15,29.2,12.8,79.5,1303,66,5.04,25,0,2,0,0.0,13.89,58,33,Rojo,1,1,1,79.4,52,27
2025-02-09,2025,7,Ucayali,Coronel P.,Calleria,Selva,200000,Despliegue del modelo,0.15,28.4,83.7,89.9,1728,162,9.39,30,3,6,0,0.0,15.0,57,27,Rojo,1,1,1,80.4,61,31
2025-02-09,2025,7,Ucayali,Coronel P.,Yarinacocha,Selva,105000,Despliegue del modelo,0.15,28.7,82.1,88.1,813,70,8.58,13,0,0,0,0.0,12.38,40,27,Rojo,1,1,1,71.2,33,20
2025-02-16,2025,8,La Libertad,Trujillo,El Porvenir,Costa,195000,Despliegue del modelo,0.15,29.4,17.7,79.2,1445,86,5.99,28,2,2,0,0.0,14.36,40,12,Rojo,1,1,1,80.3,45,17
2025-02-16,2025,8,La Libertad,Trujillo,La Esperanza,Costa,190000,Despliegue del modelo,0.15,28.1,12.6,81.5,1328,71,5.38,24,0,1,0,0.0,12.63,37,13,Rojo,1,1,1,68.1,37,13
2025-02-16,2025,8,La Libertad,Trujillo,Trujillo,Costa,320000,Despliegue del modelo,0.15,28.9,19.6,82.6,2588,129,4.97,33,3,5,0,0.0,10.31,61,28,Rojo,1,0,1,56.0,65,32
2025-02-16,2025,8,Lambayeque,Chiclayo,Chiclayo,Costa,290000,Despliegue del modelo,0.15,27.4,12.6,78.8,2219,118,5.34,42,2,3,1,2.38,14.48,60,18,Rojo,1,1,1,70.8,67,25
2025-02-16,2025,8,Lambayeque,Chiclayo,Jose Leonardo Ortiz,Costa,195000,Despliegue del modelo,0.15,28.5,19.4,79.7,1374,73,5.29,25,0,0,0,0.0,12.82,47,22,Rojo,1,1,1,71.6,49,24
2025-02-16,2025,8,Lima,Lima,Comas,Costa,525000,Despliegue del modelo,0.15,27.4,19.0,77.8,1164,90,7.76,31,2,5,0,0.0,5.9,33,2,Amarillo,0,0,0,0.0,29,0
2025-02-16,2025,8,Lima,Lima,San Juan de Lurigancho,Costa,1120000,Despliegue del modelo,0.15,29.3,7.4,82.0,3076,202,6.56,68,2,2,0,0.0,6.07,65,3,Amarillo,0,0,0,0.0,65,0
2025-02-16,2025,8,Lima,Lima,Villa El Salvador,Costa,395000,Despliegue del modelo,0.15,28.7,16.3,80.8,1045,82,7.85,24,3,4,1,4.17,6.08,17,7,Verde,0,0,0,0.0,23,0
2025-02-16,2025,8,Loreto,Maynas,Belen,Selva,78000,Despliegue del modelo,0.15,28.8,78.5,87.7,345,33,9.48,14,0,3,0,0.0,17.95,33,19,Rojo,1,1,1,70.3,29,15
2025-02-16,2025,8,Loreto,Maynas,Iquitos,Selva,165000,Despliegue del modelo,0.15,27.9,91.1,87.6,1058,88,8.31,22,0,1,0,0.0,13.33,38,16,Rojo,1,1,1,82.9,39,17
2025-02-16,2025,8,Piura,Piura,Castilla,Costa,145000,Despliegue del modelo,0.15,29.1,21.5,77.7,1166,71,6.11,28,0,1,0,0.0,19.31,60,32,Rojo,1,1,1,74.0,47,19
2025-02-16,2025,8,Piura,Piura,Catacaos,Costa,72000,Despliegue del modelo,0.15,27.7,12.0,81.2,617,33,5.29,10,0,0,0,0.0,13.89,30,20,Rojo,1,1,1,64.6,26,16
2025-02-16,2025,8,Piura,Piura,Piura,Costa,215000,Despliegue del modelo,0.15,29.8,12.6,78.0,1303,64,4.94,42,1,4,0,0.0,19.53,79,37,Rojo,1,1,1,88.2,74,32
2025-02-16,2025,8,Piura,Sullana,Sullana,Costa,180000,Despliegue del modelo,0.15,29.0,12.8,78.4,1170,64,5.43,33,0,1,0,0.0,18.33,54,21,Rojo,1,1,1,63.5,56,23
2025-02-16,2025,8,Ucayali,Coronel P.,Calleria,Selva,200000,Despliegue del modelo,0.15,28.7,90.2,88.2,1501,139,9.27,39,2,6,1,2.56,19.5,62,23,Rojo,1,1,1,75.7,64,25
2025-02-16,2025,8,Ucayali,Coronel P.,Yarinacocha,Selva,105000,Despliegue del modelo,0.15,28.0,72.8,85.6,888,80,8.96,20,1,2,0,0.0,19.05,34,14,Rojo,1,1,1,88.8,34,14
2025-02-23,2025,9,La Libertad,Trujillo,El Porvenir,Costa,195000,Despliegue del modelo,0.15,28.6,21.9,80.3,1684,93,5.51,28,1,3,0,0.0,14.36,45,17,Rojo,1,1,1,73.9,48,20
2025-02-23,2025,9,La Libertad,Trujillo,La Esperanza,Costa,190000,Despliegue del modelo,0.15,28.1,11.2,80.0,1281,70,5.49,20,1,1,0,0.0,10.53,45,25,Rojo,1,0,1,79.6,40,20
2025-02-23,2025,9,La Libertad,Trujillo,Trujillo,Costa,320000,Despliegue del modelo,0.15,28.3,15.7,81.7,2383,105,4.4,37,0,2,0,0.0,11.56,75,38,Rojo,1,0,1,87.4,67,30
2025-02-23,2025,9,Lambayeque,Chiclayo,Chiclayo,Costa,290000,Despliegue del modelo,0.15,29.1,13.2,80.0,1920,99,5.18,42,0,0,0,0.0,14.48,60,18,Rojo,1,1,1,73.3,69,27
2025-02-23,2025,9,Lambayeque,Chiclayo,Jose Leonardo Ortiz,Costa,195000,Despliegue del modelo,0.15,28.8,13.6,80.2,1440,77,5.36,29,2,3,0,0.0,14.87,54,25,Rojo,1,1,1,69.1,53,24
2025-02-23,2025,9,Lima,Lima,Comas,Costa,525000,Despliegue del modelo,0.15,29.4,13.8,77.9,1489,129,8.64,24,0,2,0,0.0,4.57,31,7,Amarillo,0,0,0,0.0,31,7
2025-02-23,2025,9,Lima,Lima,San Juan de Lurigancho,Costa,1120000,Despliegue del modelo,0.15,27.7,12.5,78.5,3045,204,6.71,71,1,7,0,0.0,6.34,77,6,Amarillo,0,0,0,0.0,70,0
2025-02-23,2025,9,Lima,Lima,Villa El Salvador,Costa,395000,Despliegue del modelo,0.15,28.8,13.8,78.3,653,53,8.06,29,0,1,0,0.0,7.34,25,4,Amarillo,0,0,0,0.0,25,0
2025-02-23,2025,9,Loreto,Maynas,Belen,Selva,78000,Despliegue del modelo,0.15,27.7,84.1,88.0,544,50,9.24,22,1,2,0,0.0,28.21,28,6,Rojo,1,1,1,75.2,29,7
2025-02-23,2025,9,Loreto,Maynas,Iquitos,Selva,165000,Despliegue del modelo,0.15,28.7,83.3,85.3,1166,96,8.22,22,0,1,0,0.0,13.33,37,15,Rojo,1,1,1,69.7,41,19
2025-02-23,2025,9,Piura,Piura,Castilla,Costa,145000,Despliegue del modelo,0.15,30.2,20.7,79.3,946,62,6.52,21,0,2,0,0.0,14.48,51,30,Rojo,1,1,1,73.1,49,28
2025-02-23,2025,9,Piura,Piura,Catacaos,Costa,72000,Despliegue del modelo,0.15,27.4,16.3,78.0,581,32,5.54,15,1,2,0,0.0,20.83,25,10,Rojo,1,1,1,79.6,27,12
2025-02-23,2025,9,Piura,Piura,Piura,Costa,215000,Despliegue del modelo,0.15,28.2,15.3,77.9,1685,102,6.05,40,2,7,0,0.0,18.6,79,39,Rojo,1,1,1,70.2,79,39
2025-02-23,2025,9,Piura,Sullana,Sullana,Costa,180000,Despliegue del modelo,0.15,29.1,18.9,77.2,1043,56,5.36,37,2,3,0,0.0,20.56,53,16,Rojo,1,1,1,77.1,60,23
2025-02-23,2025,9,Ucayali,Coronel P.,Calleria,Selva,200000,Despliegue del modelo,0.15,28.2,82.3,83.3,1420,136,9.57,42,2,3,0,0.0,21.0,58,16,Rojo,1,1,1,76.1,65,23
2025-02-23,2025,9,Ucayali,Coronel P.,Yarinacocha,Selva,105000,Despliegue del modelo,0.15,29.1,95.3,89.2,731,65,8.87,22,0,1,0,0.0,20.95,31,9,Rojo,1,1,1,64.7,35,13
2025-03-02,2025,10,La Libertad,Trujillo,El Porvenir,Costa,195000,Despliegue del modelo,0.15,28.5,15.4,78.8,1094,62,5.68,22,0,1,0,0.0,11.28,61,39,Rojo,1,0,1,72.0,51,29
2025-03-02,2025,10,La Libertad,Trujillo,La Esperanza,Costa,190000,Despliegue del modelo,0.15,28.3,13.6,76.1,1210,65,5.36,25,0,0,0,0.0,13.16,52,27,Rojo,1,1,1,80.1,42,17
2025-03-02,2025,10,La Libertad,Trujillo,Trujillo,Costa,320000,Despliegue del modelo,0.15,28.2,4.2,78.0,2021,109,5.4,31,1,1,0,0.0,9.69,71,40,Rojo,1,0,1,71.7,68,37
2025-03-02,2025,10,Lambayeque,Chiclayo,Chiclayo,Costa,290000,Despliegue del modelo,0.15,28.1,17.0,77.0,2055,105,5.09,42,0,0,0,0.0,14.48,70,28,Rojo,1,1,1,66.6,69,27
2025-03-02,2025,10,Lambayeque,Chiclayo,Jose Leonardo Ortiz,Costa,195000,Despliegue del modelo,0.15,28.0,11.3,80.5,1492,82,5.47,38,0,3,0,0.0,19.49,60,22,Rojo,1,1,1,71.8,55,17
2025-03-02,2025,10,Lima,Lima,Comas,Costa,525000,Despliegue del modelo,0.15,28.7,11.0,78.3,1320,105,7.96,36,0,2,0,0.0,6.86,31,5,Amarillo,0,0,0,0.0,31,0
2025-03-02,2025,10,Lima,Lima,San Juan de Lurigancho,Costa,1120000,Despliegue del modelo,0.15,27.2,15.8,76.3,1769,115,6.51,88,3,5,0,0.0,7.86,93,5,Amarillo,0,0,0,0.0,77,0
2025-03-02,2025,10,Lima,Lima,Villa El Salvador,Costa,395000,Despliegue del modelo,0.15,28.3,18.2,79.9,1329,97,7.31,23,0,1,0,0.0,5.82,24,1,Amarillo,0,0,0,0.0,25,2
2025-03-02,2025,10,Loreto,Maynas,Belen,Selva,78000,Despliegue del modelo,0.15,28.7,90.0,93.0,563,54,9.64,18,0,0,0,0.0,23.08,22,4,Rojo,1,1,1,69.9,31,13
2025-03-02,2025,10,Loreto,Maynas,Iquitos,Selva,165000,Despliegue del modelo,0.15,28.4,97.5,88.4,1455,115,7.9,23,0,1,0,0.0,13.94,42,19,Rojo,1,1,1,74.3,41,18
2025-03-02,2025,10,Piura,Piura,Castilla,Costa,145000,Despliegue del modelo,0.15,29.5,6.7,76.0,933,55,5.87,20,1,2,0,0.0,13.79,47,27,Rojo,1,1,1,73.0,49,29
2025-03-02,2025,10,Piura,Piura,Catacaos,Costa,72000,Despliegue del modelo,0.15,28.7,12.5,78.9,513,31,5.97,16,2,4,0,0.0,22.22,30,14,Rojo,1,1,1,77.7,28,12
2025-03-02,2025,10,Piura,Piura,Piura,Costa,215000,Despliegue del modelo,0.15,26.8,12.0,78.7,1670,103,6.16,66,3,8,0,0.0,30.7,94,28,Rojo,1,1,1,74.7,83,17
2025-03-02,2025,10,Piura,Sullana,Sullana,Costa,180000,Despliegue del modelo,0.15,27.8,14.7,78.9,1225,68,5.55,26,0,1,0,0.0,14.44,61,35,Rojo,1,1,1,69.9,62,36
2025-03-02,2025,10,Ucayali,Coronel P.,Calleria,Selva,200000,Despliegue del modelo,0.15,27.8,77.6,91.2,1306,117,8.98,39,2,3,0,0.0,19.5,52,13,Rojo,1,1,1,79.9,66,27
2025-03-02,2025,10,Ucayali,Coronel P.,Yarinacocha,Selva,105000,Despliegue del modelo,0.15,28.1,92.3,88.5,689,61,8.84,17,2,2,0,0.0,16.19,33,16,Rojo,1,1,1,82.8,35,18
2025-03-09,2025,11,La Libertad,Trujillo,El Porvenir,Costa,195000,Despliegue del modelo,0.15,28.4,16.2,76.0,1366,83,6.05,32,0,3,0,0.0,16.41,43,11,Rojo,1,1,1,62.9,52,20
2025-03-09,2025,11,La Libertad,Trujillo,La Esperanza,Costa,190000,Despliegue del modelo,0.15,28.4,16.3,77.1,1457,88,6.03,34,2,4,0,0.0,17.89,43,9,Rojo,1,1,1,77.3,43,9
2025-03-09,2025,11,La Libertad,Trujillo,Trujillo,Costa,320000,Despliegue del modelo,0.15,27.2,10.9,77.9,1819,100,5.47,45,0,0,0,0.0,14.06,58,13,Rojo,1,1,1,75.2,70,25
2025-03-09,2025,11,Lambayeque,Chiclayo,Chiclayo,Costa,290000,Despliegue del modelo,0.15,26.7,12.9,77.3,1939,109,5.6,43,1,2,0,0.0,14.83,63,20,Rojo,1,1,1,73.5,71,28
2025-03-09,2025,11,Lambayeque,Chiclayo,Jose Leonardo Ortiz,Costa,195000,Despliegue del modelo,0.15,28.7,11.3,76.3,1132,67,5.92,32,1,2,0,0.0,16.41,47,15,Rojo,1,1,1,67.5,57,25
2025-03-09,2025,11,Lima,Lima,Comas,Costa,525000,Despliegue del modelo,0.15,27.6,16.8,77.1,1524,105,6.89,34,2,4,0,0.0,6.48,30,4,Amarillo,0,0,0,0.0,32,0
2025-03-09,2025,11,Lima,Lima,San Juan de Lurigancho,Costa,1120000,Despliegue del modelo,0.15,28.1,19.2,80.5,2360,165,7.01,79,5,10,1,1.27,7.05,83,4,Amarillo,0,0,0,0.0,79,0
2025-03-09,2025,11,Lima,Lima,Villa El Salvador,Costa,395000,Despliegue del modelo,0.15,28.4,13.9,81.7,794,59,7.39,28,0,3,0,0.0,7.09,24,4,Amarillo,0,0,0,0.0,25,0
2025-03-09,2025,11,Loreto,Maynas,Belen,Selva,78000,Despliegue del modelo,0.15,27.2,74.8,86.6,432,45,10.5,17,0,2,0,0.0,21.79,36,19,Rojo,1,1,1,86.4,32,15
2025-03-09,2025,11,Loreto,Maynas,Iquitos,Selva,165000,Despliegue del modelo,0.15,27.8,75.5,87.1,1227,108,8.84,24,0,2,0,0.0,14.55,41,17,Rojo,1,1,1,53.4,41,17
2025-03-09,2025,11,Piura,Piura,Castilla,Costa,145000,Despliegue del modelo,0.15,26.4,15.7,80.4,1020,58,5.73,30,1,3,0,0.0,20.69,47,17,Rojo,1,1,1,74.6,50,20
2025-03-09,2025,11,Piura,Piura,Catacaos,Costa,72000,Despliegue del modelo,0.15,27.2,12.4,80.1,508,25,5.01,17,1,1,0,0.0,23.61,23,6,Rojo,1,1,1,83.4,27,10
2025-03-09,2025,11,Piura,Piura,Piura,Costa,215000,Despliegue del modelo,0.15,29.3,9.1,79.5,1699,102,5.98,45,0,1,0,0.0,20.93,95,50,Rojo,1,1,1,73.6,82,37
2025-03-09,2025,11,Piura,Sullana,Sullana,Costa,180000,Despliegue del modelo,0.15,28.7,15.7,77.8,1233,64,5.17,39,2,3,0,0.0,21.67,59,20,Rojo,1,1,1,76.8,65,26
2025-03-09,2025,11,Ucayali,Coronel P.,Calleria,Selva,200000,Despliegue del modelo,0.15,27.9,79.5,88.0,1482,138,9.31,39,4,6,0,0.0,19.5,61,22,Rojo,1,1,1,66.2,65,26
2025-03-09,2025,11,Ucayali,Coronel P.,Yarinacocha,Selva,105000,Despliegue del modelo,0.15,27.9,110.5,88.7,796,75,9.47,20,1,1,0,0.0,19.05,30,10,Rojo,1,1,1,71.1,36,16
2025-03-16,2025,12,La Libertad,Trujillo,El Porvenir,Costa,195000,Despliegue del modelo,0.14,27.9,18.4,75.9,1247,69,5.5,32,1,3,0,0.0,16.41,44,12,Rojo,1,1,1,85.8,53,21
2025-03-16,2025,12,La Libertad,Trujillo,La Esperanza,Costa,190000,Despliegue del modelo,0.14,27.3,8.4,78.4,859,50,5.83,25,0,1,0,0.0,13.16,47,22,Rojo,1,1,1,80.4,43,18
2025-03-16,2025,12,La Libertad,Trujillo,Trujillo,Costa,320000,Despliegue del modelo,0.14,27.3,9.2,76.8,1844,109,5.89,41,2,4,0,0.0,12.81,71,30,Rojo,1,1,1,81.1,71,30
2025-03-16,2025,12,Lambayeque,Chiclayo,Chiclayo,Costa,290000,Despliegue del modelo,0.14,27.3,13.4,78.8,2036,100,4.89,48,0,4,0,0.0,16.55,70,22,Rojo,1,1,1,69.8,70,22
2025-03-16,2025,12,Lambayeque,Chiclayo,Jose Leonardo Ortiz,Costa,195000,Despliegue del modelo,0.14,28.0,14.3,76.3,1080,64,5.92,26,0,1,0,0.0,13.33,53,27,Rojo,1,1,1,68.6,58,32
2025-03-16,2025,12,Lima,Lima,Comas,Costa,525000,Despliegue del modelo,0.14,28.6,12.5,81.1,1381,100,7.22,34,1,1,0,0.0,6.48,32,2,Amarillo,0,0,0,0.0,31,0
2025-03-16,2025,12,Lima,Lima,San Juan de Lurigancho,Costa,1120000,Despliegue del modelo,0.14,27.7,11.7,77.9,2811,208,7.4,69,3,6,0,0.0,6.16,58,11,Amarillo,0,0,0,0.0,76,7
2025-03-16,2025,12,Lima,Lima,Villa El Salvador,Costa,395000,Despliegue del modelo,0.14,27.5,14.4,76.5,988,80,8.1,30,0,1,0,0.0,7.59,28,2,Amarillo,0,0,0,0.0,25,0
2025-03-16,2025,12,Loreto,Maynas,Belen,Selva,78000,Despliegue del modelo,0.14,27.4,73.9,86.8,562,56,9.96,15,1,2,0,0.0,19.23,30,15,Rojo,1,1,1,80.2,32,17
2025-03-16,2025,12,Loreto,Maynas,Iquitos,Selva,165000,Despliegue del modelo,0.14,28.1,81.9,87.0,1242,112,9.02,28,2,3,0,0.0,16.97,40,12,Rojo,1,1,1,82.3,41,13
2025-03-16,2025,12,Piura,Piura,Castilla,Costa,145000,Despliegue del modelo,0.14,27.7,8.7,76.4,915,52,5.66,29,1,1,0,0.0,20.0,56,27,Rojo,1,1,1,78.9,51,22
2025-03-16,2025,12,Piura,Piura,Catacaos,Costa,72000,Despliegue del modelo,0.14,27.3,8.7,80.7,550,29,5.34,10,0,1,0,0.0,13.89,19,9,Rojo,1,1,1,69.0,26,16
2025-03-16,2025,12,Piura,Piura,Piura,Costa,215000,Despliegue del modelo,0.14,27.2,14.7,78.2,1777,108,6.07,45,0,2,0,0.0,20.93,81,36,Rojo,1,1,1,65.3,79,34
2025-03-16,2025,12,Piura,Sullana,Sullana,Costa,180000,Despliegue del modelo,0.14,27.4,15.2,76.7,1336,63,4.73,26,1,2,0,0.0,14.44,62,36,Rojo,1,1,1,65.9,64,38
2025-03-16,2025,12,Ucayali,Coronel P.,Calleria,Selva,200000,Despliegue del modelo,0.14,27.5,76.4,89.1,1490,139,9.31,38,4,5,0,0.0,19.0,56,18,Rojo,1,1,1,78.1,66,28
2025-03-16,2025,12,Ucayali,Coronel P.,Yarinacocha,Selva,105000,Despliegue del modelo,0.14,28.9,75.5,87.4,744,69,9.29,25,1,1,0,0.0,23.81,30,5,Rojo,1,1,1,64.2,35,10
2025-03-23,2025,13,La Libertad,Trujillo,El Porvenir,Costa,195000,Despliegue del modelo,0.14,26.3,11.0,77.9,1774,95,5.38,26,2,2,0,0.0,13.33,61,35,Rojo,1,1,1,82.2,53,27
2025-03-23,2025,13,La Libertad,Trujillo,La Esperanza,Costa,190000,Despliegue del modelo,0.14,27.5,7.0,76.0,1544,93,6.04,20,1,1,1,5.0,10.53,50,30,Rojo,1,0,1,67.5,42,22
2025-03-23,2025,13,La Libertad,Trujillo,Trujillo,Costa,320000,Despliegue del modelo,0.14,28.3,10.1,81.6,2209,114,5.14,43,0,0,0,0.0,13.44,86,43,Rojo,1,1,1,80.2,69,26
2025-03-23,2025,13,Lambayeque,Chiclayo,Chiclayo,Costa,290000,Despliegue del modelo,0.14,27.8,11.0,75.2,2448,125,5.1,44,2,4,0,0.0,15.17,67,23,Rojo,1,1,1,70.6,67,23
2025-03-23,2025,13,Lambayeque,Chiclayo,Jose Leonardo Ortiz,Costa,195000,Despliegue del modelo,0.14,26.6,12.8,77.9,1687,94,5.58,33,1,2,0,0.0,16.92,54,21,Rojo,1,1,1,71.7,57,24
2025-03-23,2025,13,Lima,Lima,Comas,Costa,525000,Despliegue del modelo,0.14,27.9,12.0,72.9,1774,123,6.96,31,0,0,0,0.0,5.9,37,6,Amarillo,0,0,0,0.0,30,0
2025-03-23,2025,13,Lima,Lima,San Juan de Lurigancho,Costa,1120000,Despliegue del modelo,0.14,28.1,15.2,78.1,3407,273,8.01,82,4,6,0,0.0,7.32,71,11,Amarillo,0,0,0,0.0,74,0
2025-03-23,2025,13,Lima,Lima,Villa El Salvador,Costa,395000,Despliegue del modelo,0.14,26.9,12.5,78.0,1142,88,7.69,29,0,0,0,0.0,7.34,25,4,Amarillo,0,0,0,0.0,24,0
2025-03-23,2025,13,Loreto,Maynas,Belen,Selva,78000,Despliegue del modelo,0.14,26.7,60.4,87.3,590,56,9.57,20,0,2,0,0.0,25.64,38,18,Rojo,1,1,1,80.1,31,11
2025-03-23,2025,13,Loreto,Maynas,Iquitos,Selva,165000,Despliegue del modelo,0.14,27.1,91.0,84.1,1231,106,8.63,21,2,4,0,0.0,12.73,42,21,Rojo,1,1,1,66.9,41,20
2025-03-23,2025,13,Piura,Piura,Castilla,Costa,145000,Despliegue del modelo,0.14,27.7,18.0,78.8,1137,61,5.37,26,3,3,0,0.0,17.93,46,20,Rojo,1,1,1,75.1,49,23
2025-03-23,2025,13,Piura,Piura,Catacaos,Costa,72000,Despliegue del modelo,0.14,27.4,8.8,79.3,487,24,4.98,11,0,0,0,0.0,15.28,20,9,Rojo,1,1,1,96.0,25,14
2025-03-23,2025,13,Piura,Piura,Piura,Costa,215000,Despliegue del modelo,0.14,27.2,4.7,79.2,1497,75,4.98,23,0,0,0,0.0,10.7,79,56,Rojo,1,0,1,45.0,77,54
2025-03-23,2025,13,Piura,Sullana,Sullana,Costa,180000,Despliegue del modelo,0.14,26.6,4.5,78.7,1435,81,5.65,32,2,3,1,3.12,17.78,67,35,Rojo,1,1,1,71.0,63,31
2025-03-23,2025,13,Ucayali,Coronel P.,Calleria,Selva,200000,Despliegue del modelo,0.14,28.6,88.3,88.1,1156,105,9.08,49,1,4,0,0.0,24.5,54,5,Rojo,1,1,1,66.0,65,16
2025-03-23,2025,13,Ucayali,Coronel P.,Yarinacocha,Selva,105000,Despliegue del modelo,0.14,28.5,67.7,87.6,765,71,9.27,21,1,3,0,0.0,20.0,39,18,Rojo,1,1,1,82.6,35,14
2025-03-30,2025,14,La Libertad,Trujillo,El Porvenir,Costa,195000,Despliegue del modelo,0.14,27.1,11.9,77.5,1184,62,5.25,27,2,3,0,0.0,13.85,41,14,Rojo,1,1,1,68.3,51,24
2025-03-30,2025,14,La Libertad,Trujillo,La Esperanza,Costa,190000,Despliegue del modelo,0.14,27.1,15.3,74.0,1379,76,5.53,18,2,5,0,0.0,9.47,41,23,Rojo,1,0,1,78.5,40,22
2025-03-30,2025,14,La Libertad,Trujillo,Trujillo,Costa,320000,Despliegue del modelo,0.14,26.1,10.4,80.3,1839,94,5.12,31,0,2,0,0.0,9.69,55,24,Rojo,1,0,1,59.8,64,33
2025-03-30,2025,14,Lambayeque,Chiclayo,Chiclayo,Costa,290000,Despliegue del modelo,0.14,27.3,2.9,74.2,2324,102,4.37,43,2,6,0,0.0,14.83,62,19,Rojo,1,1,1,81.6,65,22
2025-03-30,2025,14,Lambayeque,Chiclayo,Jose Leonardo Ortiz,Costa,195000,Despliegue del modelo,0.14,25.8,10.6,75.5,1607,77,4.81,32,1,3,0,0.0,16.41,61,29,Rojo,1,1,1,89.5,55,23
2025-03-30,2025,14,Lima,Lima,Comas,Costa,525000,Despliegue del modelo,0.14,26.5,11.9,76.4,912,65,7.09,29,1,1,0,0.0,5.52,35,6,Amarillo,0,0,0,0.0,31,2
2025-03-30,2025,14,Lima,Lima,San Juan de Lurigancho,Costa,1120000,Despliegue del modelo,0.14,26.8,11.0,78.4,2675,190,7.1,68,1,4,1,1.47,6.07,71,3,Amarillo,0,0,0,0.0,69,1
2025-03-30,2025,14,Lima,Lima,Villa El Salvador,Costa,395000,Despliegue del modelo,0.14,26.6,19.7,76.7,1177,87,7.41,25,2,2,0,0.0,6.33,24,1,Amarillo,0,0,0,0.0,23,0
2025-03-30,2025,14,Loreto,Maynas,Belen,Selva,78000,Despliegue del modelo,0.14,27.5,56.5,88.9,663,60,9.1,17,1,2,0,0.0,21.79,34,17,Rojo,1,1,1,83.2,30,13
2025-03-30,2025,14,Loreto,Maynas,Iquitos,Selva,165000,Despliegue del modelo,0.14,28.1,82.7,87.2,981,88,9.01,18,2,2,0,0.0,10.91,50,32,Rojo,1,0,1,63.0,41,23
2025-03-30,2025,14,Piura,Piura,Castilla,Costa,145000,Despliegue del modelo,0.14,26.8,4.1,76.1,996,54,5.47,21,1,2,0,0.0,14.48,44,23,Rojo,1,1,1,73.1,46,25
2025-03-30,2025,14,Piura,Piura,Catacaos,Costa,72000,Despliegue del modelo,0.14,27.1,8.9,71.8,546,27,4.86,11,2,3,0,0.0,15.28,21,10,Rojo,1,1,1,74.4,24,13
2025-03-30,2025,14,Piura,Piura,Piura,Costa,215000,Despliegue del modelo,0.14,25.7,8.1,75.8,1881,92,4.9,38,1,2,0,0.0,17.67,52,14,Rojo,1,1,1,77.8,72,34
2025-03-30,2025,14,Piura,Sullana,Sullana,Costa,180000,Despliegue del modelo,0.14,26.6,8.5,74.1,1074,58,5.35,30,0,2,0,0.0,16.67,58,28,Rojo,1,1,1,77.7,60,30
2025-03-30,2025,14,Ucayali,Coronel P.,Calleria,Selva,200000,Despliegue del modelo,0.14,27.8,73.1,85.8,1721,147,8.57,36,1,5,0,0.0,18.0,48,12,Rojo,1,1,1,63.2,63,27
2025-03-30,2025,14,Ucayali,Coronel P.,Yarinacocha,Selva,105000,Despliegue del modelo,0.14,27.2,86.5,89.4,875,81,9.2,24,2,4,0,0.0,22.86,34,10,Rojo,1,1,1,72.8,36,12
2025-04-06,2025,15,La Libertad,Trujillo,El Porvenir,Costa,195000,Despliegue del modelo,0.13,27.3,19.0,77.6,1604,87,5.41,28,1,1,0,0.0,14.36,39,11,Rojo,1,1,1,87.2,47,19
2025-04-06,2025,15,La Libertad,Trujillo,La Esperanza,Costa,190000,Despliegue del modelo,0.13,26.6,9.1,76.6,1331,67,5.04,28,0,0,0,0.0,14.74,35,7,Rojo,1,1,1,78.4,38,10
2025-04-06,2025,15,La Libertad,Trujillo,Trujillo,Costa,320000,Despliegue del modelo,0.13,26.6,10.6,73.0,2291,117,5.1,32,1,3,0,0.0,10.0,59,27,Rojo,1,0,1,77.9,61,29
2025-04-06,2025,15,Lambayeque,Chiclayo,Chiclayo,Costa,290000,Despliegue del modelo,0.13,26.7,15.8,75.3,1751,77,4.37,28,1,3,0,0.0,9.66,53,25,Rojo,1,0,1,67.7,61,33
2025-04-06,2025,15,Lambayeque,Chiclayo,Jose Leonardo Ortiz,Costa,195000,Despliegue del modelo,0.13,25.9,14.0,78.2,1726,78,4.52,32,0,1,0,0.0,16.41,52,20,Rojo,1,1,1,71.8,51,19
2025-04-06,2025,15,Lima,Lima,Comas,Costa,525000,Despliegue del modelo,0.13,26.2,5.8,77.4,1874,151,8.05,28,1,1,0,0.0,5.33,37,9,Amarillo,0,0,0,0.0,29,1
2025-04-06,2025,15,Lima,Lima,San Juan de Lurigancho,Costa,1120000,Despliegue del modelo,0.13,26.5,18.9,75.3,2607,167,6.4,70,2,3,1,1.43,6.25,55,15,Verde,0,0,0,0.0,67,0
2025-04-06,2025,15,Lima,Lima,Villa El Salvador,Costa,395000,Despliegue del modelo,0.13,26.2,15.1,73.3,896,64,7.11,19,0,1,0,0.0,4.81,20,1,Amarillo,0,0,0,0.0,22,3
2025-04-06,2025,15,Loreto,Maynas,Belen,Selva,78000,Despliegue del modelo,0.13,27.9,61.9,83.5,684,62,9.12,21,0,1,0,0.0,26.92,22,1,Rojo,1,1,1,80.0,29,8
2025-04-06,2025,15,Loreto,Maynas,Iquitos,Selva,165000,Despliegue del modelo,0.13,26.6,61.3,87.6,1159,104,8.99,18,1,2,0,0.0,10.91,48,30,Rojo,1,0,1,66.1,40,22
2025-04-06,2025,15,Piura,Piura,Castilla,Costa,145000,Despliegue del modelo,0.13,26.9,9.8,76.2,1144,57,5.01,26,2,4,0,0.0,17.93,38,12,Rojo,1,1,1,76.1,42,16
2025-04-06,2025,15,Piura,Piura,Catacaos,Costa,72000,Despliegue del modelo,0.13,26.7,15.4,75.5,491,27,5.4,8,0,0,0,0.0,11.11,19,11,Rojo,1,0,1,71.2,24,16
2025-04-06,2025,15,Piura,Piura,Piura,Costa,215000,Despliegue del modelo,0.13,27.3,3.1,75.0,1811,97,5.33,46,1,4,0,0.0,21.4,68,22,Rojo,1,1,1,69.6,68,22
2025-04-06,2025,15,Piura,Sullana,Sullana,Costa,180000,Despliegue del modelo,0.13,27.1,10.0,77.6,1416,67,4.76,25,0,1,0,0.0,13.89,60,35,Rojo,1,1,1,80.1,56,31
2025-04-06,2025,15,Ucayali,Coronel P.,Calleria,Selva,200000,Despliegue del modelo,0.13,27.6,59.6,82.7,1142,98,8.57,35,5,6,0,0.0,17.5,74,39,Rojo,1,1,1,69.3,63,28
2025-04-06,2025,15,Ucayali,Coronel P.,Yarinacocha,Selva,105000,Despliegue del modelo,0.13,26.4,76.6,90.0,539,51,9.41,29,1,2,0,0.0,27.62,32,3,Rojo,1,1,1,61.3,35,6
2025-04-13,2025,16,La Libertad,Trujillo,El Porvenir,Costa,195000,Despliegue del modelo,0.13,26.6,5.9,78.0,1352,72,5.35,21,2,3,0,0.0,10.77,46,25,Rojo,1,0,1,81.8,43,22
2025-04-13,2025,16,La Libertad,Trujillo,La Esperanza,Costa,190000,Despliegue del modelo,0.13,26.6,5.5,74.7,1386,70,5.03,20,0,1,0,0.0,10.53,41,21,Rojo,1,0,1,78.0,35,15
2025-04-13,2025,16,La Libertad,Trujillo,Trujillo,Costa,320000,Despliegue del modelo,0.13,24.4,6.7,76.6,2404,116,4.84,31,0,1,0,0.0,9.69,57,26,Rojo,1,0,1,86.6,56,25
2025-04-13,2025,16,Lambayeque,Chiclayo,Chiclayo,Costa,290000,Despliegue del modelo,0.13,27.3,15.6,72.6,2041,82,4.04,35,0,2,0,0.0,12.07,56,21,Rojo,1,1,1,72.9,57,22
2025-04-13,2025,16,Lambayeque,Chiclayo,Jose Leonardo Ortiz,Costa,195000,Despliegue del modelo,0.13,26.3,11.0,74.8,1434,67,4.67,26,2,2,0,0.0,13.33,53,27,Rojo,1,1,1,80.6,45,19
2025-04-13,2025,16,Lima,Lima,Comas,Costa,525000,Despliegue del modelo,0.13,27.4,14.7,75.1,1204,79,6.54,31,0,1,0,0.0,5.9,29,2,Amarillo,0,0,0,0.0,27,0
2025-04-13,2025,16,Lima,Lima,San Juan de Lurigancho,Costa,1120000,Despliegue del modelo,0.13,26.3,10.3,74.3,2154,154,7.14,67,2,4,0,0.0,5.98,49,18,Verde,0,0,0,0.0,65,0
2025-04-13,2025,16,Lima,Lima,Villa El Salvador,Costa,395000,Despliegue del modelo,0.13,26.9,1.9,73.0,986,70,7.14,17,1,1,0,0.0,4.3,19,2,Verde,0,0,0,0.0,20,3
2025-04-13,2025,16,Loreto,Maynas,Belen,Selva,78000,Despliegue del modelo,0.13,28.0,67.0,85.8,491,41,8.27,13,0,1,0,0.0,16.67,31,18,Rojo,1,1,1,65.1,27,14
2025-04-13,2025,16,Loreto,Maynas,Iquitos,Selva,165000,Despliegue del modelo,0.13,27.8,71.0,84.0,1225,98,8.02,24,0,1,0,0.0,14.55,38,14,Rojo,1,1,1,91.4,38,14
2025-04-13,2025,16,Piura,Piura,Castilla,Costa,145000,Despliegue del modelo,0.13,25.2,6.5,75.0,850,40,4.73,29,1,2,0,0.0,20.0,37,8,Rojo,1,1,1,78.9,38,9
2025-04-13,2025,16,Piura,Piura,Catacaos,Costa,72000,Despliegue del modelo,0.13,26.6,14.9,76.4,610,32,5.21,8,0,1,0,0.0,11.11,23,15,Rojo,1,0,1,79.1,22,14
2025-04-13,2025,16,Piura,Piura,Piura,Costa,215000,Despliegue del modelo,0.13,25.5,4.9,79.7,2005,96,4.81,50,3,4,1,2.0,23.26,55,5,Rojo,1,1,1,76.6,64,14
2025-04-13,2025,16,Piura,Sullana,Sullana,Costa,180000,Despliegue del modelo,0.13,25.8,6.0,75.7,1456,66,4.53,27,1,2,1,3.7,15.0,59,32,Rojo,1,1,1,79.9,51,24
2025-04-13,2025,16,Ucayali,Coronel P.,Calleria,Selva,200000,Despliegue del modelo,0.13,27.7,57.0,85.3,1485,126,8.46,31,2,4,0,0.0,15.5,59,28,Rojo,1,1,1,65.8,61,30
2025-04-13,2025,16,Ucayali,Coronel P.,Yarinacocha,Selva,105000,Despliegue del modelo,0.13,27.6,80.7,85.5,801,76,9.44,18,1,4,0,0.0,17.14,31,13,Rojo,1,1,1,74.7,35,17
2025-04-20,2025,17,La Libertad,Trujillo,El Porvenir,Costa,195000,Despliegue del modelo,0.12,25.3,11.1,76.4,1338,62,4.61,25,0,0,0,0.0,12.82,38,13,Rojo,1,1,1,47.5,40,15
2025-04-20,2025,17,La Libertad,Trujillo,La Esperanza,Costa,190000,Despliegue del modelo,0.12,24.9,1.0,70.1,1250,54,4.36,15,1,2,0,0.0,7.89,33,18,Rojo,1,0,1,61.3,32,17
2025-04-20,2025,17,La Libertad,Trujillo,Trujillo,Costa,320000,Despliegue del modelo,0.12,26.2,6.3,73.6,2161,81,3.74,37,1,1,0,0.0,11.56,53,16,Rojo,1,0,1,76.5,52,15
2025-04-20,2025,17,Lambayeque,Chiclayo,Chiclayo,Costa,290000,Despliegue del modelo,0.12,26.7,11.3,75.8,1932,83,4.29,32,3,5,1,3.12,11.03,58,26,Rojo,1,0,1,78.7,54,22
2025-04-20,2025,17,Lambayeque,Chiclayo,Jose Leonardo Ortiz,Costa,195000,Despliegue del modelo,0.12,26.5,13.1,76.0,1522,67,4.4,21,1,2,0,0.0,10.77,31,10,Rojo,1,0,1,65.1,40,19
2025-04-20,2025,17,Lima,Lima,Comas,Costa,525000,Despliegue del modelo,0.12,26.3,3.3,71.4,1904,129,6.79,27,1,2,0,0.0,5.14,29,2,Amarillo,0,0,0,0.0,24,0
2025-04-20,2025,17,Lima,Lima,San Juan de Lurigancho,Costa,1120000,Despliegue del modelo,0.12,23.3,15.8,75.1,3161,233,7.37,58,3,3,0,0.0,5.18,69,11,Amarillo,0,0,0,0.0,60,2
2025-04-20,2025,17,Lima,Lima,Villa El Salvador,Costa,395000,Despliegue del modelo,0.12,25.2,12.9,74.6,515,30,5.73,18,1,3,0,0.0,4.56,19,1,Verde,0,0,0,0.0,17,0
2025-04-20,2025,17,Loreto,Maynas,Belen,Selva,78000,Despliegue del modelo,0.12,27.2,59.3,88.2,690,59,8.54,15,0,0,0,0.0,19.23,23,8,Rojo,1,1,1,76.1,26,11
2025-04-20,2025,17,Loreto,Maynas,Iquitos,Selva,165000,Despliegue del modelo,0.12,25.8,50.0,86.3,1093,85,7.78,21,0,1,0,0.0,12.73,35,14,Rojo,1,1,1,63.3,37,16
2025-04-20,2025,17,Piura,Piura,Castilla,Costa,145000,Despliegue del modelo,0.12,24.5,5.2,73.3,905,37,4.13,23,1,1,0,0.0,15.86,26,3,Rojo,1,1,1,78.8,35,12
2025-04-20,2025,17,Piura,Piura,Catacaos,Costa,72000,Despliegue del modelo,0.12,26.4,2.6,73.6,546,25,4.62,11,0,2,0,0.0,15.28,18,7,Rojo,1,1,1,65.3,20,9
2025-04-20,2025,17,Piura,Piura,Piura,Costa,215000,Despliegue del modelo,0.12,26.0,6.4,70.8,1516,69,4.52,28,1,3,0,0.0,13.02,69,41,Rojo,1,1,1,71.6,57,29
2025-04-20,2025,17,Piura,Sullana,Sullana,Costa,180000,Despliegue del modelo,0.12,26.4,12.8,74.7,1235,51,4.09,34,1,4,0,0.0,18.89,45,11,Rojo,1,1,1,80.5,46,12
2025-04-20,2025,17,Ucayali,Coronel P.,Calleria,Selva,200000,Despliegue del modelo,0.12,27.5,50.1,85.3,1930,153,7.94,33,1,2,1,3.03,16.5,67,34,Rojo,1,1,1,73.8,59,26
2025-04-20,2025,17,Ucayali,Coronel P.,Yarinacocha,Selva,105000,Despliegue del modelo,0.12,28.1,78.4,82.1,827,69,8.29,19,1,4,0,0.0,18.1,32,13,Rojo,1,1,1,71.9,33,14
2025-04-27,2025,18,La Libertad,Trujillo,El Porvenir,Costa,195000,Despliegue del modelo,0.12,23.8,7.3,75.5,1288,58,4.5,25,2,5,0,0.0,12.82,39,14,Rojo,1,1,1,63.6,37,12
2025-04-27,2025,18,La Libertad,Trujillo,La Esperanza,Costa,190000,Despliegue del modelo,0.12,24.5,7.6,72.0,1429,59,4.12,11,0,1,0,0.0,5.79,28,17,Rojo,1,0,1,80.3,29,18
2025-04-27,2025,18,La Libertad,Trujillo,Trujillo,Costa,320000,Despliegue del modelo,0.12,24.7,0.4,75.2,2381,89,3.76,27,0,1,0,0.0,8.44,52,25,Rojo,1,0,1,80.1,46,19
2025-04-27,2025,18,Lambayeque,Chiclayo,Chiclayo,Costa,290000,Despliegue del modelo,0.12,25.8,2.0,75.6,2277,101,4.42,20,0,2,0,0.0,6.9,43,23,Rojo,1,0,1,78.7,50,30
2025-04-27,2025,18,Lambayeque,Chiclayo,Jose Leonardo Ortiz,Costa,195000,Despliegue del modelo,0.12,24.6,8.2,78.4,1623,70,4.34,21,0,2,0,0.0,10.77,34,13,Rojo,1,0,1,79.6,35,14
2025-04-27,2025,18,Lima,Lima,Comas,Costa,525000,Despliegue del modelo,0.12,25.1,0.5,71.5,1337,84,6.28,22,0,0,0,0.0,4.19,21,1,Verde,0,0,0,0.0,22,0
2025-04-27,2025,18,Lima,Lima,San Juan de Lurigancho,Costa,1120000,Despliegue del modelo,0.12,23.7,9.9,72.7,3295,206,6.26,45,2,3,0,0.0,4.02,53,8,Verde,0,0,0,0.0,54,9
2025-04-27,2025,18,Lima,Lima,Villa El Salvador,Costa,395000,Despliegue del modelo,0.12,24.9,1.4,72.5,1407,81,5.72,16,0,1,0,0.0,4.05,16,0,Verde,0,0,0,0.0,16,0
2025-04-27,2025,18,Loreto,Maynas,Belen,Selva,78000,Despliegue del modelo,0.12,26.8,81.5,87.9,579,46,8.03,17,0,0,0,0.0,21.79,21,4,Rojo,1,1,1,73.9,25,8
2025-04-27,2025,18,Loreto,Maynas,Iquitos,Selva,165000,Despliegue del modelo,0.12,27.7,48.3,87.6,1075,89,8.28,24,4,5,0,0.0,14.55,44,20,Rojo,1,1,1,60.5,35,11
2025-04-27,2025,18,Piura,Piura,Castilla,Costa,145000,Despliegue del modelo,0.12,24.7,9.3,73.7,1166,47,4.07,21,0,1,0,0.0,14.48,31,10,Rojo,1,1,1,60.2,31,10
2025-04-27,2025,18,Piura,Piura,Catacaos,Costa,72000,Despliegue del modelo,0.12,23.5,4.9,71.4,555,23,4.2,7,0,0,0,0.0,9.72,16,9,Rojo,1,0,1,66.6,18,11
2025-04-27,2025,18,Piura,Piura,Piura,Costa,215000,Despliegue del modelo,0.12,24.8,3.9,75.4,1276,65,5.07,16,0,0,0,0.0,7.44,41,25,Rojo,1,0,1,91.5,50,34
2025-04-27,2025,18,Piura,Sullana,Sullana,Costa,180000,Despliegue del modelo,0.12,24.8,11.1,75.3,1454,67,4.58,32,1,4,0,0.0,17.78,42,10,Rojo,1,1,1,73.7,41,9
2025-04-27,2025,18,Ucayali,Coronel P.,Calleria,Selva,200000,Despliegue del modelo,0.12,27.3,38.8,87.0,1201,102,8.47,29,0,1,0,0.0,14.5,57,28,Rojo,1,1,1,73.4,56,27
2025-04-27,2025,18,Ucayali,Coronel P.,Yarinacocha,Selva,105000,Despliegue del modelo,0.12,26.3,46.0,83.1,869,81,9.32,17,0,0,0,0.0,16.19,28,11,Rojo,1,1,1,68.5,31,14
2025-05-04,2025,19,La Libertad,Trujillo,El Porvenir,Costa,195000,Despliegue del modelo,0.11,26.3,2.6,70.9,1722,73,4.24,18,0,1,0,0.0,9.23,44,26,Rojo,1,0,1,84.7,33,15
2025-05-04,2025,19,La Libertad,Trujillo,La Esperanza,Costa,190000,Despliegue del modelo,0.11,24.8,9.4,67.0,1505,60,3.96,9,0,1,0,0.0,4.74,30,21,Rojo,1,0,1,66.5,25,16
2025-05-04,2025,19,La Libertad,Trujillo,Trujillo,Costa,320000,Despliegue del modelo,0.11,23.9,9.7,67.6,1101,45,4.12,21,1,1,0,0.0,6.56,38,17,Amarillo,0,0,0,0.0,39,18
2025-05-04,2025,19,Lambayeque,Chiclayo,Chiclayo,Costa,290000,Despliegue del modelo,0.11,24.3,14.3,69.6,587,24,4.06,26,1,1,0,0.0,8.97,33,7,Amarillo,0,0,0,0.0,45,19
2025-05-04,2025,19,Lambayeque,Chiclayo,Jose Leonardo Ortiz,Costa,195000,Despliegue del modelo,0.11,24.5,8.6,72.8,1458,62,4.27,26,1,1,0,0.0,13.33,35,9,Rojo,1,1,1,65.8,32,6
2025-05-04,2025,19,Lima,Lima,Comas,Costa,525000,Despliegue del modelo,0.11,24.6,0.0,70.1,1547,85,5.48,15,0,1,0,0.0,2.86,23,8,Verde,0,0,0,0.0,19,4
2025-05-04,2025,19,Lima,Lima,San Juan de Lurigancho,Costa,1120000,Despliegue del modelo,0.11,25.6,8.3,71.9,1829,99,5.4,47,2,3,0,0.0,4.2,46,1,Verde,0,0,0,0.0,45,0
2025-05-04,2025,19,Lima,Lima,Villa El Salvador,Costa,395000,Despliegue del modelo,0.11,24.9,0.0,75.6,854,45,5.28,14,0,0,0,0.0,3.54,15,1,Verde,0,0,0,0.0,14,0
2025-05-04,2025,19,Loreto,Maynas,Belen,Selva,78000,Despliegue del modelo,0.11,27.2,39.5,85.3,603,48,8.04,8,0,0,0,0.0,10.26,22,14,Rojo,1,0,1,82.6,24,16
2025-05-04,2025,19,Loreto,Maynas,Iquitos,Selva,165000,Despliegue del modelo,0.11,26.7,68.4,85.8,1156,90,7.78,26,0,0,0,0.0,15.76,34,8,Rojo,1,1,1,65.5,33,7
2025-05-04,2025,19,Piura,Piura,Castilla,Costa,145000,Despliegue del modelo,0.11,23.2,5.2,69.5,1209,45,3.69,15,0,1,0,0.0,10.34,24,9,Rojo,1,0,1,82.7,26,11
2025-05-04,2025,19,Piura,Piura,Catacaos,Costa,72000,Despliegue del modelo,0.11,23.9,0.0,72.6,519,26,4.98,16,0,0,0,0.0,22.22,17,1,Rojo,1,1,1,68.8,16,0
2025-05-04,2025,19,Piura,Piura,Piura,Costa,215000,Despliegue del modelo,0.11,24.5,0.9,71.1,1345,55,4.06,30,1,1,0,0.0,13.95,41,11,Rojo,1,1,1,83.4,43,13
2025-05-04,2025,19,Piura,Sullana,Sullana,Costa,180000,Despliegue del modelo,0.11,24.5,7.3,73.9,1318,51,3.84,20,1,1,0,0.0,11.11,41,21,Rojo,1,0,1,76.5,37,17
2025-05-04,2025,19,Ucayali,Coronel P.,Calleria,Selva,200000,Despliegue del modelo,0.11,27.5,74.0,87.1,1139,96,8.42,32,2,4,0,0.0,16.0,44,12,Rojo,1,1,1,78.9,53,21
2025-05-04,2025,19,Ucayali,Coronel P.,Yarinacocha,Selva,105000,Despliegue del modelo,0.11,26.6,43.5,83.2,843,70,8.32,22,3,4,0,0.0,20.95,33,11,Rojo,1,1,1,77.4,28,6
2025-05-11,2025,20,La Libertad,Trujillo,El Porvenir,Costa,195000,Despliegue del modelo,0.11,23.6,6.0,71.5,1371,59,4.29,18,1,1,0,0.0,9.23,32,14,Rojo,1,0,1,69.5,28,10
2025-05-11,2025,20,La Libertad,Trujillo,La Esperanza,Costa,190000,Despliegue del modelo,0.11,23.6,3.8,71.8,322,11,3.55,9,0,0,0,0.0,4.74,22,13,Amarillo,0,0,0,0.0,20,11
2025-05-11,2025,20,La Libertad,Trujillo,Trujillo,Costa,320000,Despliegue del modelo,0.11,22.8,5.0,70.7,942,39,4.18,27,0,2,0,0.0,8.44,31,4,Amarillo,0,0,0,0.0,33,6
2025-05-11,2025,20,Lambayeque,Chiclayo,Chiclayo,Costa,290000,Despliegue del modelo,0.11,23.2,2.9,69.8,2416,94,3.9,37,1,2,0,0.0,12.76,56,19,Rojo,1,1,1,68.0,41,4
2025-05-11,2025,20,Lambayeque,Chiclayo,Jose Leonardo Ortiz,Costa,195000,Despliegue del modelo,0.11,22.9,3.1,69.8,1343,58,4.31,13,0,1,0,0.0,6.67,35,22,Rojo,1,0,1,71.7,29,16
2025-05-11,2025,20,Lima,Lima,Comas,Costa,525000,Despliegue del modelo,0.11,23.5,8.5,71.8,1769,95,5.38,17,0,1,0,0.0,3.24,16,1,Verde,0,0,0,0.0,17,0
2025-05-11,2025,20,Lima,Lima,San Juan de Lurigancho,Costa,1120000,Despliegue del modelo,0.11,23.5,7.6,69.9,2887,148,5.12,42,1,2,0,0.0,3.75,40,2,Verde,0,0,0,0.0,35,0
2025-05-11,2025,20,Lima,Lima,Villa El Salvador,Costa,395000,Despliegue del modelo,0.11,25.2,1.1,76.1,1201,55,4.57,10,0,0,0,0.0,2.53,15,5,Verde,0,0,0,0.0,12,2
2025-05-11,2025,20,Loreto,Maynas,Belen,Selva,78000,Despliegue del modelo,0.11,26.0,39.7,87.7,655,50,7.63,13,2,2,0,0.0,16.67,25,12,Rojo,1,1,1,87.5,23,10
2025-05-11,2025,20,Loreto,Maynas,Iquitos,Selva,165000,Despliegue del modelo,0.11,26.7,43.9,83.1,1480,116,7.81,18,1,3,0,0.0,10.91,34,16,Rojo,1,0,1,86.4,31,13
2025-05-11,2025,20,Piura,Piura,Castilla,Costa,145000,Despliegue del modelo,0.11,23.0,9.9,73.3,962,28,2.9,11,0,1,0,0.0,7.59,20,9,Rojo,1,0,1,63.2,21,10
2025-05-11,2025,20,Piura,Piura,Catacaos,Costa,72000,Despliegue del modelo,0.11,23.9,4.9,69.9,537,19,3.59,9,0,0,0,0.0,12.5,16,7,Rojo,1,1,1,52.0,14,5
2025-05-11,2025,20,Piura,Piura,Piura,Costa,215000,Despliegue del modelo,0.11,23.4,0.4,71.3,1355,57,4.23,21,2,2,0,0.0,9.77,40,19,Rojo,1,0,1,69.5,38,17
2025-05-11,2025,20,Piura,Sullana,Sullana,Costa,180000,Despliegue del modelo,0.11,22.8,7.7,70.5,1027,37,3.56,18,1,2,0,0.0,10.0,34,16,Rojo,1,0,1,68.0,32,14
2025-05-11,2025,20,Ucayali,Coronel P.,Calleria,Selva,200000,Despliegue del modelo,0.11,27.9,27.0,83.6,1286,103,8.04,31,0,1,0,0.0,15.5,50,19,Rojo,1,1,1,66.6,49,18
2025-05-11,2025,20,Ucayali,Coronel P.,Yarinacocha,Selva,105000,Despliegue del modelo,0.11,26.9,78.2,83.6,776,62,8.05,22,3,4,0,0.0,20.95,28,6,Rojo,1,1,1,76.7,26,4
2025-05-18,2025,21,La Libertad,Trujillo,El Porvenir,Costa,195000,Despliegue del modelo,0.1,22.1,0.0,71.5,1126,38,3.42,11,0,1,0,0.0,5.64,24,13,Rojo,1,0,1,80.9,24,13
2025-05-18,2025,21,La Libertad,Trujillo,La Esperanza,Costa,190000,Despliegue del modelo,0.1,24.6,5.5,69.8,265,10,3.87,17,2,2,0,0.0,8.95,13,4,Amarillo,0,0,0,0.0,16,0
2025-05-18,2025,21,La Libertad,Trujillo,Trujillo,Costa,320000,Despliegue del modelo,0.1,23.0,2.4,72.1,1078,36,3.33,21,0,1,0,0.0,6.56,31,10,Amarillo,0,0,0,0.0,26,5
2025-05-18,2025,21,Lambayeque,Chiclayo,Chiclayo,Costa,290000,Despliegue del modelo,0.1,23.3,7.6,72.0,761,27,3.52,24,0,0,0,0.0,8.28,33,9,Amarillo,0,0,0,0.0,35,11
2025-05-18,2025,21,Lambayeque,Chiclayo,Jose Leonardo Ortiz,Costa,195000,Despliegue del modelo,0.1,23.9,0.0,70.0,658,28,4.28,22,0,2,0,0.0,11.28,22,0,Amarillo,0,0,0,0.0,25,3
2025-05-18,2025,21,Lima,Lima,Comas,Costa,525000,Despliegue del modelo,0.1,23.1,4.4,69.7,1267,55,4.37,13,0,1,0,0.0,2.48,16,3,Verde,0,0,0,0.0,14,1
2025-05-18,2025,21,Lima,Lima,San Juan de Lurigancho,Costa,1120000,Despliegue del modelo,0.1,21.7,5.6,71.6,1308,59,4.52,28,0,3,0,0.0,2.5,35,7,Verde,0,0,0,0.0,30,2
2025-05-18,2025,21,Lima,Lima,Villa El Salvador,Costa,395000,Despliegue del modelo,0.1,23.4,2.7,68.8,1736,70,4.01,10,1,1,0,0.0,2.53,12,2,Verde,0,0,0,0.0,10,0
2025-05-18,2025,21,Loreto,Maynas,Belen,Selva,78000,Despliegue del modelo,0.1,24.7,36.2,82.2,481,36,7.51,13,0,0,0,0.0,16.67,17,4,Rojo,1,1,1,76.6,21,8
2025-05-18,2025,21,Loreto,Maynas,Iquitos,Selva,165000,Despliegue del modelo,0.1,26.7,53.6,83.9,1294,102,7.88,17,1,1,0,0.0,10.3,28,11,Rojo,1,0,1,64.2,29,12
2025-05-18,2025,21,Piura,Piura,Castilla,Costa,145000,Despliegue del modelo,0.1,22.8,6.3,70.7,378,11,2.94,8,0,2,0,0.0,5.52,17,9,Amarillo,0,0,0,0.0,17,9
2025-05-18,2025,21,Piura,Piura,Catacaos,Costa,72000,Despliegue del modelo,0.1,24.0,3.7,67.7,606,25,4.13,11,0,1,0,0.0,15.28,12,1,Rojo,1,1,1,78.3,11,0
2025-05-18,2025,21,Piura,Piura,Piura,Costa,215000,Despliegue del modelo,0.1,22.8,0.0,71.6,1361,49,3.62,16,1,2,0,0.0,7.44,26,10,Rojo,1,0,1,81.7,31,15
2025-05-18,2025,21,Piura,Sullana,Sullana,Costa,180000,Despliegue del modelo,0.1,23.0,5.7,74.1,1143,36,3.19,12,1,2,0,0.0,6.67,29,17,Rojo,1,0,1,66.2,27,15
2025-05-18,2025,21,Ucayali,Coronel P.,Calleria,Selva,200000,Despliegue del modelo,0.1,26.9,62.6,84.9,1488,112,7.52,20,1,1,0,0.0,10.0,44,24,Rojo,1,0,1,89.6,46,26
2025-05-18,2025,21,Ucayali,Coronel P.,Yarinacocha,Selva,105000,Despliegue del modelo,0.1,26.0,63.6,84.9,738,59,7.97,14,0,3,0,0.0,13.33,22,8,Rojo,1,1,1,89.5,25,11
2025-05-25,2025,22,La Libertad,Trujillo,El Porvenir,Costa,195000,Despliegue del modelo,0.09,23.6,9.1,69.8,490,18,3.74,17,1,1,0,0.0,8.72,20,3,Amarillo,0,0,0,0.0,19,2
2025-05-25,2025,22,La Libertad,Trujillo,La Esperanza,Costa,190000,Despliegue del modelo,0.09,22.5,1.6,72.2,688,23,3.38,12,0,1,0,0.0,6.32,10,2,Amarillo,0,0,0,0.0,14,2
2025-05-25,2025,22,La Libertad,Trujillo,Trujillo,Costa,320000,Despliegue del modelo,0.09,23.1,0.0,70.2,609,22,3.69,24,0,2,0,0.0,7.5,22,2,Amarillo,0,0,0,0.0,22,0
2025-05-25,2025,22,Lambayeque,Chiclayo,Chiclayo,Costa,290000,Despliegue del modelo,0.09,22.4,5.9,68.9,1083,40,3.7,16,0,2,0,0.0,5.52,32,16,Amarillo,0,0,0,0.0,27,11
2025-05-25,2025,22,Lambayeque,Chiclayo,Jose Leonardo Ortiz,Costa,195000,Despliegue del modelo,0.09,23.1,9.7,71.4,424,17,3.94,12,0,1,0,0.0,6.15,18,6,Amarillo,0,0,0,0.0,21,9
2025-05-25,2025,22,Lima,Lima,Comas,Costa,525000,Despliegue del modelo,0.09,24.8,0.0,71.4,1777,64,3.59,8,0,0,0,0.0,1.52,11,3,Verde,0,0,0,0.0,11,3
2025-05-25,2025,22,Lima,Lima,San Juan de Lurigancho,Costa,1120000,Despliegue del modelo,0.09,21.3,0.6,69.1,4105,173,4.22,25,1,2,0,0.0,2.23,23,2,Verde,0,0,0,0.0,27,2
2025-05-25,2025,22,Lima,Lima,Villa El Salvador,Costa,395000,Despliegue del modelo,0.09,22.5,2.1,69.3,1312,54,4.08,9,0,0,0,0.0,2.28,9,0,Verde,0,0,0,0.0,9,0
2025-05-25,2025,22,Loreto,Maynas,Belen,Selva,78000,Despliegue del modelo,0.09,26.3,51.4,84.3,500,41,8.29,18,0,0,0,0.0,23.08,18,0,Rojo,1,1,1,71.2,20,2
2025-05-25,2025,22,Loreto,Maynas,Iquitos,Selva,165000,Despliegue del modelo,0.09,26.6,57.9,83.6,1171,88,7.48,18,1,2,0,0.0,10.91,26,8,Rojo,1,0,1,66.7,26,8
2025-05-25,2025,22,Piura,Piura,Castilla,Costa,145000,Despliegue del modelo,0.09,23.5,0.8,74.2,340,9,2.62,15,0,0,0,0.0,10.34,16,1,Amarillo,0,0,0,0.0,15,0
2025-05-25,2025,22,Piura,Piura,Catacaos,Costa,72000,Despliegue del modelo,0.09,23.4,0.0,68.9,541,20,3.62,6,0,0,0,0.0,8.33,9,3,Rojo,1,0,1,90.1,9,3
2025-05-25,2025,22,Piura,Piura,Piura,Costa,215000,Despliegue del modelo,0.09,22.0,5.6,70.4,534,18,3.33,23,1,3,0,0.0,10.7,22,1,Amarillo,0,0,0,0.0,25,2
2025-05-25,2025,22,Piura,Sullana,Sullana,Costa,180000,Despliegue del modelo,0.09,21.6,5.0,74.6,141,5,3.32,24,0,0,0,0.0,13.33,21,3,Amarillo,0,1,0,0.0,22,0
2025-05-25,2025,22,Ucayali,Coronel P.,Calleria,Selva,200000,Despliegue del modelo,0.09,25.8,54.2,83.2,1599,119,7.44,26,0,3,0,0.0,13.0,45,19,Rojo,1,1,1,73.0,43,17
2025-05-25,2025,22,Ucayali,Coronel P.,Yarinacocha,Selva,105000,Despliegue del modelo,0.09,26.2,47.6,84.0,791,56,7.03,15,0,1,0,0.0,14.29,23,8,Rojo,1,1,1,67.3,22,7
2025-06-01,2025,23,La Libertad,Trujillo,El Porvenir,Costa,195000,Despliegue del modelo,0.09,21.5,0.7,69.6,391,15,3.75,13,1,1,0,0.0,6.67,18,5,Amarillo,0,0,0,0.0,16,3
2025-06-01,2025,23,La Libertad,Trujillo,La Esperanza,Costa,190000,Despliegue del modelo,0.09,20.8,3.5,67.9,674,26,3.84,17,0,2,0,0.0,8.95,14,3,Amarillo,0,0,0,0.0,12,0
2025-06-01,2025,23,La Libertad,Trujillo,Trujillo,Costa,320000,Despliegue del modelo,0.09,22.3,3.6,69.4,1029,35,3.39,24,0,1,0,0.0,7.5,20,4,Amarillo,0,0,0,0.0,20,0
2025-06-01,2025,23,Lambayeque,Chiclayo,Chiclayo,Costa,290000,Despliegue del modelo,0.09,22.1,2.2,67.6,483,13,2.59,16,1,1,0,0.0,5.52,29,13,Amarillo,0,0,0,0.0,22,6
2025-06-01,2025,23,Lambayeque,Chiclayo,Jose Leonardo Ortiz,Costa,195000,Despliegue del modelo,0.09,22.9,5.6,71.0,520,16,3.05,11,0,0,0,0.0,5.64,15,4,Amarillo,0,0,0,0.0,18,7
2025-06-01,2025,23,Lima,Lima,Comas,Costa,525000,Despliegue del modelo,0.09,23.1,0.0,68.5,1658,44,2.66,9,0,1,0,0.0,1.71,9,0,Verde,0,0,0,0.0,9,0
2025-06-01,2025,23,Lima,Lima,San Juan de Lurigancho,Costa,1120000,Despliegue del modelo,0.09,22.0,7.0,68.9,2680,93,3.46,21,0,0,0,0.0,1.87,25,4,Verde,0,0,0,0.0,24,3
2025-06-01,2025,23,Lima,Lima,Villa El Salvador,Costa,395000,Despliegue del modelo,0.09,23.1,0.0,70.2,1053,41,3.89,8,0,0,0,0.0,2.03,7,1,Verde,0,0,0,0.0,7,0
2025-06-01,2025,23,Loreto,Maynas,Belen,Selva,78000,Despliegue del modelo,0.09,26.0,28.2,83.9,440,31,6.97,11,0,0,0,0.0,14.1,16,5,Rojo,1,1,1,80.1,18,7
2025-06-01,2025,23,Loreto,Maynas,Iquitos,Selva,165000,Despliegue del modelo,0.09,26.8,50.4,82.9,953,64,6.76,21,0,0,0,0.0,12.73,24,3,Rojo,1,1,1,77.5,25,4
2025-06-01,2025,23,Piura,Piura,Castilla,Costa,145000,Despliegue del modelo,0.09,22.5,0.0,71.6,478,16,3.43,9,0,0,0,0.0,6.21,10,1,Amarillo,0,0,0,0.0,13,4
2025-06-01,2025,23,Piura,Piura,Catacaos,Costa,72000,Despliegue del modelo,0.09,22.7,0.0,70.5,157,5,2.88,0,0,0,0,0.0,0.0,8,8,Amarillo,0,0,0,0.0,7,7
2025-06-01,2025,23,Piura,Piura,Piura,Costa,215000,Despliegue del modelo,0.09,23.2,1.7,65.8,714,23,3.23,27,1,3,0,0.0,12.56,20,7,Amarillo,0,1,0,0.0,21,0
2025-06-01,2025,23,Piura,Sullana,Sullana,Costa,180000,Despliegue del modelo,0.09,22.3,0.0,69.0,396,13,3.17,21,0,1,0,0.0,11.67,18,3,Amarillo,0,0,0,0.0,19,0
2025-06-01,2025,23,Ucayali,Coronel P.,Calleria,Selva,200000,Despliegue del modelo,0.09,26.4,38.7,83.7,1680,119,7.07,18,1,1,0,0.0,9.0,50,32,Rojo,1,0,1,77.7,40,22
2025-06-01,2025,23,Ucayali,Coronel P.,Yarinacocha,Selva,105000,Despliegue del modelo,0.09,26.3,50.0,86.1,991,72,7.22,8,1,1,0,0.0,7.62,15,7,Rojo,1,0,1,76.9,20,12
2025-06-08,2025,24,La Libertad,Trujillo,El Porvenir,Costa,195000,Despliegue del modelo,0.08,21.9,7.4,68.4,428,16,3.67,16,0,1,0,0.0,8.21,15,1,Amarillo,0,0,0,0.0,14,0
2025-06-08,2025,24,La Libertad,Trujillo,La Esperanza,Costa,190000,Despliegue del modelo,0.08,22.1,2.0,66.7,422,15,3.51,12,0,0,0,0.0,6.32,14,2,Amarillo,0,0,0,0.0,11,0
2025-06-08,2025,24,La Libertad,Trujillo,Trujillo,Costa,320000,Despliegue del modelo,0.08,20.6,2.3,67.1,897,28,3.15,16,1,1,1,6.25,5.0,14,2,Verde,0,0,0,0.0,18,2
2025-06-08,2025,24,Lambayeque,Chiclayo,Chiclayo,Costa,290000,Despliegue del modelo,0.08,22.0,11.8,70.6,1188,40,3.34,19,0,2,0,0.0,6.55,23,4,Amarillo,0,0,0,0.0,19,0
2025-06-08,2025,24,Lambayeque,Chiclayo,Jose Leonardo Ortiz,Costa,195000,Despliegue del modelo,0.08,22.5,2.4,70.1,332,10,3.12,12,0,2,0,0.0,6.15,15,3,Amarillo,0,0,0,0.0,15,3
2025-06-08,2025,24,Lima,Lima,Comas,Costa,525000,Despliegue del modelo,0.08,21.2,3.9,68.6,950,24,2.49,10,0,0,0,0.0,1.9,8,2,Verde,0,0,0,0.0,8,0
2025-06-08,2025,24,Lima,Lima,San Juan de Lurigancho,Costa,1120000,Despliegue del modelo,0.08,21.4,2.6,70.1,3616,128,3.55,17,1,2,0,0.0,1.52,21,4,Verde,0,0,0,0.0,21,4
2025-06-08,2025,24,Lima,Lima,Villa El Salvador,Costa,395000,Despliegue del modelo,0.08,21.7,3.9,67.1,797,29,3.61,7,0,0,0,0.0,1.77,4,3,Verde,0,0,0,0.0,6,0
2025-06-08,2025,24,Loreto,Maynas,Belen,Selva,78000,Despliegue del modelo,0.08,26.9,31.5,81.3,565,37,6.49,5,0,0,0,0.0,6.41,19,14,Rojo,1,0,1,89.8,16,11
2025-06-08,2025,24,Loreto,Maynas,Iquitos,Selva,165000,Despliegue del modelo,0.08,26.0,40.8,80.7,1055,69,6.52,17,1,1,0,0.0,10.3,26,9,Rojo,1,0,1,68.5,23,6
2025-06-08,2025,24,Piura,Piura,Castilla,Costa,145000,Despliegue del modelo,0.08,22.5,6.2,68.5,358,13,3.58,12,1,1,0,0.0,8.28,11,1,Amarillo,0,0,0,0.0,12,0
2025-06-08,2025,24,Piura,Piura,Catacaos,Costa,72000,Despliegue del modelo,0.08,21.8,1.7,69.1,152,4,2.48,4,0,1,0,0.0,5.56,6,2,Amarillo,0,0,0,0.0,6,2
2025-06-08,2025,24,Piura,Piura,Piura,Costa,215000,Despliegue del modelo,0.08,21.6,3.1,69.5,705,22,3.07,11,0,0,0,0.0,5.12,21,10,Amarillo,0,0,0,0.0,19,8
2025-06-08,2025,24,Piura,Sullana,Sullana,Costa,180000,Despliegue del modelo,0.08,22.0,3.5,69.1,454,16,3.61,17,0,2,0,0.0,9.44,16,1,Amarillo,0,0,0,0.0,17,0
2025-06-08,2025,24,Ucayali,Coronel P.,Calleria,Selva,200000,Despliegue del modelo,0.08,25.9,54.0,86.7,1209,84,6.92,13,0,1,0,0.0,6.5,39,26,Rojo,1,0,1,65.4,36,23
2025-06-08,2025,24,Ucayali,Coronel P.,Yarinacocha,Selva,105000,Despliegue del modelo,0.08,26.5,53.0,85.5,794,54,6.8,7,0,1,0,0.0,6.67,17,10,Rojo,1,0,1,73.1,18,11
2025-06-15,2025,25,La Libertad,Trujillo,El Porvenir,Costa,195000,Despliegue del modelo,0.08,21.2,4.4,66.3,606,19,3.06,15,0,0,0,0.0,7.69,12,3,Amarillo,0,0,0,0.0,12,0
2025-06-15,2025,25,La Libertad,Trujillo,La Esperanza,Costa,190000,Despliegue del modelo,0.08,21.5,6.9,69.9,433,18,4.16,9,1,2,0,0.0,4.74,12,3,Amarillo,0,0,0,0.0,10,1
2025-06-15,2025,25,La Libertad,Trujillo,Trujillo,Costa,320000,Despliegue del modelo,0.08,21.3,5.0,68.1,919,26,2.84,13,0,1,0,0.0,4.06,17,4,Amarillo,0,0,0,0.0,16,3
2025-06-15,2025,25,Lambayeque,Chiclayo,Chiclayo,Costa,290000,Despliegue del modelo,0.08,22.2,0.0,66.0,937,35,3.74,19,0,0,0,0.0,6.55,17,2,Amarillo,0,0,0,0.0,17,0
2025-06-15,2025,25,Lambayeque,Chiclayo,Jose Leonardo Ortiz,Costa,195000,Despliegue del modelo,0.08,20.8,1.4,67.2,596,21,3.59,16,1,2,0,0.0,8.21,10,6,Amarillo,0,0,0,0.0,13,0
2025-06-15,2025,25,Lima,Lima,Comas,Costa,525000,Despliegue del modelo,0.08,21.4,2.5,67.8,1460,29,1.99,6,0,0,0,0.0,1.14,8,2,Verde,0,0,0,0.0,8,2
2025-06-15,2025,25,Lima,Lima,San Juan de Lurigancho,Costa,1120000,Despliegue del modelo,0.08,21.9,1.6,68.2,3550,97,2.74,19,0,0,0,0.0,1.7,22,3,Verde,0,0,0,0.0,19,0
2025-06-15,2025,25,Lima,Lima,Villa El Salvador,Costa,395000,Despliegue del modelo,0.08,21.0,0.0,66.6,1084,35,3.22,6,0,0,0,0.0,1.52,4,2,Verde,0,0,0,0.0,6,0
2025-06-15,2025,25,Loreto,Maynas,Belen,Selva,78000,Despliegue del modelo,0.08,25.3,28.5,82.6,504,29,5.74,7,1,2,0,0.0,8.97,18,11,Rojo,1,0,1,72.3,14,7
2025-06-15,2025,25,Loreto,Maynas,Iquitos,Selva,165000,Despliegue del modelo,0.08,25.5,34.1,81.1,476,35,7.33,16,1,2,0,0.0,9.7,17,1,Amarillo,0,0,0,0.0,21,5
2025-06-15,2025,25,Piura,Piura,Castilla,Costa,145000,Despliegue del modelo,0.08,21.9,6.6,63.1,176,6,3.35,8,0,0,0,0.0,5.52,9,1,Amarillo,0,0,0,0.0,10,2
2025-06-15,2025,25,Piura,Piura,Catacaos,Costa,72000,Despliegue del modelo,0.08,20.9,0.0,69.7,163,5,2.77,2,0,0,0,0.0,2.78,6,4,Amarillo,0,0,0,0.0,6,4
2025-06-15,2025,25,Piura,Piura,Piura,Costa,215000,Despliegue del modelo,0.08,21.2,0.0,70.2,658,22,3.41,25,0,0,0,0.0,11.63,18,7,Amarillo,0,0,0,0.0,16,0
2025-06-15,2025,25,Piura,Sullana,Sullana,Costa,180000,Despliegue del modelo,0.08,21.8,0.0,69.2,427,15,3.41,17,0,3,0,0.0,9.44,9,8,Verde,0,0,0,0.0,14,0
2025-06-15,2025,25,Ucayali,Coronel P.,Calleria,Selva,200000,Despliegue del modelo,0.08,25.9,26.8,86.5,1465,104,7.09,20,1,1,0,0.0,10.0,36,16,Rojo,1,0,1,79.7,33,13
2025-06-15,2025,25,Ucayali,Coronel P.,Yarinacocha,Selva,105000,Despliegue del modelo,0.08,26.2,35.1,81.6,699,49,6.99,11,1,1,1,9.09,10.48,14,3,Rojo,1,0,1,64.1,17,6
2025-06-22,2025,26,La Libertad,Trujillo,El Porvenir,Costa,195000,Despliegue del modelo,0.07,20.9,0.0,66.5,409,12,3.01,11,0,2,0,0.0,5.64,9,2,Verde,0,0,0,0.0,10,0
2025-06-22,2025,26,La Libertad,Trujillo,La Esperanza,Costa,190000,Despliegue del modelo,0.07,21.8,9.6,68.7,721,25,3.43,9,1,1,0,0.0,4.74,10,1,Amarillo,0,0,0,0.0,9,0
2025-06-22,2025,26,La Libertad,Trujillo,Trujillo,Costa,320000,Despliegue del modelo,0.07,20.5,0.0,65.7,926,28,3.06,13,0,2,0,0.0,4.06,13,0,Verde,0,0,0,0.0,14,1
2025-06-22,2025,26,Lambayeque,Chiclayo,Chiclayo,Costa,290000,Despliegue del modelo,0.07,20.0,0.0,67.5,690,20,2.83,14,1,1,0,0.0,4.83,14,0,Verde,0,0,0,0.0,15,1
2025-06-22,2025,26,Lambayeque,Chiclayo,Jose Leonardo Ortiz,Costa,195000,Despliegue del modelo,0.07,20.0,0.0,70.0,750,25,3.33,14,3,3,0,0.0,7.18,12,2,Amarillo,0,0,0,0.0,11,0
2025-06-22,2025,26,Lima,Lima,Comas,Costa,525000,Despliegue del modelo,0.07,20.7,0.0,69.8,1315,28,2.11,6,0,1,0,0.0,1.14,5,1,Verde,0,0,0,0.0,7,1
2025-06-22,2025,26,Lima,Lima,San Juan de Lurigancho,Costa,1120000,Despliegue del modelo,0.07,19.6,5.6,66.5,2912,83,2.84,8,1,1,0,0.0,0.71,19,11,Verde,0,0,0,0.0,17,9
2025-06-22,2025,26,Lima,Lima,Villa El Salvador,Costa,395000,Despliegue del modelo,0.07,20.2,2.3,67.2,1244,29,2.36,5,0,1,0,0.0,1.27,6,1,Verde,0,0,0,0.0,5,0
2025-06-22,2025,26,Loreto,Maynas,Belen,Selva,78000,Despliegue del modelo,0.07,25.2,29.8,85.7,602,36,5.99,7,0,0,0,0.0,8.97,14,7,Rojo,1,0,1,82.1,13,6
2025-06-22,2025,26,Loreto,Maynas,Iquitos,Selva,165000,Despliegue del modelo,0.07,26.8,32.7,80.9,1081,78,7.19,12,0,2,0,0.0,7.27,23,11,Rojo,1,0,1,77.1,19,7
2025-06-22,2025,26,Piura,Piura,Castilla,Costa,145000,Despliegue del modelo,0.07,20.4,2.5,68.2,510,16,3.06,8,0,1,0,0.0,5.52,8,0,Amarillo,0,0,0,0.0,9,1
2025-06-22,2025,26,Piura,Piura,Catacaos,Costa,72000,Despliegue del modelo,0.07,21.7,0.0,66.8,120,4,3.13,8,0,0,0,0.0,11.11,7,1,Amarillo,0,0,0,0.0,5,0
2025-06-22,2025,26,Piura,Piura,Piura,Costa,215000,Despliegue del modelo,0.07,22.4,0.0,66.0,880,34,3.88,9,0,1,0,0.0,4.19,13,4,Amarillo,0,0,0,0.0,14,5
2025-06-22,2025,26,Piura,Sullana,Sullana,Costa,180000,Despliegue del modelo,0.07,21.2,0.0,67.9,217,9,3.98,11,0,1,0,0.0,6.11,12,1,Amarillo,0,0,0,0.0,12,1
2025-06-22,2025,26,Ucayali,Coronel P.,Calleria,Selva,200000,Despliegue del modelo,0.07,26.2,17.3,84.4,1233,88,7.12,25,0,1,0,0.0,12.5,31,6,Rojo,1,1,1,76.9,30,5
2025-06-22,2025,26,Ucayali,Coronel P.,Yarinacocha,Selva,105000,Despliegue del modelo,0.07,25.1,25.6,81.0,764,54,7.07,13,1,2,0,0.0,12.38,14,1,Rojo,1,1,1,78.0,16,3
2025-06-29,2025,27,La Libertad,Trujillo,El Porvenir,Costa,195000,Despliegue del modelo,0.07,21.0,0.0,65.5,707,23,3.21,5,0,0,0,0.0,2.56,10,5,Amarillo,0,0,0,0.0,9,4
2025-06-29,2025,27,La Libertad,Trujillo,La Esperanza,Costa,190000,Despliegue del modelo,0.07,20.5,0.5,68.2,577,17,3.02,8,1,1,0,0.0,4.21,6,2,Verde,0,0,0,0.0,8,0
2025-06-29,2025,27,La Libertad,Trujillo,Trujillo,Costa,320000,Despliegue del modelo,0.07,20.5,0.0,73.0,628,21,3.36,9,0,0,0,0.0,2.81,15,6,Verde,0,0,0,0.0,13,4
2025-06-29,2025,27,Lambayeque,Chiclayo,Chiclayo,Costa,290000,Despliegue del modelo,0.07,21.1,6.0,63.7,804,22,2.73,13,0,1,0,0.0,4.48,12,1,Verde,0,0,0,0.0,13,0
2025-06-29,2025,27,Lambayeque,Chiclayo,Jose Leonardo Ortiz,Costa,195000,Despliegue del modelo,0.07,20.3,0.0,67.7,505,12,2.44,12,0,1,0,0.0,6.15,10,2,Amarillo,0,0,0,0.0,10,0
2025-06-29,2025,27,Lima,Lima,Comas,Costa,525000,Despliegue del modelo,0.07,20.2,0.0,63.9,1379,23,1.7,2,0,0,0,0.0,0.38,6,4,Verde,0,0,0,0.0,6,4
2025-06-29,2025,27,Lima,Lima,San Juan de Lurigancho,Costa,1120000,Despliegue del modelo,0.07,19.6,2.3,66.7,3911,101,2.58,11,0,1,0,0.0,0.98,11,0,Verde,0,0,0,0.0,15,4
2025-06-29,2025,27,Lima,Lima,Villa El Salvador,Costa,395000,Despliegue del modelo,0.07,21.4,3.6,66.2,980,25,2.56,6,1,1,0,0.0,1.52,6,0,Verde,0,0,0,0.0,5,0
2025-06-29,2025,27,Loreto,Maynas,Belen,Selva,78000,Despliegue del modelo,0.07,24.6,18.2,81.6,467,29,6.21,6,0,0,0,0.0,7.69,12,6,Rojo,1,0,1,79.3,12,6
2025-06-29,2025,27,Loreto,Maynas,Iquitos,Selva,165000,Despliegue del modelo,0.07,24.4,36.9,84.6,368,26,7.18,14,0,0,0,0.0,8.48,15,1,Amarillo,0,0,0,0.0,18,4
2025-06-29,2025,27,Piura,Piura,Castilla,Costa,145000,Despliegue del modelo,0.07,20.9,0.0,65.1,400,17,4.23,7,0,0,0,0.0,4.83,10,3,Amarillo,0,0,0,0.0,8,1
2025-06-29,2025,27,Piura,Piura,Catacaos,Costa,72000,Despliegue del modelo,0.07,21.4,0.5,64.4,160,6,3.93,5,0,1,0,0.0,6.94,4,1,Amarillo,0,0,0,0.0,4,0
2025-06-29,2025,27,Piura,Piura,Piura,Costa,215000,Despliegue del modelo,0.07,20.9,7.0,65.4,191,6,3.31,15,0,1,0,0.0,6.98,13,2,Amarillo,0,0,0,0.0,13,0
2025-06-29,2025,27,Piura,Sullana,Sullana,Costa,180000,Despliegue del modelo,0.07,21.1,0.0,68.2,281,11,3.95,5,0,1,0,0.0,2.78,13,8,Amarillo,0,0,0,0.0,11,6
2025-06-29,2025,27,Ucayali,Coronel P.,Calleria,Selva,200000,Despliegue del modelo,0.07,25.7,40.7,81.3,1587,104,6.53,15,1,1,0,0.0,7.5,25,10,Rojo,1,0,1,63.9,27,12
2025-06-29,2025,27,Ucayali,Coronel P.,Yarinacocha,Selva,105000,Despliegue del modelo,0.07,25.3,38.7,82.1,834,59,7.06,10,1,1,0,0.0,9.52,17,7,Rojo,1,0,1,70.0,15,5
2025-07-06,2025,28,La Libertad,Trujillo,El Porvenir,Costa,195000,Despliegue del modelo,0.06,21.0,0.0,64.4,623,25,4.08,11,0,0,0,0.0,5.64,7,4,Verde,0,0,0,0.0,8,0
2025-07-06,2025,28,La Libertad,Trujillo,La Esperanza,Costa,190000,Despliegue del modelo,0.06,19.3,0.0,65.0,465,13,2.9,12,1,1,0,0.0,6.32,4,8,Verde,0,0,0,0.0,7,0
2025-07-06,2025,28,La Libertad,Trujillo,Trujillo,Costa,320000,Despliegue del modelo,0.06,20.9,2.3,64.2,434,13,3.05,10,0,1,0,0.0,3.12,15,5,Verde,0,0,0,0.0,11,1
2025-07-06,2025,28,Lambayeque,Chiclayo,Chiclayo,Costa,290000,Despliegue del modelo,0.06,20.0,0.0,65.2,496,12,2.48,6,0,0,0,0.0,2.07,13,7,Verde,0,0,0,0.0,12,6
2025-07-06,2025,28,Lambayeque,Chiclayo,Jose Leonardo Ortiz,Costa,195000,Despliegue del modelo,0.06,20.8,0.0,63.4,261,7,2.63,9,0,0,0,0.0,4.62,10,1,Amarillo,0,0,0,0.0,9,0
2025-07-06,2025,28,Lima,Lima,Comas,Costa,525000,Despliegue del modelo,0.06,20.2,3.1,63.3,1520,21,1.35,11,0,0,0,0.0,2.1,5,6,Verde,0,0,0,0.0,6,0
2025-07-06,2025,28,Lima,Lima,San Juan de Lurigancho,Costa,1120000,Despliegue del modelo,0.06,20.8,0.0,64.7,4488,139,3.11,11,1,1,0,0.0,0.98,12,1,Verde,0,0,0,0.0,14,3
2025-07-06,2025,28,Lima,Lima,Villa El Salvador,Costa,395000,Despliegue del modelo,0.06,21.8,0.4,68.6,1364,31,2.28,5,0,0,0,0.0,1.27,4,1,Verde,0,0,0,0.0,4,0
2025-07-06,2025,28,Loreto,Maynas,Belen,Selva,78000,Despliegue del modelo,0.06,26.3,17.7,80.7,521,31,6.01,4,0,0,0,0.0,5.13,15,11,Rojo,1,0,1,87.4,11,7
2025-07-06,2025,28,Loreto,Maynas,Iquitos,Selva,165000,Despliegue del modelo,0.06,25.3,47.0,80.0,566,38,6.79,12,0,1,0,0.0,7.27,15,3,Amarillo,0,0,0,0.0,16,4
2025-07-06,2025,28,Piura,Piura,Castilla,Costa,145000,Despliegue del modelo,0.06,20.3,0.0,66.3,413,13,3.24,5,0,0,0,0.0,3.45,7,2,Amarillo,0,0,0,0.0,7,2
2025-07-06,2025,28,Piura,Piura,Catacaos,Costa,72000,Despliegue del modelo,0.06,21.2,5.3,67.6,237,8,3.54,4,1,1,0,0.0,5.56,2,2,Verde,0,0,0,0.0,4,0
2025-07-06,2025,28,Piura,Piura,Piura,Costa,215000,Despliegue del modelo,0.06,20.0,0.0,65.6,532,19,3.53,6,0,1,0,0.0,2.79,12,6,Amarillo,0,0,0,0.0,11,5
2025-07-06,2025,28,Piura,Sullana,Sullana,Costa,180000,Despliegue del modelo,0.06,19.6,0.0,67.7,444,17,3.73,8,0,0,0,0.0,4.44,9,1,Verde,0,0,0,0.0,9,1
2025-07-06,2025,28,Ucayali,Coronel P.,Calleria,Selva,200000,Despliegue del modelo,0.06,25.7,28.1,84.6,1385,84,6.1,19,0,4,0,0.0,9.5,25,6,Rojo,1,0,1,71.2,25,6
2025-07-06,2025,28,Ucayali,Coronel P.,Yarinacocha,Selva,105000,Despliegue del modelo,0.06,25.9,30.0,80.1,688,45,6.58,6,1,1,0,0.0,5.71,16,10,Rojo,1,0,1,70.3,13,7
2025-07-13,2025,29,La Libertad,Trujillo,El Porvenir,Costa,195000,Despliegue del modelo,0.06,21.1,0.0,64.5,614,18,3.0,9,0,0,0,0.0,4.62,10,1,Verde,0,0,0,0.0,7,0
2025-07-13,2025,29,La Libertad,Trujillo,La Esperanza,Costa,190000,Despliegue del modelo,0.06,19.2,0.0,68.8,410,7,1.82,5,0,0,0,0.0,2.63,6,1,Verde,0,0,0,0.0,6,1
2025-07-13,2025,29,La Libertad,Trujillo,Trujillo,Costa,320000,Despliegue del modelo,0.06,19.8,0.0,63.7,697,19,2.78,2,0,0,0,0.0,0.62,10,8,Verde,0,0,0,0.0,10,8
2025-07-13,2025,29,Lambayeque,Chiclayo,Chiclayo,Costa,290000,Despliegue del modelo,0.06,20.0,0.0,64.8,796,20,2.55,9,1,2,1,11.11,3.1,8,1,Verde,0,0,0,0.0,10,1
2025-07-13,2025,29,Lambayeque,Chiclayo,Jose Leonardo Ortiz,Costa,195000,Despliegue del modelo,0.06,21.0,5.4,66.9,357,12,3.43,11,0,0,0,0.0,5.64,8,3,Verde,0,0,0,0.0,8,0
2025-07-13,2025,29,Lima,Lima,Comas,Costa,525000,Despliegue del modelo,0.06,19.5,0.2,63.3,929,23,2.5,6,0,0,0,0.0,1.14,5,1,Verde,0,0,0,0.0,5,0
2025-07-13,2025,29,Lima,Lima,San Juan de Lurigancho,Costa,1120000,Despliegue del modelo,0.06,20.6,0.0,69.3,2564,60,2.35,12,0,0,0,0.0,1.07,13,1,Verde,0,0,0,0.0,12,0
2025-07-13,2025,29,Lima,Lima,Villa El Salvador,Costa,395000,Despliegue del modelo,0.06,20.9,0.0,67.3,1768,36,2.04,3,0,0,0,0.0,0.76,5,2,Verde,0,0,0,0.0,4,1
2025-07-13,2025,29,Loreto,Maynas,Belen,Selva,78000,Despliegue del modelo,0.06,25.8,6.9,82.0,198,12,6.2,4,0,0,0,0.0,5.13,8,4,Amarillo,0,0,0,0.0,10,6
2025-07-13,2025,29,Loreto,Maynas,Iquitos,Selva,165000,Despliegue del modelo,0.06,26.1,21.1,84.5,509,35,6.82,14,2,2,0,0.0,8.48,11,3,Amarillo,0,0,0,0.0,14,0
2025-07-13,2025,29,Piura,Piura,Castilla,Costa,145000,Despliegue del modelo,0.06,18.3,0.4,58.9,334,13,3.81,5,0,0,0,0.0,3.45,5,0,Verde,0,0,0,0.0,6,1
2025-07-13,2025,29,Piura,Piura,Catacaos,Costa,72000,Despliegue del modelo,0.06,18.7,1.7,64.7,123,4,2.85,2,0,0,0,0.0,2.78,2,0,Verde,0,0,0,0.0,3,1
2025-07-13,2025,29,Piura,Piura,Piura,Costa,215000,Despliegue del modelo,0.06,20.0,0.0,64.9,828,30,3.61,11,1,1,0,0.0,5.12,8,3,Verde,0,0,0,0.0,9,0
2025-07-13,2025,29,Piura,Sullana,Sullana,Costa,180000,Despliegue del modelo,0.06,21.3,0.0,65.1,406,15,3.61,4,0,0,0,0.0,2.22,6,2,Verde,0,0,0,0.0,8,4
2025-07-13,2025,29,Ucayali,Coronel P.,Calleria,Selva,200000,Despliegue del modelo,0.06,25.7,19.2,81.1,485,34,6.99,12,0,0,0,0.0,6.0,22,10,Amarillo,0,0,0,0.0,23,11
2025-07-13,2025,29,Ucayali,Coronel P.,Yarinacocha,Selva,105000,Despliegue del modelo,0.06,25.3,41.0,80.4,733,45,6.09,5,0,1,0,0.0,4.76,13,8,Rojo,1,0,1,80.3,12,7
2025-07-20,2025,30,La Libertad,Trujillo,El Porvenir,Costa,195000,Despliegue del modelo,0.06,19.7,1.6,70.0,306,6,2.1,5,0,0,0,0.0,2.56,6,1,Verde,0,0,0,0.0,6,1
2025-07-20,2025,30,La Libertad,Trujillo,La Esperanza,Costa,190000,Despliegue del modelo,0.06,20.2,0.0,66.8,378,10,2.6,6,0,0,0,0.0,3.16,3,3,Verde,0,0,0,0.0,5,0
2025-07-20,2025,30,La Libertad,Trujillo,Trujillo,Costa,320000,Despliegue del modelo,0.06,19.6,0.0,68.4,721,21,2.87,10,1,2,0,0.0,3.12,9,1,Verde,0,0,0,0.0,9,0
2025-07-20,2025,30,Lambayeque,Chiclayo,Chiclayo,Costa,290000,Despliegue del modelo,0.06,20.3,0.0,64.7,735,18,2.45,3,2,2,0,0.0,1.03,7,4,Verde,0,0,0,0.0,9,6
2025-07-20,2025,30,Lambayeque,Chiclayo,Jose Leonardo Ortiz,Costa,195000,Despliegue del modelo,0.06,20.0,0.0,61.7,749,19,2.53,5,0,0,0,0.0,2.56,7,2,Verde,0,0,0,0.0,7,2
2025-07-20,2025,30,Lima,Lima,Comas,Costa,525000,Despliegue del modelo,0.06,21.7,0.0,64.7,895,22,2.47,7,0,1,0,0.0,1.33,4,3,Verde,0,0,0,0.0,4,0
2025-07-20,2025,30,Lima,Lima,San Juan de Lurigancho,Costa,1120000,Despliegue del modelo,0.06,19.6,1.7,63.5,2518,68,2.71,10,0,0,0,0.0,0.89,12,2,Verde,0,0,0,0.0,11,1
2025-07-20,2025,30,Lima,Lima,Villa El Salvador,Costa,395000,Despliegue del modelo,0.06,21.4,0.0,66.7,758,21,2.71,3,0,0,0,0.0,0.76,3,0,Verde,0,0,0,0.0,3,0
2025-07-20,2025,30,Loreto,Maynas,Belen,Selva,78000,Despliegue del modelo,0.06,26.4,41.1,80.8,134,8,6.24,9,0,0,0,0.0,11.54,8,1,Amarillo,0,0,0,0.0,9,0
2025-07-20,2025,30,Loreto,Maynas,Iquitos,Selva,165000,Despliegue del modelo,0.06,25.2,19.6,84.3,401,30,7.57,12,1,2,0,0.0,7.27,11,1,Amarillo,0,0,0,0.0,13,1
2025-07-20,2025,30,Piura,Piura,Castilla,Costa,145000,Despliegue del modelo,0.06,19.9,0.0,64.6,166,6,3.85,3,2,2,0,0.0,2.07,6,3,Verde,0,0,0,0.0,5,2
2025-07-20,2025,30,Piura,Piura,Catacaos,Costa,72000,Despliegue del modelo,0.06,20.1,0.0,67.2,215,7,3.42,3,0,0,0,0.0,4.17,1,2,Verde,0,0,0,0.0,2,0
2025-07-20,2025,30,Piura,Piura,Piura,Costa,215000,Despliegue del modelo,0.06,20.2,0.0,61.7,510,23,4.42,9,1,1,0,0.0,4.19,8,1,Verde,0,0,0,0.0,8,0
2025-07-20,2025,30,Piura,Sullana,Sullana,Costa,180000,Despliegue del modelo,0.06,18.6,0.0,63.7,425,16,3.72,6,0,1,0,0.0,3.33,7,1,Verde,0,0,0,0.0,6,0
2025-07-20,2025,30,Ucayali,Coronel P.,Calleria,Selva,200000,Despliegue del modelo,0.06,24.3,6.3,82.9,589,42,7.18,12,0,0,0,0.0,6.0,22,10,Amarillo,0,0,0,0.0,20,8
2025-07-20,2025,30,Ucayali,Coronel P.,Yarinacocha,Selva,105000,Despliegue del modelo,0.06,25.4,38.6,80.3,263,16,5.9,12,2,4,0,0.0,11.43,12,0,Amarillo,0,0,0,0.0,10,0
2025-07-27,2025,31,La Libertad,Trujillo,El Porvenir,Costa,195000,Despliegue del modelo,0.05,19.1,4.1,65.1,761,23,2.96,5,0,1,0,0.0,2.56,6,1,Verde,0,0,0,0.0,5,0
2025-07-27,2025,31,La Libertad,Trujillo,La Esperanza,Costa,190000,Despliegue del modelo,0.05,19.6,1.2,69.9,233,7,3.01,7,0,0,0,0.0,3.68,4,3,Verde,0,0,0,0.0,4,0
2025-07-27,2025,31,La Libertad,Trujillo,Trujillo,Costa,320000,Despliegue del modelo,0.05,20.0,0.0,65.0,727,19,2.63,10,0,0,0,0.0,3.12,6,4,Verde,0,0,0,0.0,7,0
2025-07-27,2025,31,Lambayeque,Chiclayo,Chiclayo,Costa,290000,Despliegue del modelo,0.05,19.2,0.0,64.3,532,17,3.19,7,2,2,0,0.0,2.41,9,2,Verde,0,0,0,0.0,7,0
2025-07-27,2025,31,Lambayeque,Chiclayo,Jose Leonardo Ortiz,Costa,195000,Despliegue del modelo,0.05,20.0,0.0,64.4,573,16,2.71,8,1,1,0,0.0,4.1,8,0,Verde,0,0,0,0.0,5,0
2025-07-27,2025,31,Lima,Lima,Comas,Costa,525000,Despliegue del modelo,0.05,20.6,1.6,65.4,1146,30,2.59,6,0,1,0,0.0,1.14,4,2,Verde,0,0,0,0.0,4,0
2025-07-27,2025,31,Lima,Lima,San Juan de Lurigancho,Costa,1120000,Despliegue del modelo,0.05,20.9,2.1,61.0,4385,155,3.53,14,0,0,0,0.0,1.25,9,5,Verde,0,0,0,0.0,10,0
2025-07-27,2025,31,Lima,Lima,Villa El Salvador,Costa,395000,Despliegue del modelo,0.05,19.0,0.0,68.3,678,15,2.27,3,0,0,0,0.0,0.76,4,1,Verde,0,0,0,0.0,3,0
2025-07-27,2025,31,Loreto,Maynas,Belen,Selva,78000,Despliegue del modelo,0.05,25.2,21.0,84.7,461,24,5.17,4,0,1,0,0.0,5.13,11,7,Rojo,1,0,1,79.2,8,4
2025-07-27,2025,31,Loreto,Maynas,Iquitos,Selva,165000,Despliegue del modelo,0.05,25.5,22.6,81.1,451,36,8.01,10,1,2,0,0.0,6.06,10,0,Amarillo,0,0,0,0.0,12,2
2025-07-27,2025,31,Piura,Piura,Castilla,Costa,145000,Despliegue del modelo,0.05,19.5,3.3,64.6,427,16,3.8,1,0,0,0,0.0,0.69,4,3,Verde,0,0,0,0.0,4,3
2025-07-27,2025,31,Piura,Piura,Catacaos,Costa,72000,Despliegue del modelo,0.05,19.8,0.0,67.7,194,7,3.47,3,0,0,0,0.0,4.17,4,1,Amarillo,0,0,0,0.0,2,0
2025-07-27,2025,31,Piura,Piura,Piura,Costa,215000,Despliegue del modelo,0.05,19.9,0.0,61.0,617,22,3.57,8,0,0,0,0.0,3.72,8,0,Verde,0,0,0,0.0,6,0
2025-07-27,2025,31,Piura,Sullana,Sullana,Costa,180000,Despliegue del modelo,0.05,18.3,0.0,64.8,451,16,3.5,7,0,0,0,0.0,3.89,5,2,Verde,0,0,0,0.0,5,0
2025-07-27,2025,31,Ucayali,Coronel P.,Calleria,Selva,200000,Despliegue del modelo,0.05,25.2,19.2,83.5,646,48,7.5,16,1,1,0,0.0,8.0,19,3,Amarillo,0,0,0,0.0,18,2
2025-07-27,2025,31,Ucayali,Coronel P.,Yarinacocha,Selva,105000,Despliegue del modelo,0.05,24.8,24.7,83.8,467,27,5.69,10,0,0,0,0.0,9.52,9,1,Amarillo,0,0,0,0.0,9,0
2025-08-03,2025,32,La Libertad,Trujillo,El Porvenir,Costa,195000,Despliegue del modelo,0.05,19.9,0.0,62.8,430,15,3.39,5,0,1,0,0.0,2.56,4,1,Verde,0,0,0,0.0,4,0
2025-08-03,2025,32,La Libertad,Trujillo,La Esperanza,Costa,190000,Despliegue del modelo,0.05,19.8,0.0,64.4,595,16,2.68,4,1,1,0,0.0,2.11,7,3,Verde,0,0,0,0.0,4,0
2025-08-03,2025,32,La Libertad,Trujillo,Trujillo,Costa,320000,Despliegue del modelo,0.05,20.2,0.0,66.0,827,15,1.83,8,0,0,0,0.0,2.5,6,2,Verde,0,0,0,0.0,6,0
2025-08-03,2025,32,Lambayeque,Chiclayo,Chiclayo,Costa,290000,Despliegue del modelo,0.05,20.6,0.0,67.0,1065,30,2.82,5,0,0,0,0.0,1.72,6,1,Verde,0,0,0,0.0,6,1
2025-08-03,2025,32,Lambayeque,Chiclayo,Jose Leonardo Ortiz,Costa,195000,Despliegue del modelo,0.05,18.9,0.0,67.1,406,10,2.58,6,0,0,0,0.0,3.08,4,2,Verde,0,0,0,0.0,5,0
2025-08-03,2025,32,Lima,Lima,Comas,Costa,525000,Despliegue del modelo,0.05,18.3,0.0,65.0,1404,37,2.63,2,0,1,0,0.0,0.38,4,2,Verde,0,0,0,0.0,3,1
2025-08-03,2025,32,Lima,Lima,San Juan de Lurigancho,Costa,1120000,Despliegue del modelo,0.05,20.8,0.0,66.6,2950,88,2.98,9,1,2,0,0.0,0.8,9,0,Verde,0,0,0,0.0,9,0
2025-08-03,2025,32,Lima,Lima,Villa El Salvador,Costa,395000,Despliegue del modelo,0.05,19.8,2.3,63.6,880,18,2.07,1,0,0,0,0.0,0.25,4,3,Verde,0,0,0,0.0,3,2
2025-08-03,2025,32,Loreto,Maynas,Belen,Selva,78000,Despliegue del modelo,0.05,25.8,19.2,81.1,609,31,5.04,3,0,0,0,0.0,3.85,10,7,Rojo,1,0,1,71.8,8,5
2025-08-03,2025,32,Loreto,Maynas,Iquitos,Selva,165000,Despliegue del modelo,0.05,27.3,29.0,82.8,225,18,8.09,12,1,2,0,0.0,7.27,9,3,Amarillo,0,0,0,0.0,11,0
2025-08-03,2025,32,Piura,Piura,Castilla,Costa,145000,Despliegue del modelo,0.05,19.5,0.0,67.5,363,11,3.12,3,0,0,0,0.0,2.07,2,1,Verde,0,0,0,0.0,3,0
2025-08-03,2025,32,Piura,Piura,Catacaos,Costa,72000,Despliegue del modelo,0.05,19.0,0.0,64.5,248,9,3.52,1,0,0,0,0.0,1.39,1,0,Verde,0,0,0,0.0,2,1
2025-08-03,2025,32,Piura,Piura,Piura,Costa,215000,Despliegue del modelo,0.05,19.2,0.0,68.9,683,21,3.03,8,0,1,0,0.0,3.72,8,0,Verde,0,0,0,0.0,5,0
2025-08-03,2025,32,Piura,Sullana,Sullana,Costa,180000,Despliegue del modelo,0.05,19.4,0.0,61.4,437,12,2.67,6,0,0,0,0.0,3.33,3,3,Verde,0,0,0,0.0,4,0
2025-08-03,2025,32,Ucayali,Coronel P.,Calleria,Selva,200000,Despliegue del modelo,0.05,24.4,11.5,81.9,516,35,6.7,13,0,0,0,0.0,6.5,15,2,Amarillo,0,0,0,0.0,16,3
2025-08-03,2025,32,Ucayali,Coronel P.,Yarinacocha,Selva,105000,Despliegue del modelo,0.05,25.4,36.0,87.8,211,14,6.65,8,0,1,0,0.0,7.62,7,1,Amarillo,0,0,0,0.0,8,0
2025-08-10,2025,33,La Libertad,Trujillo,El Porvenir,Costa,195000,Despliegue del modelo,0.05,20.0,0.0,60.1,447,16,3.53,4,0,0,0,0.0,2.05,2,2,Verde,0,0,0,0.0,3,0
2025-08-10,2025,33,La Libertad,Trujillo,La Esperanza,Costa,190000,Despliegue del modelo,0.05,20.0,1.1,62.0,120,4,2.98,3,0,0,0,0.0,1.58,3,0,Verde,0,0,0,0.0,3,0
2025-08-10,2025,33,La Libertad,Trujillo,Trujillo,Costa,320000,Despliegue del modelo,0.05,20.0,0.0,65.4,836,15,1.77,2,0,0,0,0.0,0.62,8,6,Verde,0,0,0,0.0,5,3
2025-08-10,2025,33,Lambayeque,Chiclayo,Chiclayo,Costa,290000,Despliegue del modelo,0.05,19.9,0.0,67.9,659,16,2.49,4,0,0,0,0.0,1.38,5,1,Verde,0,0,0,0.0,5,1
2025-08-10,2025,33,Lambayeque,Chiclayo,Jose Leonardo Ortiz,Costa,195000,Despliegue del modelo,0.05,20.2,0.0,67.3,523,18,3.36,1,0,0,0,0.0,0.51,5,4,Verde,0,0,0,0.0,4,3
2025-08-10,2025,33,Lima,Lima,Comas,Costa,525000,Despliegue del modelo,0.05,19.8,0.0,66.1,1945,42,2.14,2,1,1,0,0.0,0.38,3,1,Verde,0,0,0,0.0,3,1
2025-08-10,2025,33,Lima,Lima,San Juan de Lurigancho,Costa,1120000,Despliegue del modelo,0.05,19.9,0.0,65.0,4169,98,2.34,11,0,0,0,0.0,0.98,7,4,Verde,0,0,0,0.0,8,0
2025-08-10,2025,33,Lima,Lima,Villa El Salvador,Costa,395000,Despliegue del modelo,0.05,19.8,0.2,60.8,920,18,1.98,2,0,0,0,0.0,0.51,2,0,Verde,0,0,0,0.0,2,0
2025-08-10,2025,33,Loreto,Maynas,Belen,Selva,78000,Despliegue del modelo,0.05,24.6,24.8,80.2,229,11,4.89,8,1,1,0,0.0,10.26,9,1,Amarillo,0,0,0,0.0,7,0
2025-08-10,2025,33,Loreto,Maynas,Iquitos,Selva,165000,Despliegue del modelo,0.05,25.1,34.8,81.3,215,18,8.15,14,4,4,0,0.0,8.48,11,3,Amarillo,0,0,0,0.0,10,0
2025-08-10,2025,33,Piura,Piura,Castilla,Costa,145000,Despliegue del modelo,0.05,20.7,0.5,68.3,174,6,3.39,1,0,0,0,0.0,0.69,2,1,Verde,0,0,0,0.0,3,2
2025-08-10,2025,33,Piura,Piura,Catacaos,Costa,72000,Despliegue del modelo,0.05,20.0,2.5,66.0,212,9,4.29,2,0,0,0,0.0,2.78,0,2,Verde,0,0,0,0.0,1,0
2025-08-10,2025,33,Piura,Piura,Piura,Costa,215000,Despliegue del modelo,0.05,19.8,0.0,63.8,681,23,3.4,5,0,1,0,0.0,2.33,5,0,Verde,0,0,0,0.0,4,0
2025-08-10,2025,33,Piura,Sullana,Sullana,Costa,180000,Despliegue del modelo,0.05,20.6,0.0,66.4,366,8,2.06,2,0,0,0,0.0,1.11,3,1,Verde,0,0,0,0.0,3,1
2025-08-10,2025,33,Ucayali,Coronel P.,Calleria,Selva,200000,Despliegue del modelo,0.05,25.9,21.6,84.8,392,25,6.35,13,0,0,0,0.0,6.5,13,0,Amarillo,0,0,0,0.0,14,1
2025-08-10,2025,33,Ucayali,Coronel P.,Yarinacocha,Selva,105000,Despliegue del modelo,0.05,25.1,36.4,80.8,372,25,6.84,7,0,1,0,0.0,6.67,8,1,Amarillo,0,0,0,0.0,8,1
2025-08-17,2025,34,La Libertad,Trujillo,El Porvenir,Costa,195000,Despliegue del modelo,0.05,21.0,0.0,64.8,427,13,2.97,2,0,0,0,0.0,1.03,3,1,Verde,0,0,0,0.0,3,1
2025-08-17,2025,34,La Libertad,Trujillo,La Esperanza,Costa,190000,Despliegue del modelo,0.05,20.9,0.0,66.7,236,6,2.7,3,0,0,0,0.0,1.58,1,2,Verde,0,0,0,0.0,2,0
2025-08-17,2025,34,La Libertad,Trujillo,Trujillo,Costa,320000,Despliegue del modelo,0.05,19.8,0.0,61.6,1108,26,2.38,5,0,1,0,0.0,1.56,5,0,Verde,0,0,0,0.0,5,0
2025-08-17,2025,34,Lambayeque,Chiclayo,Chiclayo,Costa,290000,Despliegue del modelo,0.05,20.8,0.0,68.9,904,12,1.3,4,0,0,0,0.0,1.38,5,1,Verde,0,0,0,0.0,4,0
2025-08-17,2025,34,Lambayeque,Chiclayo,Jose Leonardo Ortiz,Costa,195000,Despliegue del modelo,0.05,19.9,2.6,65.9,618,19,3.07,2,0,1,0,0.0,1.03,5,3,Verde,0,0,0,0.0,3,1
2025-08-17,2025,34,Lima,Lima,Comas,Costa,525000,Despliegue del modelo,0.05,18.8,0.0,66.3,489,12,2.4,3,0,0,0,0.0,0.57,3,0,Verde,0,0,0,0.0,3,0
2025-08-17,2025,34,Lima,Lima,San Juan de Lurigancho,Costa,1120000,Despliegue del modelo,0.05,21.4,0.0,62.0,3074,28,0.9,3,0,0,0,0.0,0.27,8,5,Verde,0,0,0,0.0,7,4
2025-08-17,2025,34,Lima,Lima,Villa El Salvador,Costa,395000,Despliegue del modelo,0.05,19.4,0.0,62.3,676,11,1.57,1,0,0,0,0.0,0.25,3,2,Verde,0,0,0,0.0,2,1
2025-08-17,2025,34,Loreto,Maynas,Belen,Selva,78000,Despliegue del modelo,0.05,25.8,9.6,80.1,149,9,5.84,10,0,0,0,0.0,12.82,7,3,Amarillo,0,1,0,0.0,7,0
2025-08-17,2025,34,Loreto,Maynas,Iquitos,Selva,165000,Despliegue del modelo,0.05,25.5,13.6,82.4,441,36,8.22,12,2,2,0,0.0,7.27,13,1,Amarillo,0,0,0,0.0,10,0
2025-08-17,2025,34,Piura,Piura,Castilla,Costa,145000,Despliegue del modelo,0.05,20.3,3.0,61.9,529,14,2.71,2,0,0,0,0.0,1.38,3,1,Verde,0,0,0,0.0,2,0
2025-08-17,2025,34,Piura,Piura,Catacaos,Costa,72000,Despliegue del modelo,0.05,19.0,0.0,66.1,192,8,4.24,0,0,0,0,0.0,0.0,0,0,Verde,0,0,0,0.0,1,1
2025-08-17,2025,34,Piura,Piura,Piura,Costa,215000,Despliegue del modelo,0.05,22.1,2.4,62.1,465,11,2.34,2,0,1,0,0.0,0.93,4,2,Verde,0,0,0,0.0,3,1
2025-08-17,2025,34,Piura,Sullana,Sullana,Costa,180000,Despliegue del modelo,0.05,20.0,0.0,61.8,592,17,2.8,5,0,0,0,0.0,2.78,2,3,Verde,0,0,0,0.0,2,0
2025-08-17,2025,34,Ucayali,Coronel P.,Calleria,Selva,200000,Despliegue del modelo,0.05,25.2,35.4,81.7,520,33,6.27,15,0,0,0,0.0,7.5,11,4,Amarillo,0,0,0,0.0,13,0
2025-08-17,2025,34,Ucayali,Coronel P.,Yarinacocha,Selva,105000,Despliegue del modelo,0.05,24.7,19.5,81.1,167,12,7.36,7,1,1,0,0.0,6.67,6,1,Amarillo,0,0,0,0.0,7,0
2025-08-24,2025,35,La Libertad,Trujillo,El Porvenir,Costa,195000,Despliegue del modelo,0.05,20.0,0.0,65.5,531,16,3.1,3,1,1,0,0.0,1.54,3,0,Verde,0,0,0,0.0,2,0
2025-08-24,2025,35,La Libertad,Trujillo,La Esperanza,Costa,190000,Despliegue del modelo,0.05,21.0,1.0,66.7,376,10,2.62,1,0,0,0,0.0,0.53,1,0,Verde,0,0,0,0.0,2,1
2025-08-24,2025,35,La Libertad,Trujillo,Trujillo,Costa,320000,Despliegue del modelo,0.05,20.3,3.8,68.1,895,22,2.45,2,0,0,0,0.0,0.62,2,0,Verde,0,0,0,0.0,4,2
2025-08-24,2025,35,Lambayeque,Chiclayo,Chiclayo,Costa,290000,Despliegue del modelo,0.05,20.6,3.4,65.4,419,5,1.25,7,0,1,0,0.0,2.41,3,4,Verde,0,0,0,0.0,3,0
2025-08-24,2025,35,Lambayeque,Chiclayo,Jose Leonardo Ortiz,Costa,195000,Despliegue del modelo,0.05,19.8,1.9,65.0,456,14,3.09,3,0,0,0,0.0,1.54,3,0,Verde,0,0,0,0.0,3,0
2025-08-24,2025,35,Lima,Lima,Comas,Costa,525000,Despliegue del modelo,0.05,20.2,0.0,66.7,1294,33,2.52,1,0,0,0,0.0,0.19,3,2,Verde,0,0,0,0.0,2,1
2025-08-24,2025,35,Lima,Lima,San Juan de Lurigancho,Costa,1120000,Despliegue del modelo,0.05,20.3,4.8,67.1,4039,69,1.71,6,0,0,0,0.0,0.54,6,0,Verde,0,0,0,0.0,6,0
2025-08-24,2025,35,Lima,Lima,Villa El Salvador,Costa,395000,Despliegue del modelo,0.05,20.6,4.2,67.7,989,27,2.72,1,0,0,0,0.0,0.25,1,0,Verde,0,0,0,0.0,2,1
2025-08-24,2025,35,Loreto,Maynas,Belen,Selva,78000,Despliegue del modelo,0.05,25.9,22.5,83.1,187,10,5.43,5,1,2,0,0.0,6.41,8,3,Amarillo,0,0,0,0.0,7,2
2025-08-24,2025,35,Loreto,Maynas,Iquitos,Selva,165000,Despliegue del modelo,0.05,25.2,15.8,84.1,211,17,7.94,10,0,0,0,0.0,6.06,9,1,Amarillo,0,0,0,0.0,10,0
2025-08-24,2025,35,Piura,Piura,Castilla,Costa,145000,Despliegue del modelo,0.05,21.1,0.0,66.2,490,15,3.0,3,0,0,0,0.0,2.07,1,2,Verde,0,0,0,0.0,2,0
2025-08-24,2025,35,Piura,Piura,Catacaos,Costa,72000,Despliegue del modelo,0.05,18.8,6.8,64.3,238,10,4.29,1,0,0,0,0.0,1.39,2,1,Verde,0,0,0,0.0,1,0
2025-08-24,2025,35,Piura,Piura,Piura,Costa,215000,Despliegue del modelo,0.05,19.9,6.1,67.2,491,15,3.14,3,0,0,0,0.0,1.4,2,1,Verde,0,0,0,0.0,2,0
2025-08-24,2025,35,Piura,Sullana,Sullana,Costa,180000,Despliegue del modelo,0.05,20.4,0.0,62.3,165,5,3.33,1,0,0,0,0.0,0.56,2,1,Verde,0,0,0,0.0,2,1
2025-08-24,2025,35,Ucayali,Coronel P.,Calleria,Selva,200000,Despliegue del modelo,0.05,26.6,40.2,83.3,474,29,6.19,9,0,0,0,0.0,4.5,13,4,Amarillo,0,0,0,0.0,12,3
2025-08-24,2025,35,Ucayali,Coronel P.,Yarinacocha,Selva,105000,Despliegue del modelo,0.05,24.9,0.0,80.0,211,14,6.45,5,0,0,0,0.0,4.76,2,3,Verde,0,0,0,0.0,7,2
2025-08-31,2025,36,La Libertad,Trujillo,El Porvenir,Costa,195000,Despliegue del modelo,0.05,20.9,0.0,66.5,443,17,3.78,1,1,1,0,0.0,0.51,2,1,Verde,0,0,0,0.0,2,1
2025-08-31,2025,36,La Libertad,Trujillo,La Esperanza,Costa,190000,Despliegue del modelo,0.05,20.8,0.0,67.1,462,12,2.55,1,0,0,0,0.0,0.53,1,0,Verde,0,0,0,0.0,2,1
2025-08-31,2025,36,La Libertad,Trujillo,Trujillo,Costa,320000,Despliegue del modelo,0.05,20.9,0.0,65.3,701,26,3.64,6,0,0,0,0.0,1.87,5,1,Verde,0,0,0,0.0,3,0
2025-08-31,2025,36,Lambayeque,Chiclayo,Chiclayo,Costa,290000,Despliegue del modelo,0.05,20.0,1.5,63.7,203,7,3.41,0,0,0,0,0.0,0.0,3,3,Verde,0,0,0,0.0,3,3
2025-08-31,2025,36,Lambayeque,Chiclayo,Jose Leonardo Ortiz,Costa,195000,Despliegue del modelo,0.05,20.8,2.1,66.8,572,21,3.71,4,0,0,0,0.0,2.05,3,1,Verde,0,0,0,0.0,2,0
2025-08-31,2025,36,Lima,Lima,Comas,Costa,525000,Despliegue del modelo,0.05,20.3,2.0,63.3,1278,19,1.51,2,0,1,0,0.0,0.38,1,1,Verde,0,0,0,0.0,2,0
2025-08-31,2025,36,Lima,Lima,San Juan de Lurigancho,Costa,1120000,Despliegue del modelo,0.05,18.9,0.0,66.6,2742,57,2.07,4,0,0,0,0.0,0.36,4,0,Verde,0,0,0,0.0,6,2
2025-08-31,2025,36,Lima,Lima,Villa El Salvador,Costa,395000,Despliegue del modelo,0.05,19.5,0.0,66.3,1761,30,1.71,1,0,0,0,0.0,0.25,0,1,Verde,0,0,0,0.0,2,1
2025-08-31,2025,36,Loreto,Maynas,Belen,Selva,78000,Despliegue del modelo,0.05,25.6,34.5,83.5,180,11,6.28,11,0,1,0,0.0,14.1,5,6,Amarillo,0,1,0,0.0,6,0
2025-08-31,2025,36,Loreto,Maynas,Iquitos,Selva,165000,Despliegue del modelo,0.05,25.8,40.8,83.8,515,35,6.74,10,0,1,0,0.0,6.06,12,2,Amarillo,0,0,0,0.0,9,0
2025-08-31,2025,36,Piura,Piura,Castilla,Costa,145000,Despliegue del modelo,0.05,19.9,2.4,64.8,264,8,2.87,2,0,0,0,0.0,1.38,1,1,Verde,0,0,0,0.0,1,0
2025-08-31,2025,36,Piura,Piura,Catacaos,Costa,72000,Despliegue del modelo,0.05,19.1,3.8,62.7,168,6,3.67,1,0,0,0,0.0,1.39,1,0,Verde,0,0,0,0.0,1,0
2025-08-31,2025,36,Piura,Piura,Piura,Costa,215000,Despliegue del modelo,0.05,20.2,0.0,68.0,754,26,3.39,2,0,0,0,0.0,0.93,4,2,Verde,0,0,0,0.0,2,0
2025-08-31,2025,36,Piura,Sullana,Sullana,Costa,180000,Despliegue del modelo,0.05,18.4,0.0,65.3,667,21,3.18,2,0,0,0,0.0,1.11,3,1,Verde,0,0,0,0.0,2,0
2025-08-31,2025,36,Ucayali,Coronel P.,Calleria,Selva,200000,Despliegue del modelo,0.05,26.4,31.5,82.5,733,46,6.25,13,1,1,0,0.0,6.5,12,1,Amarillo,0,0,0,0.0,11,0
2025-08-31,2025,36,Ucayali,Coronel P.,Yarinacocha,Selva,105000,Despliegue del modelo,0.05,25.4,20.8,82.8,215,15,6.84,8,1,1,0,0.0,7.62,8,0,Amarillo,0,0,0,0.0,7,0
2025-09-07,2025,37,La Libertad,Trujillo,El Porvenir,Costa,195000,Despliegue del modelo,0.05,20.5,1.9,69.4,299,10,3.24,2,0,0,0,0.0,1.03,2,0,Verde,0,0,0,0.0,2,0
2025-09-07,2025,37,La Libertad,Trujillo,La Esperanza,Costa,190000,Despliegue del modelo,0.05,21.2,0.0,62.9,403,9,2.34,1,0,0,0,0.0,0.53,1,0,Verde,0,0,0,0.0,1,0
2025-09-07,2025,37,La Libertad,Trujillo,Trujillo,Costa,320000,Despliegue del modelo,0.05,20.8,0.0,67.3,989,25,2.54,2,0,0,0,0.0,0.62,2,0,Verde,0,0,0,0.0,3,1
2025-09-07,2025,37,Lambayeque,Chiclayo,Chiclayo,Costa,290000,Despliegue del modelo,0.05,20.6,1.0,65.2,937,25,2.63,4,1,1,0,0.0,1.38,3,1,Verde,0,0,0,0.0,2,0
2025-09-07,2025,37,Lambayeque,Chiclayo,Jose Leonardo Ortiz,Costa,195000,Despliegue del modelo,0.05,19.3,0.0,65.3,536,15,2.79,4,0,0,0,0.0,2.05,4,0,Verde,0,0,0,0.0,2,0
2025-09-07,2025,37,Lima,Lima,Comas,Costa,525000,Despliegue del modelo,0.05,20.8,0.0,65.1,2128,46,2.16,3,0,0,0,0.0,0.57,1,2,Verde,0,0,0,0.0,2,0
2025-09-07,2025,37,Lima,Lima,San Juan de Lurigancho,Costa,1120000,Despliegue del modelo,0.05,20.7,0.0,65.0,3114,74,2.39,6,0,0,0,0.0,0.54,6,0,Verde,0,0,0,0.0,5,0
2025-09-07,2025,37,Lima,Lima,Villa El Salvador,Costa,395000,Despliegue del modelo,0.05,19.1,0.7,67.4,779,17,2.14,0,0,0,0,0.0,0.0,2,2,Verde,0,0,0,0.0,2,2
2025-09-07,2025,37,Loreto,Maynas,Belen,Selva,78000,Despliegue del modelo,0.05,27.2,27.9,85.9,150,10,6.76,4,0,1,0,0.0,5.13,6,2,Amarillo,0,0,0,0.0,6,2
2025-09-07,2025,37,Loreto,Maynas,Iquitos,Selva,165000,Despliegue del modelo,0.05,25.3,17.1,81.2,475,37,7.85,16,0,0,0,0.0,9.7,10,6,Amarillo,0,0,0,0.0,9,0
2025-09-07,2025,37,Piura,Piura,Castilla,Costa,145000,Despliegue del modelo,0.05,19.4,0.0,67.9,355,11,3.18,0,0,0,0,0.0,0.0,2,2,Verde,0,0,0,0.0,1,1
2025-09-07,2025,37,Piura,Piura,Catacaos,Costa,72000,Despliegue del modelo,0.05,21.1,0.0,67.6,281,9,3.32,2,0,0,0,0.0,2.78,1,1,Verde,0,0,0,0.0,1,0
2025-09-07,2025,37,Piura,Piura,Piura,Costa,215000,Despliegue del modelo,0.05,20.3,0.0,62.2,567,20,3.45,1,0,0,0,0.0,0.47,1,0,Verde,0,0,0,0.0,2,1
2025-09-07,2025,37,Piura,Sullana,Sullana,Costa,180000,Despliegue del modelo,0.05,20.6,0.1,67.0,737,23,3.1,2,0,0,0,0.0,1.11,0,2,Verde,0,0,0,0.0,2,0
2025-09-07,2025,37,Ucayali,Coronel P.,Calleria,Selva,200000,Despliegue del modelo,0.05,25.4,44.3,80.4,388,26,6.58,11,0,1,0,0.0,5.5,9,2,Verde,0,0,0,0.0,11,0
2025-09-07,2025,37,Ucayali,Coronel P.,Yarinacocha,Selva,105000,Despliegue del modelo,0.05,26.6,27.5,85.5,353,26,7.26,6,0,0,0,0.0,5.71,5,1,Verde,0,0,0,0.0,6,0
2025-09-14,2025,38,La Libertad,Trujillo,El Porvenir,Costa,195000,Despliegue del modelo,0.06,21.1,0.0,66.3,833,21,2.54,2,1,1,0,0.0,1.03,2,0,Verde,0,0,0,0.0,2,0
2025-09-14,2025,38,La Libertad,Trujillo,La Esperanza,Costa,190000,Despliegue del modelo,0.06,21.8,3.2,65.2,542,11,2.09,0,0,0,0,0.0,0.0,1,1,Verde,0,0,0,0.0,1,1
2025-09-14,2025,38,La Libertad,Trujillo,Trujillo,Costa,320000,Despliegue del modelo,0.06,20.3,0.0,67.2,344,9,2.58,2,0,0,0,0.0,0.62,3,1,Verde,0,0,0,0.0,3,1
2025-09-14,2025,38,Lambayeque,Chiclayo,Chiclayo,Costa,290000,Despliegue del modelo,0.06,20.1,0.9,65.9,478,10,2.05,3,0,0,0,0.0,1.03,1,2,Verde,0,0,0,0.0,2,0
2025-09-14,2025,38,Lambayeque,Chiclayo,Jose Leonardo Ortiz,Costa,195000,Despliegue del modelo,0.06,21.5,0.0,68.1,633,17,2.63,0,0,0,0,0.0,0.0,2,2,Verde,0,0,0,0.0,2,2
2025-09-14,2025,38,Lima,Lima,Comas,Costa,525000,Despliegue del modelo,0.06,20.7,0.0,68.0,1275,32,2.52,4,0,0,0,0.0,0.76,2,2,Verde,0,0,0,0.0,2,0
2025-09-14,2025,38,Lima,Lima,San Juan de Lurigancho,Costa,1120000,Despliegue del modelo,0.06,20.3,2.5,66.6,3159,81,2.55,3,0,0,0,0.0,0.27,5,2,Verde,0,0,0,0.0,5,2
2025-09-14,2025,38,Lima,Lima,Villa El Salvador,Costa,395000,Despliegue del modelo,0.06,22.0,0.0,66.0,1700,37,2.2,0,0,0,0,0.0,0.0,0,0,Verde,0,0,0,0.0,2,2
2025-09-14,2025,38,Loreto,Maynas,Belen,Selva,78000,Despliegue del modelo,0.06,25.5,23.1,79.2,254,18,6.92,7,0,0,0,0.0,8.97,6,1,Amarillo,0,0,0,0.0,6,0
2025-09-14,2025,38,Loreto,Maynas,Iquitos,Selva,165000,Despliegue del modelo,0.06,26.3,36.5,86.8,158,12,7.29,8,0,1,0,0.0,4.85,9,1,Amarillo,0,0,0,0.0,9,1
2025-09-14,2025,38,Piura,Piura,Castilla,Costa,145000,Despliegue del modelo,0.06,21.2,4.2,63.6,478,13,2.81,0,0,0,0,0.0,0.0,2,2,Verde,0,0,0,0.0,1,1
2025-09-14,2025,38,Piura,Piura,Catacaos,Costa,72000,Despliegue del modelo,0.06,21.5,4.1,67.8,224,6,2.66,0,0,0,0,0.0,0.0,0,0,Verde,0,0,0,0.0,1,1
2025-09-14,2025,38,Piura,Piura,Piura,Costa,215000,Despliegue del modelo,0.06,20.5,0.0,64.8,787,28,3.62,0,0,0,0,0.0,0.0,3,3,Verde,0,0,0,0.0,2,2
2025-09-14,2025,38,Piura,Sullana,Sullana,Costa,180000,Despliegue del modelo,0.06,22.5,0.0,68.1,566,20,3.59,2,1,1,0,0.0,1.11,2,0,Verde,0,0,0,0.0,2,0
2025-09-14,2025,38,Ucayali,Coronel P.,Calleria,Selva,200000,Despliegue del modelo,0.06,26.1,46.4,84.1,592,41,6.96,12,0,1,0,0.0,6.0,14,2,Amarillo,0,0,0,0.0,12,0
2025-09-14,2025,38,Ucayali,Coronel P.,Yarinacocha,Selva,105000,Despliegue del modelo,0.06,25.4,41.8,82.5,299,21,6.88,7,0,0,0,0.0,6.67,5,2,Verde,0,0,0,0.0,6,0
2025-09-21,2025,39,La Libertad,Trujillo,El Porvenir,Costa,195000,Despliegue del modelo,0.06,21.9,4.9,67.0,379,7,1.83,1,0,0,0,0.0,0.51,2,1,Verde,0,0,0,0.0,2,1
2025-09-21,2025,39,La Libertad,Trujillo,La Esperanza,Costa,190000,Despliegue del modelo,0.06,21.3,0.8,65.2,409,8,1.92,1,0,0,0,0.0,0.53,1,0,Verde,0,0,0,0.0,1,0
2025-09-21,2025,39,La Libertad,Trujillo,Trujillo,Costa,320000,Despliegue del modelo,0.06,21.1,0.0,68.0,763,20,2.59,3,1,1,0,0.0,0.94,3,0,Verde,0,0,0,0.0,3,0
2025-09-21,2025,39,Lambayeque,Chiclayo,Chiclayo,Costa,290000,Despliegue del modelo,0.06,21.6,2.6,68.7,874,25,2.86,2,0,0,0,0.0,0.69,2,0,Verde,0,0,0,0.0,2,0
2025-09-21,2025,39,Lambayeque,Chiclayo,Jose Leonardo Ortiz,Costa,195000,Despliegue del modelo,0.06,22.4,3.9,66.4,657,19,2.89,3,0,0,0,0.0,1.54,1,2,Verde,0,0,0,0.0,2,0
2025-09-21,2025,39,Lima,Lima,Comas,Costa,525000,Despliegue del modelo,0.06,21.5,0.0,67.9,1794,41,2.28,1,0,0,0,0.0,0.19,1,0,Verde,0,0,0,0.0,2,1
2025-09-21,2025,39,Lima,Lima,San Juan de Lurigancho,Costa,1120000,Despliegue del modelo,0.06,21.1,8.7,67.7,3210,76,2.37,7,0,0,0,0.0,0.62,5,2,Verde,0,0,0,0.0,5,0
2025-09-21,2025,39,Lima,Lima,Villa El Salvador,Costa,395000,Despliegue del modelo,0.06,21.9,0.0,70.0,1011,16,1.62,2,0,0,0,0.0,0.51,0,2,Verde,0,0,0,0.0,2,0
2025-09-21,2025,39,Loreto,Maynas,Belen,Selva,78000,Despliegue del modelo,0.06,25.7,25.6,82.6,279,19,6.73,6,0,0,0,0.0,7.69,7,1,Amarillo,0,0,0,0.0,7,1
2025-09-21,2025,39,Loreto,Maynas,Iquitos,Selva,165000,Despliegue del modelo,0.06,26.4,35.3,83.9,473,35,7.39,8,1,1,0,0.0,4.85,10,2,Amarillo,0,0,0,0.0,9,1
2025-09-21,2025,39,Piura,Piura,Castilla,Costa,145000,Despliegue del modelo,0.06,21.1,1.4,64.0,382,10,2.72,1,0,0,0,0.0,0.69,2,1,Verde,0,0,0,0.0,1,0
2025-09-21,2025,39,Piura,Piura,Catacaos,Costa,72000,Despliegue del modelo,0.06,19.4,0.0,67.5,237,7,2.81,0,0,0,0,0.0,0.0,1,1,Verde,0,0,0,0.0,1,1
2025-09-21,2025,39,Piura,Piura,Piura,Costa,215000,Despliegue del modelo,0.06,21.0,4.6,67.4,542,20,3.67,1,0,0,0,0.0,0.47,3,2,Verde,0,0,0,0.0,2,1
2025-09-21,2025,39,Piura,Sullana,Sullana,Costa,180000,Despliegue del modelo,0.06,20.6,0.0,68.8,613,18,2.91,1,0,0,0,0.0,0.56,2,1,Verde,0,0,0,0.0,2,1
2025-09-21,2025,39,Ucayali,Coronel P.,Calleria,Selva,200000,Despliegue del modelo,0.06,25.8,54.9,81.6,435,30,6.93,15,1,2,0,0.0,7.5,11,4,Amarillo,0,0,0,0.0,13,0
2025-09-21,2025,39,Ucayali,Coronel P.,Yarinacocha,Selva,105000,Despliegue del modelo,0.06,25.4,39.0,83.0,238,15,6.17,12,0,1,0,0.0,11.43,4,8,Verde,0,0,0,0.0,6,0
2025-09-28,2025,40,La Libertad,Trujillo,El Porvenir,Costa,195000,Despliegue del modelo,0.06,22.4,2.4,69.7,502,13,2.67,1,0,0,0,0.0,0.51,2,1,Verde,0,0,0,0.0,2,1
2025-09-28,2025,40,La Libertad,Trujillo,La Esperanza,Costa,190000,Despliegue del modelo,0.06,21.3,0.0,67.3,420,10,2.49,0,0,0,0,0.0,0.0,0,0,Verde,0,0,0,0.0,1,1
2025-09-28,2025,40,La Libertad,Trujillo,Trujillo,Costa,320000,Despliegue del modelo,0.06,22.4,0.0,65.9,1292,35,2.72,3,0,0,0,0.0,0.94,2,1,Verde,0,0,0,0.0,3,0
2025-09-28,2025,40,Lambayeque,Chiclayo,Chiclayo,Costa,290000,Despliegue del modelo,0.06,22.7,3.9,69.7,671,17,2.58,2,0,0,0,0.0,0.69,2,0,Verde,0,0,0,0.0,2,0
2025-09-28,2025,40,Lambayeque,Chiclayo,Jose Leonardo Ortiz,Costa,195000,Despliegue del modelo,0.06,22.7,0.0,67.9,415,13,3.08,3,0,0,0,0.0,1.54,3,0,Verde,0,0,0,0.0,2,0
2025-09-28,2025,40,Lima,Lima,Comas,Costa,525000,Despliegue del modelo,0.06,21.3,3.3,70.9,1927,35,1.83,3,1,1,0,0.0,0.57,4,1,Verde,0,0,0,0.0,2,0
2025-09-28,2025,40,Lima,Lima,San Juan de Lurigancho,Costa,1120000,Despliegue del modelo,0.06,22.2,0.0,73.9,3675,86,2.35,1,0,0,0,0.0,0.09,7,6,Verde,0,0,0,0.0,5,4
2025-09-28,2025,40,Lima,Lima,Villa El Salvador,Costa,395000,Despliegue del modelo,0.06,21.8,4.0,69.6,1460,29,2.0,1,0,1,0,0.0,0.25,1,0,Verde,0,0,0,0.0,2,1
2025-09-28,2025,40,Loreto,Maynas,Belen,Selva,78000,Despliegue del modelo,0.06,25.6,30.9,83.6,263,21,7.99,4,0,0,0,0.0,5.13,7,3,Amarillo,0,0,0,0.0,7,3
2025-09-28,2025,40,Loreto,Maynas,Iquitos,Selva,165000,Despliegue del modelo,0.06,26.2,53.2,82.8,842,61,7.28,5,0,0,0,0.0,3.03,8,3,Verde,0,0,0,0.0,9,4
2025-09-28,2025,40,Piura,Piura,Castilla,Costa,145000,Despliegue del modelo,0.06,21.8,7.2,71.3,503,16,3.09,3,0,0,0,0.0,2.07,3,0,Verde,0,0,0,0.0,1,0
2025-09-28,2025,40,Piura,Piura,Catacaos,Costa,72000,Despliegue del modelo,0.06,21.2,0.9,66.5,143,6,3.88,2,0,1,0,0.0,2.78,2,0,Verde,0,0,0,0.0,1,0
2025-09-28,2025,40,Piura,Piura,Piura,Costa,215000,Despliegue del modelo,0.06,21.3,1.3,68.7,788,30,3.84,2,0,0,0,0.0,0.93,3,1,Verde,0,0,0,0.0,2,0
2025-09-28,2025,40,Piura,Sullana,Sullana,Costa,180000,Despliegue del modelo,0.06,23.1,3.8,69.7,347,10,2.95,3,1,1,0,0.0,1.67,3,0,Verde,0,0,0,0.0,2,0
2025-09-28,2025,40,Ucayali,Coronel P.,Calleria,Selva,200000,Despliegue del modelo,0.06,26.4,40.3,81.0,593,47,7.85,18,1,2,0,0.0,9.0,12,6,Amarillo,0,0,0,0.0,14,0
2025-09-28,2025,40,Ucayali,Coronel P.,Yarinacocha,Selva,105000,Despliegue del modelo,0.06,26.3,51.8,83.1,194,12,6.26,9,2,2,0,0.0,8.57,8,1,Amarillo,0,0,0,0.0,6,0
2025-10-05,2025,41,La Libertad,Trujillo,El Porvenir,Costa,195000,Despliegue del modelo,0.07,23.2,0.0,70.6,330,8,2.34,1,0,0,0,0.0,0.51,2,1,Verde,0,0,0,0.0,2,1
2025-10-05,2025,41,La Libertad,Trujillo,La Esperanza,Costa,190000,Despliegue del modelo,0.07,22.9,0.0,68.4,326,9,2.66,2,0,0,0,0.0,1.05,2,0,Verde,0,0,0,0.0,2,0
2025-10-05,2025,41,La Libertad,Trujillo,Trujillo,Costa,320000,Despliegue del modelo,0.07,22.7,2.7,68.9,407,11,2.79,5,0,1,0,0.0,1.56,2,3,Verde,0,0,0,0.0,3,0
2025-10-05,2025,41,Lambayeque,Chiclayo,Chiclayo,Costa,290000,Despliegue del modelo,0.07,23.6,0.0,67.7,247,5,2.22,2,0,0,0,0.0,0.69,3,1,Verde,0,0,0,0.0,3,1
2025-10-05,2025,41,Lambayeque,Chiclayo,Jose Leonardo Ortiz,Costa,195000,Despliegue del modelo,0.07,21.7,3.0,68.7,242,8,3.12,2,0,1,0,0.0,1.03,2,0,Verde,0,0,0,0.0,2,0
2025-10-05,2025,41,Lima,Lima,Comas,Costa,525000,Despliegue del modelo,0.07,21.2,7.7,70.5,419,8,1.82,2,0,0,0,0.0,0.38,2,0,Verde,0,0,0,0.0,2,0
2025-10-05,2025,41,Lima,Lima,San Juan de Lurigancho,Costa,1120000,Despliegue del modelo,0.07,22.3,6.4,70.1,1081,28,2.59,6,0,0,0,0.0,0.54,6,0,Verde,0,0,0,0.0,6,0
2025-10-05,2025,41,Lima,Lima,Villa El Salvador,Costa,395000,Despliegue del modelo,0.07,23.1,0.3,68.2,801,21,2.58,1,0,0,0,0.0,0.25,2,1,Verde,0,0,0,0.0,2,1
2025-10-05,2025,41,Loreto,Maynas,Belen,Selva,78000,Despliegue del modelo,0.07,26.5,15.3,85.5,234,19,7.91,11,0,1,0,0.0,14.1,6,5,Amarillo,0,1,0,0.0,7,0
2025-10-05,2025,41,Loreto,Maynas,Iquitos,Selva,165000,Despliegue del modelo,0.07,27.1,34.0,84.8,413,29,7.03,11,2,2,0,0.0,6.67,10,1,Amarillo,0,0,0,0.0,10,0
2025-10-05,2025,41,Piura,Piura,Castilla,Costa,145000,Despliegue del modelo,0.07,22.1,0.0,70.8,524,20,3.89,1,0,0,0,0.0,0.69,2,1,Verde,0,0,0,0.0,1,0
2025-10-05,2025,41,Piura,Piura,Catacaos,Costa,72000,Despliegue del modelo,0.07,21.8,3.6,68.7,183,7,3.84,2,0,0,0,0.0,2.78,0,2,Verde,0,0,0,0.0,1,0
2025-10-05,2025,41,Piura,Piura,Piura,Costa,215000,Despliegue del modelo,0.07,22.6,4.4,68.7,829,24,2.87,1,0,0,0,0.0,0.47,5,4,Verde,0,0,0,0.0,2,1
2025-10-05,2025,41,Piura,Sullana,Sullana,Costa,180000,Despliegue del modelo,0.07,22.2,3.7,69.0,595,22,3.64,1,0,0,0,0.0,0.56,3,2,Verde,0,0,0,0.0,2,1
2025-10-05,2025,41,Ucayali,Coronel P.,Calleria,Selva,200000,Despliegue del modelo,0.07,26.8,40.6,87.5,316,24,7.7,16,0,0,0,0.0,8.0,12,4,Amarillo,0,0,0,0.0,14,0
2025-10-05,2025,41,Ucayali,Coronel P.,Yarinacocha,Selva,105000,Despliegue del modelo,0.07,27.4,42.2,81.9,312,20,6.55,10,0,1,0,0.0,9.52,7,3,Amarillo,0,0,0,0.0,7,0
2025-10-12,2025,42,La Libertad,Trujillo,El Porvenir,Costa,195000,Despliegue del modelo,0.07,24.2,6.8,71.0,828,20,2.43,2,0,0,0,0.0,1.03,2,0,Verde,0,0,0,0.0,2,0
2025-10-12,2025,42,La Libertad,Trujillo,La Esperanza,Costa,190000,Despliegue del modelo,0.07,23.3,8.3,69.7,289,8,2.86,3,0,0,0,0.0,1.58,0,3,Verde,0,0,0,0.0,2,0
2025-10-12,2025,42,La Libertad,Trujillo,Trujillo,Costa,320000,Despliegue del modelo,0.07,22.1,2.0,68.2,875,16,1.79,1,0,0,0,0.0,0.31,4,3,Verde,0,0,0,0.0,4,3
2025-10-12,2025,42,Lambayeque,Chiclayo,Chiclayo,Costa,290000,Despliegue del modelo,0.07,22.9,2.2,72.4,464,14,3.03,3,0,1,0,0.0,1.03,3,0,Verde,0,0,0,0.0,3,0
2025-10-12,2025,42,Lambayeque,Chiclayo,Jose Leonardo Ortiz,Costa,195000,Despliegue del modelo,0.07,22.4,0.0,69.4,566,19,3.34,5,0,0,0,0.0,2.56,3,2,Verde,0,0,0,0.0,3,0
2025-10-12,2025,42,Lima,Lima,Comas,Costa,525000,Despliegue del modelo,0.07,23.3,0.0,72.5,1999,48,2.38,0,0,0,0,0.0,0.0,3,3,Verde,0,0,0,0.0,2,2
2025-10-12,2025,42,Lima,Lima,San Juan de Lurigancho,Costa,1120000,Despliegue del modelo,0.07,22.4,11.8,70.6,3689,96,2.61,8,0,0,0,0.0,0.71,3,5,Verde,0,0,0,0.0,6,0
2025-10-12,2025,42,Lima,Lima,Villa El Salvador,Costa,395000,Despliegue del modelo,0.07,23.2,5.0,71.4,840,31,3.69,1,0,0,0,0.0,0.25,2,1,Verde,0,0,0,0.0,2,1
2025-10-12,2025,42,Loreto,Maynas,Belen,Selva,78000,Despliegue del modelo,0.07,26.7,51.9,83.5,213,15,7.22,5,0,0,0,0.0,6.41,7,2,Amarillo,0,0,0,0.0,7,2
2025-10-12,2025,42,Loreto,Maynas,Iquitos,Selva,165000,Despliegue del modelo,0.07,25.6,26.2,82.7,471,39,8.28,5,0,0,0,0.0,3.03,8,3,Verde,0,0,0,0.0,10,5
2025-10-12,2025,42,Piura,Piura,Castilla,Costa,145000,Despliegue del modelo,0.07,21.2,0.0,66.0,285,8,2.69,1,0,0,0,0.0,0.69,3,2,Verde,0,0,0,0.0,2,1
2025-10-12,2025,42,Piura,Piura,Catacaos,Costa,72000,Despliegue del modelo,0.07,22.7,0.0,71.2,215,7,3.29,1,0,0,0,0.0,1.39,0,1,Verde,0,0,0,0.0,1,0
2025-10-12,2025,42,Piura,Piura,Piura,Costa,215000,Despliegue del modelo,0.07,21.6,4.0,69.2,561,14,2.53,4,0,0,0,0.0,1.86,1,3,Verde,0,0,0,0.0,2,0
2025-10-12,2025,42,Piura,Sullana,Sullana,Costa,180000,Despliegue del modelo,0.07,22.1,5.9,73.3,488,15,3.06,4,0,1,0,0.0,2.22,2,2,Verde,0,0,0,0.0,2,0
2025-10-12,2025,42,Ucayali,Coronel P.,Calleria,Selva,200000,Despliegue del modelo,0.07,26.0,41.0,83.8,635,51,8.0,15,1,2,0,0.0,7.5,13,2,Amarillo,0,0,0,0.0,15,0
2025-10-12,2025,42,Ucayali,Coronel P.,Yarinacocha,Selva,105000,Despliegue del modelo,0.07,25.0,43.0,81.5,392,29,7.4,9,0,0,0,0.0,8.57,5,4,Amarillo,0,0,0,0.0,7,0
2025-10-19,2025,43,La Libertad,Trujillo,El Porvenir,Costa,195000,Despliegue del modelo,0.08,23.5,8.5,67.7,619,18,2.88,2,0,0,0,0.0,1.03,1,1,Verde,0,0,0,0.0,3,1
2025-10-19,2025,43,La Libertad,Trujillo,La Esperanza,Costa,190000,Despliegue del modelo,0.08,22.9,5.7,69.9,801,27,3.37,4,1,1,0,0.0,2.11,2,2,Verde,0,0,0,0.0,2,0
2025-10-19,2025,43,La Libertad,Trujillo,Trujillo,Costa,320000,Despliegue del modelo,0.08,22.4,6.0,66.9,836,20,2.45,3,0,0,0,0.0,0.94,3,0,Verde,0,0,0,0.0,4,1
2025-10-19,2025,43,Lambayeque,Chiclayo,Chiclayo,Costa,290000,Despliegue del modelo,0.08,21.8,4.8,74.1,924,24,2.62,2,0,0,0,0.0,0.69,2,0,Verde,0,0,0,0.0,4,2
2025-10-19,2025,43,Lambayeque,Chiclayo,Jose Leonardo Ortiz,Costa,195000,Despliegue del modelo,0.08,23.4,12.0,70.7,514,16,3.09,2,0,0,0,0.0,1.03,5,3,Verde,0,0,0,0.0,3,1
2025-10-19,2025,43,Lima,Lima,Comas,Costa,525000,Despliegue del modelo,0.08,23.2,0.0,69.9,1273,22,1.7,4,0,1,0,0.0,0.76,3,1,Verde,0,0,0,0.0,3,0
2025-10-19,2025,43,Lima,Lima,San Juan de Lurigancho,Costa,1120000,Despliegue del modelo,0.08,22.6,3.5,75.2,3126,78,2.49,7,0,0,0,0.0,0.62,7,0,Verde,0,0,0,0.0,7,0
2025-10-19,2025,43,Lima,Lima,Villa El Salvador,Costa,395000,Despliegue del modelo,0.08,23.5,6.7,70.4,1156,26,2.28,1,0,0,0,0.0,0.25,2,1,Verde,0,0,0,0.0,2,1
2025-10-19,2025,43,Loreto,Maynas,Belen,Selva,78000,Despliegue del modelo,0.08,26.7,65.5,85.4,312,26,8.32,12,0,0,0,0.0,15.38,8,4,Amarillo,0,1,0,0.0,8,0
2025-10-19,2025,43,Loreto,Maynas,Iquitos,Selva,165000,Despliegue del modelo,0.08,25.5,73.2,83.5,449,40,8.98,12,0,3,0,0.0,7.27,13,1,Amarillo,0,0,0,0.0,12,0
2025-10-19,2025,43,Piura,Piura,Castilla,Costa,145000,Despliegue del modelo,0.08,22.7,4.3,71.5,421,9,2.15,3,0,0,0,0.0,2.07,2,1,Verde,0,0,0,0.0,2,0
2025-10-19,2025,43,Piura,Piura,Catacaos,Costa,72000,Despliegue del modelo,0.08,23.2,3.3,69.3,120,4,3.26,1,0,0,0,0.0,1.39,2,1,Verde,0,0,0,0.0,1,0
2025-10-19,2025,43,Piura,Piura,Piura,Costa,215000,Despliegue del modelo,0.08,22.8,0.0,70.8,401,14,3.41,4,0,1,0,0.0,1.86,4,0,Verde,0,0,0,0.0,3,0
2025-10-19,2025,43,Piura,Sullana,Sullana,Costa,180000,Despliegue del modelo,0.08,24.0,4.8,72.0,431,13,3.02,3,0,0,0,0.0,1.67,2,1,Verde,0,0,0,0.0,2,0
2025-10-19,2025,43,Ucayali,Coronel P.,Calleria,Selva,200000,Despliegue del modelo,0.08,26.4,37.9,84.9,636,53,8.36,20,0,2,0,0.0,10.0,17,3,Amarillo,0,0,0,0.0,17,0
2025-10-19,2025,43,Ucayali,Coronel P.,Yarinacocha,Selva,105000,Despliegue del modelo,0.08,26.3,54.0,86.0,120,10,8.25,6,0,0,0,0.0,5.71,10,4,Amarillo,0,0,0,0.0,8,2
2025-10-26,2025,44,La Libertad,Trujillo,El Porvenir,Costa,195000,Despliegue del modelo,0.08,23.6,4.4,69.9,485,16,3.28,4,0,1,0,0.0,2.05,4,0,Verde,0,0,0,0.0,3,0
2025-10-26,2025,44,La Libertad,Trujillo,La Esperanza,Costa,190000,Despliegue del modelo,0.08,24.7,7.3,71.2,426,11,2.54,5,0,0,0,0.0,2.63,4,1,Verde,0,0,0,0.0,3,0
2025-10-26,2025,44,La Libertad,Trujillo,Trujillo,Costa,320000,Despliegue del modelo,0.08,23.5,4.7,73.7,693,22,3.17,6,1,1,0,0.0,1.87,6,0,Verde,0,0,0,0.0,5,0
2025-10-26,2025,44,Lambayeque,Chiclayo,Chiclayo,Costa,290000,Despliegue del modelo,0.08,23.7,0.0,67.8,759,21,2.78,6,0,0,0,0.0,2.07,6,0,Verde,0,0,0,0.0,5,0
2025-10-26,2025,44,Lambayeque,Chiclayo,Jose Leonardo Ortiz,Costa,195000,Despliegue del modelo,0.08,22.7,3.9,69.5,551,18,3.25,2,0,0,0,0.0,1.03,3,1,Verde,0,0,0,0.0,4,2
2025-10-26,2025,44,Lima,Lima,Comas,Costa,525000,Despliegue del modelo,0.08,23.1,0.8,74.7,1599,36,2.27,1,0,0,0,0.0,0.19,5,4,Verde,0,0,0,0.0,3,2
2025-10-26,2025,44,Lima,Lima,San Juan de Lurigancho,Costa,1120000,Despliegue del modelo,0.08,23.2,6.2,72.2,2251,75,3.31,8,0,0,0,0.0,0.71,7,1,Verde,0,0,0,0.0,8,0
2025-10-26,2025,44,Lima,Lima,Villa El Salvador,Costa,395000,Despliegue del modelo,0.08,23.6,0.0,70.7,174,5,2.68,0,0,0,0,0.0,0.0,1,1,Verde,0,0,0,0.0,2,2
2025-10-26,2025,44,Loreto,Maynas,Belen,Selva,78000,Despliegue del modelo,0.08,26.0,51.6,85.6,579,38,6.64,3,0,0,0,0.0,3.85,10,7,Rojo,1,0,1,65.6,8,5
2025-10-26,2025,44,Loreto,Maynas,Iquitos,Selva,165000,Despliegue del modelo,0.08,26.8,46.0,82.4,638,49,7.75,18,1,5,0,0.0,10.91,12,6,Amarillo,0,0,0,0.0,12,0
2025-10-26,2025,44,Piura,Piura,Castilla,Costa,145000,Despliegue del modelo,0.08,22.5,5.7,72.1,416,12,2.85,1,0,0,0,0.0,0.69,2,1,Verde,0,0,0,0.0,3,2
2025-10-26,2025,44,Piura,Piura,Catacaos,Costa,72000,Despliegue del modelo,0.08,25.1,3.9,69.6,160,5,3.3,1,0,0,0,0.0,1.39,1,0,Verde,0,0,0,0.0,1,0
2025-10-26,2025,44,Piura,Piura,Piura,Costa,215000,Despliegue del modelo,0.08,22.2,11.0,72.3,476,14,2.95,7,0,0,0,0.0,3.26,3,4,Verde,0,0,0,0.0,4,0
2025-10-26,2025,44,Piura,Sullana,Sullana,Costa,180000,Despliegue del modelo,0.08,23.2,4.5,70.8,268,9,3.28,3,0,1,0,0.0,1.67,3,0,Verde,0,0,0,0.0,3,0
2025-10-26,2025,44,Ucayali,Coronel P.,Calleria,Selva,200000,Despliegue del modelo,0.08,26.9,62.0,86.4,546,42,7.69,19,0,1,0,0.0,9.5,15,4,Amarillo,0,0,0,0.0,18,0
2025-10-26,2025,44,Ucayali,Coronel P.,Yarinacocha,Selva,105000,Despliegue del modelo,0.08,26.3,45.2,82.7,293,25,8.63,11,1,1,0,0.0,10.48,11,0,Amarillo,0,0,0,0.0,9,0
2025-11-02,2025,45,La Libertad,Trujillo,El Porvenir,Costa,195000,Despliegue del modelo,0.09,22.4,5.4,72.2,508,18,3.48,6,0,0,0,0.0,3.08,5,1,Verde,0,0,0,0.0,4,0
2025-11-02,2025,45,La Libertad,Trujillo,La Esperanza,Costa,190000,Despliegue del modelo,0.09,23.6,4.7,69.4,537,12,2.29,4,0,0,0,0.0,2.11,3,1,Verde,0,0,0,0.0,3,0
2025-11-02,2025,45,La Libertad,Trujillo,Trujillo,Costa,320000,Despliegue del modelo,0.09,23.7,14.0,66.3,1218,32,2.65,5,0,0,0,0.0,1.56,5,0,Verde,0,0,0,0.0,6,1
2025-11-02,2025,45,Lambayeque,Chiclayo,Chiclayo,Costa,290000,Despliegue del modelo,0.09,24.7,5.4,72.6,650,17,2.67,8,0,1,0,0.0,2.76,6,2,Verde,0,0,0,0.0,6,0
2025-11-02,2025,45,Lambayeque,Chiclayo,Jose Leonardo Ortiz,Costa,195000,Despliegue del modelo,0.09,23.7,8.5,74.3,597,17,2.83,1,0,0,0,0.0,0.51,5,4,Verde,0,0,0,0.0,5,4
2025-11-02,2025,45,Lima,Lima,Comas,Costa,525000,Despliegue del modelo,0.09,24.2,6.0,70.8,1608,37,2.29,4,0,0,0,0.0,0.76,1,3,Verde,0,0,0,0.0,4,0
2025-11-02,2025,45,Lima,Lima,San Juan de Lurigancho,Costa,1120000,Despliegue del modelo,0.09,23.1,14.5,72.8,2737,63,2.31,18,2,2,0,0.0,1.61,8,10,Verde,0,0,0,0.0,9,0
2025-11-02,2025,45,Lima,Lima,Villa El Salvador,Costa,395000,Despliegue del modelo,0.09,24.0,4.3,70.1,1040,24,2.28,1,0,0,0,0.0,0.25,2,1,Verde,0,0,0,0.0,3,2
2025-11-02,2025,45,Loreto,Maynas,Belen,Selva,78000,Despliegue del modelo,0.09,27.1,55.1,87.4,651,37,5.66,4,1,1,0,0.0,5.13,10,6,Rojo,1,0,1,77.6,9,5
2025-11-02,2025,45,Loreto,Maynas,Iquitos,Selva,165000,Despliegue del modelo,0.09,26.8,56.0,86.9,227,19,8.54,11,0,0,0,0.0,6.67,13,2,Amarillo,0,0,0,0.0,13,2
2025-11-02,2025,45,Piura,Piura,Castilla,Costa,145000,Despliegue del modelo,0.09,25.2,7.8,69.3,506,18,3.47,2,0,0,0,0.0,1.38,1,1,Verde,0,0,0,0.0,3,1
2025-11-02,2025,45,Piura,Piura,Catacaos,Costa,72000,Despliegue del modelo,0.09,26.3,6.0,73.4,155,6,3.66,3,0,0,0,0.0,4.17,1,2,Verde,0,0,0,0.0,2,0
2025-11-02,2025,45,Piura,Piura,Piura,Costa,215000,Despliegue del modelo,0.09,23.5,5.0,73.9,466,16,3.34,5,0,0,0,0.0,2.33,6,1,Verde,0,0,0,0.0,5,0
2025-11-02,2025,45,Piura,Sullana,Sullana,Costa,180000,Despliegue del modelo,0.09,25.2,4.3,73.4,347,10,3.01,3,0,0,0,0.0,1.67,3,0,Verde,0,0,0,0.0,4,1
2025-11-02,2025,45,Ucayali,Coronel P.,Calleria,Selva,200000,Despliegue del modelo,0.09,27.2,69.3,87.2,735,67,9.17,29,1,2,0,0.0,14.5,20,9,Amarillo,0,1,0,0.0,20,0
2025-11-02,2025,45,Ucayali,Coronel P.,Yarinacocha,Selva,105000,Despliegue del modelo,0.09,28.0,71.2,85.2,284,24,8.39,7,0,2,0,0.0,6.67,8,1,Amarillo,0,0,0,0.0,10,3
2025-11-09,2025,46,La Libertad,Trujillo,El Porvenir,Costa,195000,Despliegue del modelo,0.09,25.6,6.6,71.1,384,12,3.01,9,0,0,0,0.0,4.62,5,4,Verde,0,0,0,0.0,5,0
2025-11-09,2025,46,La Libertad,Trujillo,La Esperanza,Costa,190000,Despliegue del modelo,0.09,25.4,12.1,73.4,406,10,2.54,2,0,1,0,0.0,1.05,5,3,Verde,0,0,0,0.0,4,2
2025-11-09,2025,46,La Libertad,Trujillo,Trujillo,Costa,320000,Despliegue del modelo,0.09,24.1,11.3,74.8,793,22,2.77,5,0,1,0,0.0,1.56,6,1,Verde,0,0,0,0.0,7,2
2025-11-09,2025,46,Lambayeque,Chiclayo,Chiclayo,Costa,290000,Despliegue del modelo,0.09,24.0,2.1,76.2,820,27,3.24,4,1,1,0,0.0,1.38,5,1,Verde,0,0,0,0.0,7,3
2025-11-09,2025,46,Lambayeque,Chiclayo,Jose Leonardo Ortiz,Costa,195000,Despliegue del modelo,0.09,24.4,2.9,77.4,585,19,3.18,5,1,1,0,0.0,2.56,7,2,Verde,0,0,0,0.0,5,0
2025-11-09,2025,46,Lima,Lima,Comas,Costa,525000,Despliegue del modelo,0.09,24.8,8.3,69.9,867,19,2.18,5,0,0,0,0.0,0.95,4,1,Verde,0,0,0,0.0,4,0
2025-11-09,2025,46,Lima,Lima,San Juan de Lurigancho,Costa,1120000,Despliegue del modelo,0.09,24.1,4.1,72.3,3371,93,2.76,10,0,0,0,0.0,0.89,9,1,Verde,0,0,0,0.0,10,0
2025-11-09,2025,46,Lima,Lima,Villa El Salvador,Costa,395000,Despliegue del modelo,0.09,25.1,5.5,75.0,973,16,1.66,5,0,0,0,0.0,1.27,3,2,Verde,0,0,0,0.0,3,0
2025-11-09,2025,46,Loreto,Maynas,Belen,Selva,78000,Despliegue del modelo,0.09,26.4,60.6,85.3,552,34,6.17,8,0,0,0,0.0,10.26,11,3,Rojo,1,0,1,81.1,10,2
2025-11-09,2025,46,Loreto,Maynas,Iquitos,Selva,165000,Despliegue del modelo,0.09,26.1,60.7,87.2,430,34,7.83,13,1,3,0,0.0,7.88,13,0,Amarillo,0,0,0,0.0,13,0
2025-11-09,2025,46,Piura,Piura,Castilla,Costa,145000,Despliegue del modelo,0.09,24.6,7.4,72.8,226,7,2.95,2,0,0,0,0.0,1.38,4,2,Verde,0,0,0,0.0,4,2
2025-11-09,2025,46,Piura,Piura,Catacaos,Costa,72000,Despliegue del modelo,0.09,26.6,7.2,69.2,203,6,2.98,3,0,0,0,0.0,4.17,2,1,Verde,0,0,0,0.0,2,0
2025-11-09,2025,46,Piura,Piura,Piura,Costa,215000,Despliegue del modelo,0.09,24.7,7.4,72.3,732,29,3.98,6,0,0,0,0.0,2.79,6,0,Verde,0,0,0,0.0,6,0
2025-11-09,2025,46,Piura,Sullana,Sullana,Costa,180000,Despliegue del modelo,0.09,25.9,0.4,73.8,626,23,3.66,3,0,0,0,0.0,1.67,7,4,Verde,0,0,0,0.0,5,2
2025-11-09,2025,46,Ucayali,Coronel P.,Calleria,Selva,200000,Despliegue del modelo,0.09,27.0,36.4,88.4,476,44,9.14,24,0,1,0,0.0,12.0,17,7,Amarillo,0,1,0,0.0,22,0
2025-11-09,2025,46,Ucayali,Coronel P.,Yarinacocha,Selva,105000,Despliegue del modelo,0.09,27.8,46.2,85.2,123,11,9.1,9,0,1,0,0.0,8.57,11,2,Amarillo,0,0,0,0.0,11,2
2025-11-16,2025,47,La Libertad,Trujillo,El Porvenir,Costa,195000,Despliegue del modelo,0.1,26.5,10.1,73.3,455,14,3.08,6,0,1,0,0.0,3.08,7,1,Verde,0,0,0,0.0,6,0
2025-11-16,2025,47,La Libertad,Trujillo,La Esperanza,Costa,190000,Despliegue del modelo,0.1,25.7,11.2,76.6,560,16,2.88,6,0,0,0,0.0,3.16,4,2,Verde,0,0,0,0.0,5,0
2025-11-16,2025,47,La Libertad,Trujillo,Trujillo,Costa,320000,Despliegue del modelo,0.1,25.3,6.6,78.1,413,11,2.69,6,0,0,0,0.0,1.87,10,4,Verde,0,0,0,0.0,9,3
2025-11-16,2025,47,Lambayeque,Chiclayo,Chiclayo,Costa,290000,Despliegue del modelo,0.1,24.1,7.9,75.0,864,31,3.57,7,0,2,0,0.0,2.41,9,2,Verde,0,0,0,0.0,8,1
2025-11-16,2025,47,Lambayeque,Chiclayo,Jose Leonardo Ortiz,Costa,195000,Despliegue del modelo,0.1,25.7,10.2,76.8,405,13,3.14,9,0,0,0,0.0,4.62,7,2,Verde,0,0,0,0.0,7,0
2025-11-16,2025,47,Lima,Lima,Comas,Costa,525000,Despliegue del modelo,0.1,24.2,2.4,77.0,660,13,2.04,2,1,1,0,0.0,0.38,4,2,Verde,0,0,0,0.0,5,3
2025-11-16,2025,47,Lima,Lima,San Juan de Lurigancho,Costa,1120000,Despliegue del modelo,0.1,25.5,4.5,75.2,3320,105,3.15,15,1,1,0,0.0,1.34,11,4,Verde,0,0,0,0.0,12,0
2025-11-16,2025,47,Lima,Lima,Villa El Salvador,Costa,395000,Despliegue del modelo,0.1,25.4,2.0,68.2,1326,32,2.39,6,2,2,0,0.0,1.52,2,4,Verde,0,0,0,0.0,3,0
2025-11-16,2025,47,Loreto,Maynas,Belen,Selva,78000,Despliegue del modelo,0.1,27.0,57.2,89.4,550,35,6.42,2,0,0,0,0.0,2.56,10,8,Rojo,1,0,1,61.8,11,9
2025-11-16,2025,47,Loreto,Maynas,Iquitos,Selva,165000,Despliegue del modelo,0.1,26.3,70.3,86.1,135,12,9.2,10,1,1,0,0.0,6.06,13,3,Amarillo,0,0,0,0.0,15,5
2025-11-16,2025,47,Piura,Piura,Castilla,Costa,145000,Despliegue del modelo,0.1,24.6,7.6,76.1,412,9,2.09,1,0,0,0,0.0,0.69,5,4,Verde,0,0,0,0.0,5,4
2025-11-16,2025,47,Piura,Piura,Catacaos,Costa,72000,Despliegue del modelo,0.1,23.2,0.8,73.2,261,8,3.01,2,0,0,0,0.0,2.78,4,2,Amarillo,0,0,0,0.0,2,0
2025-11-16,2025,47,Piura,Piura,Piura,Costa,215000,Despliegue del modelo,0.1,25.8,7.7,75.8,373,12,3.33,10,2,2,0,0.0,4.65,8,2,Verde,0,0,0,0.0,8,0
2025-11-16,2025,47,Piura,Sullana,Sullana,Costa,180000,Despliegue del modelo,0.1,26.0,10.5,75.3,655,25,3.87,9,1,2,0,0.0,5.0,6,3,Verde,0,0,0,0.0,6,0
2025-11-16,2025,47,Ucayali,Coronel P.,Calleria,Selva,200000,Despliegue del modelo,0.1,27.7,70.8,83.6,1755,116,6.6,13,1,1,0,0.0,6.5,25,12,Rojo,1,0,1,63.5,23,10
2025-11-16,2025,47,Ucayali,Coronel P.,Yarinacocha,Selva,105000,Despliegue del modelo,0.1,27.4,46.3,86.8,869,58,6.71,7,0,1,0,0.0,6.67,15,8,Rojo,1,0,1,66.4,12,5
2025-11-23,2025,48,La Libertad,Trujillo,El Porvenir,Costa,195000,Despliegue del modelo,0.11,26.2,10.3,74.8,616,20,3.26,5,0,0,0,0.0,2.56,5,0,Verde,0,0,0,0.0,7,2
2025-11-23,2025,48,La Libertad,Trujillo,La Esperanza,Costa,190000,Despliegue del modelo,0.11,25.3,7.9,76.8,429,13,3.14,3,0,0,0,0.0,1.58,7,4,Verde,0,0,0,0.0,6,3
2025-11-23,2025,48,La Libertad,Trujillo,Trujillo,Costa,320000,Despliegue del modelo,0.11,25.7,10.2,74.1,525,15,2.88,5,0,0,0,0.0,1.56,10,5,Verde,0,0,0,0.0,10,5
2025-11-23,2025,48,Lambayeque,Chiclayo,Chiclayo,Costa,290000,Despliegue del modelo,0.11,25.7,12.2,77.4,869,30,3.42,6,1,3,0,0.0,2.07,12,6,Verde,0,0,0,0.0,10,4
2025-11-23,2025,48,Lambayeque,Chiclayo,Jose Leonardo Ortiz,Costa,195000,Despliegue del modelo,0.11,25.6,16.8,76.5,464,15,3.28,8,1,1,0,0.0,4.1,8,0,Verde,0,0,0,0.0,8,0
2025-11-23,2025,48,Lima,Lima,Comas,Costa,525000,Despliegue del modelo,0.11,26.9,3.1,73.9,2023,48,2.37,4,0,0,0,0.0,0.76,6,2,Verde,0,0,0,0.0,5,1
2025-11-23,2025,48,Lima,Lima,San Juan de Lurigancho,Costa,1120000,Despliegue del modelo,0.11,23.8,9.2,75.2,3611,96,2.66,17,0,3,0,0.0,1.52,13,4,Verde,0,0,0,0.0,13,0
2025-11-23,2025,48,Lima,Lima,Villa El Salvador,Costa,395000,Despliegue del modelo,0.11,25.5,8.3,76.8,872,20,2.28,3,0,0,0,0.0,0.76,3,0,Verde,0,0,0,0.0,4,1
2025-11-23,2025,48,Loreto,Maynas,Belen,Selva,78000,Despliegue del modelo,0.11,26.3,59.7,86.6,626,40,6.45,6,0,0,0,0.0,7.69,10,4,Rojo,1,0,1,70.6,12,6
2025-11-23,2025,48,Loreto,Maynas,Iquitos,Selva,165000,Despliegue del modelo,0.11,26.5,54.2,88.1,489,42,8.68,21,1,3,0,0.0,12.73,17,4,Amarillo,0,1,0,0.0,16,0
2025-11-23,2025,48,Piura,Piura,Castilla,Costa,145000,Despliegue del modelo,0.11,26.1,9.0,78.0,243,7,2.94,7,0,0,0,0.0,4.83,6,1,Verde,0,0,0,0.0,6,0
2025-11-23,2025,48,Piura,Piura,Catacaos,Costa,72000,Despliegue del modelo,0.11,25.0,12.9,73.5,150,4,2.85,4,1,1,0,0.0,5.56,4,0,Amarillo,0,0,0,0.0,3,0
2025-11-23,2025,48,Piura,Piura,Piura,Costa,215000,Despliegue del modelo,0.11,25.7,12.3,75.2,534,22,4.05,11,0,0,0,0.0,5.12,8,3,Verde,0,0,0,0.0,10,0
2025-11-23,2025,48,Piura,Sullana,Sullana,Costa,180000,Despliegue del modelo,0.11,26.0,1.8,74.7,675,20,2.99,9,0,0,0,0.0,5.0,7,2,Verde,0,0,0,0.0,8,0
2025-11-23,2025,48,Ucayali,Coronel P.,Calleria,Selva,200000,Despliegue del modelo,0.11,28.6,60.1,88.5,1329,93,7.01,21,2,3,0,0.0,10.5,27,6,Rojo,1,0,1,74.4,26,5
2025-11-23,2025,48,Ucayali,Coronel P.,Yarinacocha,Selva,105000,Despliegue del modelo,0.11,27.6,63.1,84.8,733,46,6.23,10,0,0,0,0.0,9.52,15,5,Rojo,1,0,1,71.8,14,4
2025-11-30,2025,49,La Libertad,Trujillo,El Porvenir,Costa,195000,Despliegue del modelo,0.11,26.0,9.0,74.6,616,22,3.61,9,0,1,0,0.0,4.62,8,1,Verde,0,0,0,0.0,8,0
2025-11-30,2025,49,La Libertad,Trujillo,La Esperanza,Costa,190000,Despliegue del modelo,0.11,27.0,5.8,76.1,563,22,3.95,8,0,0,0,0.0,4.21,7,1,Verde,0,0,0,0.0,7,0
2025-11-30,2025,49,La Libertad,Trujillo,Trujillo,Costa,320000,Despliegue del modelo,0.11,26.1,4.5,75.3,831,22,2.71,8,0,0,0,0.0,2.5,15,7,Verde,0,0,0,0.0,12,4
2025-11-30,2025,49,Lambayeque,Chiclayo,Chiclayo,Costa,290000,Despliegue del modelo,0.11,25.7,14.4,75.4,1041,43,4.11,10,0,0,0,0.0,3.45,11,1,Verde,0,0,0,0.0,12,2
2025-11-30,2025,49,Lambayeque,Chiclayo,Jose Leonardo Ortiz,Costa,195000,Despliegue del modelo,0.11,25.7,8.9,74.0,464,13,2.76,14,0,0,0,0.0,7.18,10,4,Verde,0,0,0,0.0,10,0
2025-11-30,2025,49,Lima,Lima,Comas,Costa,525000,Despliegue del modelo,0.11,25.7,6.8,75.3,1674,28,1.68,5,0,0,0,0.0,0.95,7,2,Verde,0,0,0,0.0,6,1
2025-11-30,2025,49,Lima,Lima,San Juan de Lurigancho,Costa,1120000,Despliegue del modelo,0.11,27.4,10.5,75.3,2008,47,2.36,19,0,0,0,0.0,1.7,12,7,Verde,0,0,0,0.0,15,0
2025-11-30,2025,49,Lima,Lima,Villa El Salvador,Costa,395000,Despliegue del modelo,0.11,25.8,14.3,77.9,1470,25,1.68,4,0,0,0,0.0,1.01,5,1,Verde,0,0,0,0.0,4,0
2025-11-30,2025,49,Loreto,Maynas,Belen,Selva,78000,Despliegue del modelo,0.11,27.6,73.9,87.5,495,35,7.03,4,0,1,0,0.0,5.13,12,8,Rojo,1,0,1,82.8,14,10
2025-11-30,2025,49,Loreto,Maynas,Iquitos,Selva,165000,Despliegue del modelo,0.11,26.6,68.9,84.5,396,36,9.0,15,0,1,0,0.0,9.09,13,2,Amarillo,0,0,0,0.0,18,3
2025-11-30,2025,49,Piura,Piura,Castilla,Costa,145000,Despliegue del modelo,0.11,26.3,8.8,76.8,332,16,4.84,6,0,0,0,0.0,4.14,10,4,Amarillo,0,0,0,0.0,7,1
2025-11-30,2025,49,Piura,Piura,Catacaos,Costa,72000,Despliegue del modelo,0.11,26.6,16.1,78.3,218,8,3.84,2,0,0,0,0.0,2.78,4,2,Amarillo,0,0,0,0.0,4,2
2025-11-30,2025,49,Piura,Piura,Piura,Costa,215000,Despliegue del modelo,0.11,27.3,8.7,76.7,454,19,4.23,11,0,0,0,0.0,5.12,7,4,Verde,0,0,0,0.0,12,1
2025-11-30,2025,49,Piura,Sullana,Sullana,Costa,180000,Despliegue del modelo,0.11,26.6,0.5,76.8,161,6,3.62,4,0,0,0,0.0,2.22,9,5,Verde,0,0,0,0.0,10,6
2025-11-30,2025,49,Ucayali,Coronel P.,Calleria,Selva,200000,Despliegue del modelo,0.11,27.3,77.5,88.3,1542,112,7.29,14,1,1,1,7.14,7.0,32,18,Rojo,1,0,1,73.0,29,15
2025-11-30,2025,49,Ucayali,Coronel P.,Yarinacocha,Selva,105000,Despliegue del modelo,0.11,27.0,76.0,86.6,387,31,8.06,7,0,0,0,0.0,6.67,12,5,Amarillo,0,0,0,0.0,16,9
2025-12-07,2025,50,La Libertad,Trujillo,El Porvenir,Costa,195000,Despliegue del modelo,0.12,27.1,9.5,74.4,625,28,4.43,10,0,1,0,0.0,5.13,10,0,Amarillo,0,0,0,0.0,10,0
2025-12-07,2025,50,La Libertad,Trujillo,La Esperanza,Costa,190000,Despliegue del modelo,0.12,26.9,13.3,74.0,593,30,5.08,7,0,1,0,0.0,3.68,7,0,Verde,0,0,0,0.0,9,2
2025-12-07,2025,50,La Libertad,Trujillo,Trujillo,Costa,320000,Despliegue del modelo,0.12,25.7,10.4,73.0,997,33,3.34,12,0,0,0,0.0,3.75,13,1,Verde,0,0,0,0.0,14,2
2025-12-07,2025,50,Lambayeque,Chiclayo,Chiclayo,Costa,290000,Despliegue del modelo,0.12,25.7,11.1,75.6,799,34,4.31,12,1,2,0,0.0,4.14,15,3,Amarillo,0,0,0,0.0,14,2
2025-12-07,2025,50,Lambayeque,Chiclayo,Jose Leonardo Ortiz,Costa,195000,Despliegue del modelo,0.12,27.2,8.7,76.3,536,20,3.74,8,0,0,0,0.0,4.1,13,5,Amarillo,0,0,0,0.0,12,4
2025-12-07,2025,50,Lima,Lima,Comas,Costa,525000,Despliegue del modelo,0.12,26.3,12.0,76.6,1150,42,3.63,7,1,1,0,0.0,1.33,7,0,Verde,0,0,0,0.0,7,0
2025-12-07,2025,50,Lima,Lima,San Juan de Lurigancho,Costa,1120000,Despliegue del modelo,0.12,27.0,13.7,75.0,1607,47,2.9,15,0,0,0,0.0,1.34,19,4,Verde,0,0,0,0.0,17,2
2025-12-07,2025,50,Lima,Lima,Villa El Salvador,Costa,395000,Despliegue del modelo,0.12,26.6,11.6,74.9,1023,35,3.47,1,0,0,0,0.0,0.25,3,2,Verde,0,0,0,0.0,5,4
2025-12-07,2025,50,Loreto,Maynas,Belen,Selva,78000,Despliegue del modelo,0.12,28.3,65.7,85.6,452,32,7.12,9,1,2,0,0.0,11.54,19,10,Rojo,1,0,1,61.4,15,6
2025-12-07,2025,50,Loreto,Maynas,Iquitos,Selva,165000,Despliegue del modelo,0.12,27.7,66.3,85.3,222,20,9.2,17,0,1,0,0.0,10.3,20,3,Amarillo,0,0,0,0.0,20,3
2025-12-07,2025,50,Piura,Piura,Castilla,Costa,145000,Despliegue del modelo,0.12,26.8,13.0,77.6,400,19,4.64,4,1,1,0,0.0,2.76,12,8,Amarillo,0,0,0,0.0,9,5
2025-12-07,2025,50,Piura,Piura,Catacaos,Costa,72000,Despliegue del modelo,0.12,27.0,14.4,75.8,185,8,4.17,7,0,1,0,0.0,9.72,5,2,Amarillo,0,0,0,0.0,5,0
2025-12-07,2025,50,Piura,Piura,Piura,Costa,215000,Despliegue del modelo,0.12,26.3,7.0,80.0,417,20,4.76,16,0,1,0,0.0,7.44,13,3,Amarillo,0,0,0,0.0,14,0
2025-12-07,2025,50,Piura,Sullana,Sullana,Costa,180000,Despliegue del modelo,0.12,27.5,5.4,75.8,220,12,5.56,17,0,1,0,0.0,9.44,16,1,Amarillo,0,0,0,0.0,13,0
2025-12-07,2025,50,Ucayali,Coronel P.,Calleria,Selva,200000,Despliegue del modelo,0.12,27.8,78.0,87.8,1483,109,7.34,22,2,2,0,0.0,11.0,39,17,Rojo,1,0,1,80.4,33,11
2025-12-07,2025,50,Ucayali,Coronel P.,Yarinacocha,Selva,105000,Despliegue del modelo,0.12,27.8,77.1,85.7,849,68,8.04,8,0,0,0,0.0,7.62,18,10,Rojo,1,0,1,79.3,18,10
2025-12-14,2025,51,La Libertad,Trujillo,El Porvenir,Costa,195000,Despliegue del modelo,0.12,27.8,12.0,76.0,445,20,4.47,15,0,0,0,0.0,7.69,10,5,Amarillo,0,0,0,0.0,14,0
2025-12-14,2025,51,La Libertad,Trujillo,La Esperanza,Costa,190000,Despliegue del modelo,0.12,27.0,7.2,80.6,599,31,5.15,14,0,0,0,0.0,7.37,14,0,Amarillo,0,0,0,0.0,12,0
2025-12-14,2025,51,La Libertad,Trujillo,Trujillo,Costa,320000,Despliegue del modelo,0.12,27.4,15.2,72.8,726,30,4.14,17,0,0,0,0.0,5.31,14,3,Verde,0,0,0,0.0,18,1
2025-12-14,2025,51,Lambayeque,Chiclayo,Chiclayo,Costa,290000,Despliegue del modelo,0.12,27.4,16.8,75.0,686,24,3.45,20,2,5,0,0.0,6.9,18,2,Amarillo,0,0,0,0.0,17,0
2025-12-14,2025,51,Lambayeque,Chiclayo,Jose Leonardo Ortiz,Costa,195000,Despliegue del modelo,0.12,27.0,17.9,74.8,611,35,5.65,14,0,1,0,0.0,7.18,14,0,Amarillo,0,0,0,0.0,14,0
2025-12-14,2025,51,Lima,Lima,Comas,Costa,525000,Despliegue del modelo,0.12,26.8,15.0,78.6,1058,41,3.88,9,0,1,0,0.0,1.71,6,3,Verde,0,0,0,0.0,8,0
2025-12-14,2025,51,Lima,Lima,San Juan de Lurigancho,Costa,1120000,Despliegue del modelo,0.12,28.1,6.8,76.2,3866,156,4.03,24,2,2,0,0.0,2.14,19,5,Verde,0,0,0,0.0,20,0
2025-12-14,2025,51,Lima,Lima,Villa El Salvador,Costa,395000,Despliegue del modelo,0.12,27.4,15.1,75.7,999,34,3.43,4,0,0,0,0.0,1.01,5,1,Verde,0,0,0,0.0,6,2
2025-12-14,2025,51,Loreto,Maynas,Belen,Selva,78000,Despliegue del modelo,0.12,27.2,93.3,85.7,542,41,7.5,14,0,1,0,0.0,17.95,19,5,Rojo,1,1,1,81.2,16,2
2025-12-14,2025,51,Loreto,Maynas,Iquitos,Selva,165000,Despliegue del modelo,0.12,28.6,73.5,87.4,1141,113,9.89,13,0,0,0,0.0,7.88,24,11,Rojo,1,0,1,84.2,21,8
2025-12-14,2025,51,Piura,Piura,Castilla,Costa,145000,Despliegue del modelo,0.12,26.8,17.9,80.1,492,27,5.45,10,0,1,0,0.0,6.9,16,6,Amarillo,0,0,0,0.0,11,1
2025-12-14,2025,51,Piura,Piura,Catacaos,Costa,72000,Despliegue del modelo,0.12,27.0,13.3,77.0,206,9,4.44,9,1,1,0,0.0,12.5,6,3,Amarillo,0,1,0,0.0,6,0
2025-12-14,2025,51,Piura,Piura,Piura,Costa,215000,Despliegue del modelo,0.12,25.5,12.5,78.4,413,20,4.8,21,1,2,0,0.0,9.77,18,3,Amarillo,0,0,0,0.0,20,0
2025-12-14,2025,51,Piura,Sullana,Sullana,Costa,180000,Despliegue del modelo,0.12,26.8,17.7,76.7,373,19,5.12,18,0,3,0,0.0,10.0,15,3,Amarillo,0,0,0,0.0,17,0
2025-12-14,2025,51,Ucayali,Coronel P.,Calleria,Selva,200000,Despliegue del modelo,0.12,27.7,63.4,85.5,1303,102,7.86,19,0,0,0,0.0,9.5,31,12,Rojo,1,0,1,75.8,37,18
2025-12-14,2025,51,Ucayali,Coronel P.,Yarinacocha,Selva,105000,Despliegue del modelo,0.12,27.9,65.0,85.4,848,64,7.55,15,2,2,0,0.0,14.29,20,5,Rojo,1,1,1,80.8,19,4
2025-12-21,2025,52,La Libertad,Trujillo,El Porvenir,Costa,195000,Despliegue del modelo,0.13,26.0,10.2,76.1,324,16,5.02,21,0,2,0,0.0,10.77,17,4,Amarillo,0,0,0,0.0,17,0
2025-12-21,2025,52,La Libertad,Trujillo,La Esperanza,Costa,190000,Despliegue del modelo,0.13,27.6,12.4,74.5,526,33,6.35,14,1,3,0,0.0,7.37,19,5,Amarillo,0,0,0,0.0,15,1
2025-12-21,2025,52,La Libertad,Trujillo,Trujillo,Costa,320000,Despliegue del modelo,0.13,27.0,16.6,75.0,1129,49,4.35,28,0,3,0,0.0,8.75,24,4,Amarillo,0,0,0,0.0,22,0
2025-12-21,2025,52,Lambayeque,Chiclayo,Chiclayo,Costa,290000,Despliegue del modelo,0.13,27.5,10.6,80.2,562,25,4.48,15,0,1,0,0.0,5.17,19,4,Amarillo,0,0,0,0.0,20,5
2025-12-21,2025,52,Lambayeque,Chiclayo,Jose Leonardo Ortiz,Costa,195000,Despliegue del modelo,0.13,27.0,10.7,71.0,581,30,5.11,19,2,3,0,0.0,9.74,14,5,Amarillo,0,0,0,0.0,18,0
2025-12-21,2025,52,Lima,Lima,Comas,Costa,525000,Despliegue del modelo,0.13,26.5,14.3,77.5,1346,59,4.4,8,0,1,0,0.0,1.52,8,0,Verde,0,0,0,0.0,10,2
2025-12-21,2025,52,Lima,Lima,San Juan de Lurigancho,Costa,1120000,Despliegue del modelo,0.13,28.1,10.9,78.0,2662,121,4.55,26,0,2,0,0.0,2.32,29,3,Verde,0,0,0,0.0,25,0
2025-12-21,2025,52,Lima,Lima,Villa El Salvador,Costa,395000,Despliegue del modelo,0.13,27.8,14.4,77.2,677,32,4.72,4,0,0,0,0.0,1.01,9,5,Verde,0,0,0,0.0,7,3
2025-12-21,2025,52,Loreto,Maynas,Belen,Selva,78000,Despliegue del modelo,0.13,28.1,65.1,86.3,681,52,7.7,12,1,1,0,0.0,15.38,16,4,Rojo,1,1,1,70.6,18,6
2025-12-21,2025,52,Loreto,Maynas,Iquitos,Selva,165000,Despliegue del modelo,0.13,28.0,96.9,87.6,1307,105,8.07,22,1,3,0,0.0,13.33,23,1,Rojo,1,1,1,80.5,23,1
2025-12-21,2025,52,Piura,Piura,Castilla,Costa,145000,Despliegue del modelo,0.13,28.7,8.8,75.2,380,22,5.91,12,0,1,0,0.0,8.28,15,3,Amarillo,0,0,0,0.0,15,3
2025-12-21,2025,52,Piura,Piura,Catacaos,Costa,72000,Despliegue del modelo,0.13,27.3,11.3,79.1,120,5,4.05,3,1,1,0,0.0,4.17,8,5,Amarillo,0,0,0,0.0,7,4
2025-12-21,2025,52,Piura,Piura,Piura,Costa,215000,Despliegue del modelo,0.13,28.2,10.5,78.7,1542,79,5.14,35,2,2,0,0.0,16.28,27,8,Rojo,1,1,1,63.1,26,0
2025-12-21,2025,52,Piura,Sullana,Sullana,Costa,180000,Despliegue del modelo,0.13,28.3,10.9,78.3,1210,64,5.27,12,1,2,0,0.0,6.67,22,10,Rojo,1,0,1,81.3,21,9
2025-12-21,2025,52,Ucayali,Coronel P.,Calleria,Selva,200000,Despliegue del modelo,0.13,28.4,63.1,84.9,1259,93,7.36,23,2,5,0,0.0,11.5,38,15,Rojo,1,0,1,76.9,40,17
2025-12-21,2025,52,Ucayali,Coronel P.,Yarinacocha,Selva,105000,Despliegue del modelo,0.13,27.9,109.4,86.0,609,47,7.72,11,1,1,0,0.0,10.48,20,9,Rojo,1,0,1,79.0,20,9
